0,0
0.001,7.09229e-006
0.002,1.41846e-005
0.003,2.12769e-005
0.004,2.83692e-005
0.005,3.54615e-005
0.006,4.25538e-005
0.007,4.96461e-005
0.008,5.67383e-005
0.009,6.38306e-005
0.01,7.09229e-005
0.011,7.80152e-005
0.012,8.51076e-005
0.013,9.21999e-005
0.014,9.92922e-005
0.015,0.000106384
0.016,0.000113477
0.017,0.000120569
0.018,0.000127661
0.019,0.000134754
0.02,0.000141846
0.021,0.000148938
0.022,0.000156031
0.023,0.000163123
0.024,0.000170216
0.025,0.000177308
0.026,0.0001844
0.027,0.000191493
0.028,0.000198585
0.029,0.000205678
0.03,0.00021277
0.031,0.000219862
0.032,0.000226955
0.033,0.000234047
0.034,0.00024114
0.035,0.000248232
0.036,0.000255325
0.037,0.000262417
0.038,0.00026951
0.039,0.000276602
0.04,0.000283695
0.041,0.000290787
0.042,0.00029788
0.043,0.000304972
0.044,0.000312065
0.045,0.000319157
0.046,0.00032625
0.047,0.000333342
0.048,0.000340435
0.049,0.000347528
0.05,0.00035462
0.051,0.000361713
0.052,0.000368806
0.053,0.000375898
0.054,0.000382991
0.055,0.000390084
0.056,0.000397176
0.057,0.000404269
0.058,0.000411362
0.059,0.000418455
0.06,0.000425548
0.061,0.00043264
0.062,0.000439733
0.063,0.000446826
0.064,0.000453919
0.065,0.000461012
0.066,0.000468105
0.067,0.000475197
0.068,0.00048229
0.069,0.000489383
0.07,0.000496476
0.071,0.000503569
0.072,0.000510662
0.073,0.000517755
0.074,0.000524848
0.075,0.000531941
0.076,0.000539034
0.077,0.000546127
0.078,0.000553221
0.079,0.000560314
0.08,0.000567407
0.081,0.0005745
0.082,0.000581593
0.083,0.000588686
0.084,0.00059578
0.085,0.000602873
0.086,0.000609966
0.087,0.000617059
0.088,0.000624153
0.089,0.000631246
0.09,0.000638339
0.091,0.000645433
0.092,0.000652526
0.093,0.000659619
0.094,0.000666713
0.095,0.000673806
0.096,0.0006809
0.097,0.000687993
0.098,0.000695087
0.099,0.00070218
0.1,0.000709274
0.101,0.000716367
0.102,0.000723461
0.103,0.000730555
0.104,0.000737648
0.105,0.000744742
0.106,0.000751836
0.107,0.000758929
0.108,0.000766023
0.109,0.000773117
0.11,0.000780211
0.111,0.000787304
0.112,0.000794398
0.113,0.000801492
0.114,0.000808586
0.115,0.00081568
0.116,0.000822774
0.117,0.000829868
0.118,0.000836962
0.119,0.000844056
0.12,0.00085115
0.121,0.000858244
0.122,0.000865338
0.123,0.000872432
0.124,0.000879526
0.125,0.00088662
0.126,0.000893714
0.127,0.000900809
0.128,0.000907903
0.129,0.000914997
0.13,0.000922091
0.131,0.000929186
0.132,0.00093628
0.133,0.000943374
0.134,0.000950469
0.135,0.000957563
0.136,0.000964657
0.137,0.000971752
0.138,0.000978846
0.139,0.000985941
0.14,0.000993035
0.141,0.00100013
0.142,0.00100722
0.143,0.00101432
0.144,0.00102141
0.145,0.00102851
0.146,0.0010356
0.147,0.0010427
0.148,0.00104979
0.149,0.00105689
0.15,0.00106398
0.151,0.00107108
0.152,0.00107817
0.153,0.00108527
0.154,0.00109236
0.155,0.00109946
0.156,0.00110655
0.157,0.00111365
0.158,0.00112074
0.159,0.00112784
0.16,0.00113493
0.161,0.00114203
0.162,0.00114912
0.163,0.00115622
0.164,0.00116331
0.165,0.00117041
0.166,0.0011775
0.167,0.0011846
0.168,0.00119169
0.169,0.00119879
0.17,0.00120588
0.171,0.00121298
0.172,0.00122007
0.173,0.00122717
0.174,0.00123427
0.175,0.00124136
0.176,0.00124846
0.177,0.00125555
0.178,0.00126265
0.179,0.00126974
0.18,0.00127684
0.181,0.00128393
0.182,0.00129103
0.183,0.00129813
0.184,0.00130522
0.185,0.00131232
0.186,0.00131941
0.187,0.00132651
0.188,0.0013336
0.189,0.0013407
0.19,0.0013478
0.191,0.00135489
0.192,0.00136199
0.193,0.00136908
0.194,0.00137618
0.195,0.00138328
0.196,0.00139037
0.197,0.00139747
0.198,0.00140457
0.199,0.00141166
0.2,0.00141876
0.201,0.00142585
0.202,0.00143295
0.203,0.00144005
0.204,0.00144714
0.205,0.00145424
0.206,0.00146134
0.207,0.00146843
0.208,0.00147553
0.209,0.00148262
0.21,0.00148972
0.211,0.00149682
0.212,0.00150391
0.213,0.00151101
0.214,0.00151811
0.215,0.0015252
0.216,0.0015323
0.217,0.0015394
0.218,0.00154649
0.219,0.00155359
0.22,0.00156069
0.221,0.00156778
0.222,0.00157488
0.223,0.00158198
0.224,0.00158908
0.225,0.00159617
0.226,0.00160327
0.227,0.00161037
0.228,0.00161746
0.229,0.00162456
0.23,0.00163166
0.231,0.00163875
0.232,0.00164585
0.233,0.00165295
0.234,0.00166005
0.235,0.00166714
0.236,0.00167424
0.237,0.00168134
0.238,0.00168844
0.239,0.00169553
0.24,0.00170263
0.241,0.00170973
0.242,0.00171683
0.243,0.00172392
0.244,0.00173102
0.245,0.00173812
0.246,0.00174522
0.247,0.00175231
0.248,0.00175941
0.249,0.00176651
0.25,0.00177361
0.251,0.0017807
0.252,0.0017878
0.253,0.0017949
0.254,0.001802
0.255,0.0018091
0.256,0.00181619
0.257,0.00182329
0.258,0.00183039
0.259,0.00183749
0.26,0.00184459
0.261,0.00185168
0.262,0.00185878
0.263,0.00186588
0.264,0.00187298
0.265,0.00188008
0.266,0.00188717
0.267,0.00189427
0.268,0.00190137
0.269,0.00190847
0.27,0.00191557
0.271,0.00192267
0.272,0.00192976
0.273,0.00193686
0.274,0.00194396
0.275,0.00195106
0.276,0.00195816
0.277,0.00196526
0.278,0.00197236
0.279,0.00197945
0.28,0.00198655
0.281,0.00199365
0.282,0.00200075
0.283,0.00200785
0.284,0.00201495
0.285,0.00202205
0.286,0.00202915
0.287,0.00203624
0.288,0.00204334
0.289,0.00205044
0.29,0.00205754
0.291,0.00206464
0.292,0.00207174
0.293,0.00207884
0.294,0.00208594
0.295,0.00209304
0.296,0.00210014
0.297,0.00210724
0.298,0.00211433
0.299,0.00212143
0.3,0.00212853
0.301,0.00213563
0.302,0.00214273
0.303,0.00214983
0.304,0.00215693
0.305,0.00216403
0.306,0.00217113
0.307,0.00217823
0.308,0.00218533
0.309,0.00219243
0.31,0.00219953
0.311,0.00220663
0.312,0.00221373
0.313,0.00222083
0.314,0.00222793
0.315,0.00223503
0.316,0.00224213
0.317,0.00224923
0.318,0.00225633
0.319,0.00226343
0.32,0.00227053
0.321,0.00227763
0.322,0.00228473
0.323,0.00229183
0.324,0.00229893
0.325,0.00230603
0.326,0.00231313
0.327,0.00232023
0.328,0.00232733
0.329,0.00233443
0.33,0.00234153
0.331,0.00234863
0.332,0.00235573
0.333,0.00236283
0.334,0.00236993
0.335,0.00237703
0.336,0.00238413
0.337,0.00239123
0.338,0.00239833
0.339,0.00240543
0.34,0.00241253
0.341,0.00241963
0.342,0.00242673
0.343,0.00243383
0.344,0.00244093
0.345,0.00244803
0.346,0.00245514
0.347,0.00246224
0.348,0.00246934
0.349,0.00247644
0.35,0.00248354
0.351,0.00249064
0.352,0.00249774
0.353,0.00250484
0.354,0.00251194
0.355,0.00251904
0.356,0.00252615
0.357,0.00253325
0.358,0.00254035
0.359,0.00254745
0.36,0.00255455
0.361,0.00256165
0.362,0.00256875
0.363,0.00257585
0.364,0.00258296
0.365,0.00259006
0.366,0.00259716
0.367,0.00260426
0.368,0.00261136
0.369,0.00261846
0.37,0.00262556
0.371,0.00263267
0.372,0.00263977
0.373,0.00264687
0.374,0.00265397
0.375,0.00266107
0.376,0.00266817
0.377,0.00267528
0.378,0.00268238
0.379,0.00268948
0.38,0.00269658
0.381,0.00270368
0.382,0.00271079
0.383,0.00271789
0.384,0.00272499
0.385,0.00273209
0.386,0.00273919
0.387,0.0027463
0.388,0.0027534
0.389,0.0027605
0.39,0.0027676
0.391,0.0027747
0.392,0.00278181
0.393,0.00278891
0.394,0.00279601
0.395,0.00280311
0.396,0.00281022
0.397,0.00281732
0.398,0.00282442
0.399,0.00283152
0.4,0.00283863
0.401,0.00284573
0.402,0.00285283
0.403,0.00285993
0.404,0.00286704
0.405,0.00287414
0.406,0.00288124
0.407,0.00288834
0.408,0.00289545
0.409,0.00290255
0.41,0.00290965
0.411,0.00291676
0.412,0.00292386
0.413,0.00293096
0.414,0.00293806
0.415,0.00294517
0.416,0.00295227
0.417,0.00295937
0.418,0.00296648
0.419,0.00297358
0.42,0.00298068
0.421,0.00298779
0.422,0.00299489
0.423,0.00300199
0.424,0.0030091
0.425,0.0030162
0.426,0.0030233
0.427,0.00303041
0.428,0.00303751
0.429,0.00304461
0.43,0.00305172
0.431,0.00305882
0.432,0.00306592
0.433,0.00307303
0.434,0.00308013
0.435,0.00308723
0.436,0.00309434
0.437,0.00310144
0.438,0.00310855
0.439,0.00311565
0.44,0.00312275
0.441,0.00312986
0.442,0.00313696
0.443,0.00314407
0.444,0.00315117
0.445,0.00315827
0.446,0.00316538
0.447,0.00317248
0.448,0.00317959
0.449,0.00318669
0.45,0.00319379
0.451,0.0032009
0.452,0.003208
0.453,0.00321511
0.454,0.00322221
0.455,0.00322931
0.456,0.00323642
0.457,0.00324352
0.458,0.00325063
0.459,0.00325773
0.46,0.00326484
0.461,0.00327194
0.462,0.00327905
0.463,0.00328615
0.464,0.00329325
0.465,0.00330036
0.466,0.00330746
0.467,0.00331457
0.468,0.00332167
0.469,0.00332878
0.47,0.00333588
0.471,0.00334299
0.472,0.00335009
0.473,0.0033572
0.474,0.0033643
0.475,0.00337141
0.476,0.00337851
0.477,0.00338562
0.478,0.00339272
0.479,0.00339983
0.48,0.00340693
0.481,0.00341404
0.482,0.00342114
0.483,0.00342825
0.484,0.00343535
0.485,0.00344246
0.486,0.00344956
0.487,0.00345667
0.488,0.00346378
0.489,0.00347088
0.49,0.00347799
0.491,0.00348509
0.492,0.0034922
0.493,0.0034993
0.494,0.00350641
0.495,0.00351351
0.496,0.00352062
0.497,0.00352772
0.498,0.00353483
0.499,0.00354194
0.5,0.00354904
0.501,0.00355615
0.502,0.00356325
0.503,0.00357036
0.504,0.00357747
0.505,0.00358457
0.506,0.00359168
0.507,0.00359878
0.508,0.00360589
0.509,0.003613
0.51,0.0036201
0.511,0.00362721
0.512,0.00363431
0.513,0.00364142
0.514,0.00364853
0.515,0.00365563
0.516,0.00366274
0.517,0.00366985
0.518,0.00367695
0.519,0.00368406
0.52,0.00369116
0.521,0.00369827
0.522,0.00370538
0.523,0.00371248
0.524,0.00371959
0.525,0.0037267
0.526,0.0037338
0.527,0.00374091
0.528,0.00374802
0.529,0.00375512
0.53,0.00376223
0.531,0.00376934
0.532,0.00377644
0.533,0.00378355
0.534,0.00379066
0.535,0.00379776
0.536,0.00380487
0.537,0.00381198
0.538,0.00381909
0.539,0.00382619
0.54,0.0038333
0.541,0.00384041
0.542,0.00384751
0.543,0.00385462
0.544,0.00386173
0.545,0.00386884
0.546,0.00387594
0.547,0.00388305
0.548,0.00389016
0.549,0.00389726
0.55,0.00390437
0.551,0.00391148
0.552,0.00391859
0.553,0.00392569
0.554,0.0039328
0.555,0.00393991
0.556,0.00394702
0.557,0.00395412
0.558,0.00396123
0.559,0.00396834
0.56,0.00397545
0.561,0.00398256
0.562,0.00398966
0.563,0.00399677
0.564,0.00400388
0.565,0.00401099
0.566,0.00401809
0.567,0.0040252
0.568,0.00403231
0.569,0.00403942
0.57,0.00404653
0.571,0.00405363
0.572,0.00406074
0.573,0.00406785
0.574,0.00407496
0.575,0.00408207
0.576,0.00408918
0.577,0.00409628
0.578,0.00410339
0.579,0.0041105
0.58,0.00411761
0.581,0.00412472
0.582,0.00413183
0.583,0.00413893
0.584,0.00414604
0.585,0.00415315
0.586,0.00416026
0.587,0.00416737
0.588,0.00417448
0.589,0.00418159
0.59,0.00418869
0.591,0.0041958
0.592,0.00420291
0.593,0.00421002
0.594,0.00421713
0.595,0.00422424
0.596,0.00423135
0.597,0.00423846
0.598,0.00424557
0.599,0.00425267
0.6,0.00425978
0.601,0.00426689
0.602,0.004274
0.603,0.00428111
0.604,0.00428822
0.605,0.00429533
0.606,0.00430244
0.607,0.00430955
0.608,0.00431666
0.609,0.00432377
0.61,0.00433088
0.611,0.00433798
0.612,0.00434509
0.613,0.0043522
0.614,0.00435931
0.615,0.00436642
0.616,0.00437353
0.617,0.00438064
0.618,0.00438775
0.619,0.00439486
0.62,0.00440197
0.621,0.00440908
0.622,0.00441619
0.623,0.0044233
0.624,0.00443041
0.625,0.00443752
0.626,0.00444463
0.627,0.00445174
0.628,0.00445885
0.629,0.00446596
0.63,0.00447307
0.631,0.00448018
0.632,0.00448729
0.633,0.0044944
0.634,0.00450151
0.635,0.00450862
0.636,0.00451573
0.637,0.00452284
0.638,0.00452995
0.639,0.00453706
0.64,0.00454417
0.641,0.00455128
0.642,0.00455839
0.643,0.0045655
0.644,0.00457261
0.645,0.00457972
0.646,0.00458683
0.647,0.00459394
0.648,0.00460105
0.649,0.00460816
0.65,0.00461528
0.651,0.00462239
0.652,0.0046295
0.653,0.00463661
0.654,0.00464372
0.655,0.00465083
0.656,0.00465794
0.657,0.00466505
0.658,0.00467216
0.659,0.00467927
0.66,0.00468638
0.661,0.00469349
0.662,0.00470061
0.663,0.00470772
0.664,0.00471483
0.665,0.00472194
0.666,0.00472905
0.667,0.00473616
0.668,0.00474327
0.669,0.00475038
0.67,0.00475749
0.671,0.00476461
0.672,0.00477172
0.673,0.00477883
0.674,0.00478594
0.675,0.00479305
0.676,0.00480016
0.677,0.00480727
0.678,0.00481439
0.679,0.0048215
0.68,0.00482861
0.681,0.00483572
0.682,0.00484283
0.683,0.00484994
0.684,0.00485706
0.685,0.00486417
0.686,0.00487128
0.687,0.00487839
0.688,0.0048855
0.689,0.00489262
0.69,0.00489973
0.691,0.00490684
0.692,0.00491395
0.693,0.00492106
0.694,0.00492818
0.695,0.00493529
0.696,0.0049424
0.697,0.00494951
0.698,0.00495662
0.699,0.00496374
0.7,0.00497085
0.701,0.00497796
0.702,0.00498507
0.703,0.00499219
0.704,0.0049993
0.705,0.00500641
0.706,0.00501352
0.707,0.00502064
0.708,0.00502775
0.709,0.00503486
0.71,0.00504197
0.711,0.00504909
0.712,0.0050562
0.713,0.00506331
0.714,0.00507042
0.715,0.00507754
0.716,0.00508465
0.717,0.00509176
0.718,0.00509887
0.719,0.00510599
0.72,0.0051131
0.721,0.00512021
0.722,0.00512733
0.723,0.00513444
0.724,0.00514155
0.725,0.00514867
0.726,0.00515578
0.727,0.00516289
0.728,0.00517
0.729,0.00517712
0.73,0.00518423
0.731,0.00519134
0.732,0.00519846
0.733,0.00520557
0.734,0.00521268
0.735,0.0052198
0.736,0.00522691
0.737,0.00523402
0.738,0.00524114
0.739,0.00524825
0.74,0.00525536
0.741,0.00526248
0.742,0.00526959
0.743,0.00527671
0.744,0.00528382
0.745,0.00529093
0.746,0.00529805
0.747,0.00530516
0.748,0.00531227
0.749,0.00531939
0.75,0.0053265
0.751,0.00533362
0.752,0.00534073
0.753,0.00534784
0.754,0.00535496
0.755,0.00536207
0.756,0.00536919
0.757,0.0053763
0.758,0.00538341
0.759,0.00539053
0.76,0.00539764
0.761,0.00540476
0.762,0.00541187
0.763,0.00541899
0.764,0.0054261
0.765,0.00543321
0.766,0.00544033
0.767,0.00544744
0.768,0.00545456
0.769,0.00546167
0.77,0.00546879
0.771,0.0054759
0.772,0.00548302
0.773,0.00549013
0.774,0.00549724
0.775,0.00550436
0.776,0.00551147
0.777,0.00551859
0.778,0.0055257
0.779,0.00553282
0.78,0.00553993
0.781,0.00554705
0.782,0.00555416
0.783,0.00556128
0.784,0.00556839
0.785,0.00557551
0.786,0.00558262
0.787,0.00558974
0.788,0.00559685
0.789,0.00560397
0.79,0.00561108
0.791,0.0056182
0.792,0.00562531
0.793,0.00563243
0.794,0.00563954
0.795,0.00564666
0.796,0.00565377
0.797,0.00566089
0.798,0.00566801
0.799,0.00567512
0.8,0.00568224
0.801,0.00568935
0.802,0.00569647
0.803,0.00570358
0.804,0.0057107
0.805,0.00571781
0.806,0.00572493
0.807,0.00573205
0.808,0.00573916
0.809,0.00574628
0.81,0.00575339
0.811,0.00576051
0.812,0.00576762
0.813,0.00577474
0.814,0.00578186
0.815,0.00578897
0.816,0.00579609
0.817,0.0058032
0.818,0.00581032
0.819,0.00581744
0.82,0.00582455
0.821,0.00583167
0.822,0.00583878
0.823,0.0058459
0.824,0.00585302
0.825,0.00586013
0.826,0.00586725
0.827,0.00587437
0.828,0.00588148
0.829,0.0058886
0.83,0.00589571
0.831,0.00590283
0.832,0.00590995
0.833,0.00591706
0.834,0.00592418
0.835,0.0059313
0.836,0.00593841
0.837,0.00594553
0.838,0.00595265
0.839,0.00595976
0.84,0.00596688
0.841,0.005974
0.842,0.00598111
0.843,0.00598823
0.844,0.00599535
0.845,0.00600247
0.846,0.00600958
0.847,0.0060167
0.848,0.00602382
0.849,0.00603093
0.85,0.00603805
0.851,0.00604517
0.852,0.00605228
0.853,0.0060594
0.854,0.00606652
0.855,0.00607364
0.856,0.00608075
0.857,0.00608787
0.858,0.00609499
0.859,0.00610211
0.86,0.00610922
0.861,0.00611634
0.862,0.00612346
0.863,0.00613057
0.864,0.00613769
0.865,0.00614481
0.866,0.00615193
0.867,0.00615905
0.868,0.00616616
0.869,0.00617328
0.87,0.0061804
0.871,0.00618752
0.872,0.00619463
0.873,0.00620175
0.874,0.00620887
0.875,0.00621599
0.876,0.00622311
0.877,0.00623022
0.878,0.00623734
0.879,0.00624446
0.88,0.00625158
0.881,0.0062587
0.882,0.00626581
0.883,0.00627293
0.884,0.00628005
0.885,0.00628717
0.886,0.00629429
0.887,0.0063014
0.888,0.00630852
0.889,0.00631564
0.89,0.00632276
0.891,0.00632988
0.892,0.006337
0.893,0.00634411
0.894,0.00635123
0.895,0.00635835
0.896,0.00636547
0.897,0.00637259
0.898,0.00637971
0.899,0.00638683
0.9,0.00639394
0.901,0.00640106
0.902,0.00640818
0.903,0.0064153
0.904,0.00642242
0.905,0.00642954
0.906,0.00643666
0.907,0.00644378
0.908,0.00645089
0.909,0.00645801
0.91,0.00646513
0.911,0.00647225
0.912,0.00647937
0.913,0.00648649
0.914,0.00649361
0.915,0.00650073
0.916,0.00650785
0.917,0.00651497
0.918,0.00652209
0.919,0.0065292
0.92,0.00653632
0.921,0.00654344
0.922,0.00655056
0.923,0.00655768
0.924,0.0065648
0.925,0.00657192
0.926,0.00657904
0.927,0.00658616
0.928,0.00659328
0.929,0.0066004
0.93,0.00660752
0.931,0.00661464
0.932,0.00662176
0.933,0.00662888
0.934,0.006636
0.935,0.00664312
0.936,0.00665024
0.937,0.00665736
0.938,0.00666448
0.939,0.0066716
0.94,0.00667872
0.941,0.00668584
0.942,0.00669296
0.943,0.00670008
0.944,0.0067072
0.945,0.00671432
0.946,0.00672144
0.947,0.00672856
0.948,0.00673568
0.949,0.0067428
0.95,0.00674992
0.951,0.00675704
0.952,0.00676416
0.953,0.00677128
0.954,0.0067784
0.955,0.00678552
0.956,0.00679264
0.957,0.00679976
0.958,0.00680688
0.959,0.006814
0.96,0.00682112
0.961,0.00682824
0.962,0.00683536
0.963,0.00684248
0.964,0.0068496
0.965,0.00685673
0.966,0.00686385
0.967,0.00687097
0.968,0.00687809
0.969,0.00688521
0.97,0.00689233
0.971,0.00689945
0.972,0.00690657
0.973,0.00691369
0.974,0.00692081
0.975,0.00692793
0.976,0.00693506
0.977,0.00694218
0.978,0.0069493
0.979,0.00695642
0.98,0.00696354
0.981,0.00697066
0.982,0.00697778
0.983,0.0069849
0.984,0.00699202
0.985,0.00699915
0.986,0.00700627
0.987,0.00701339
0.988,0.00702051
0.989,0.00702763
0.99,0.00703475
0.991,0.00704187
0.992,0.007049
0.993,0.00705612
0.994,0.00706324
0.995,0.00707036
0.996,0.00707748
0.997,0.0070846
0.998,0.00709173
0.999,0.00709885
1,0.00710597
1.001,0.00711309
1.002,0.00712021
1.003,0.00712734
1.004,0.00713446
1.005,0.00714158
1.006,0.0071487
1.007,0.00715582
1.008,0.00716295
1.009,0.00717007
1.01,0.00717719
1.011,0.00718431
1.012,0.00719143
1.013,0.00719856
1.014,0.00720568
1.015,0.0072128
1.016,0.00721992
1.017,0.00722705
1.018,0.00723417
1.019,0.00724129
1.02,0.00724841
1.021,0.00725554
1.022,0.00726266
1.023,0.00726978
1.024,0.0072769
1.025,0.00728403
1.026,0.00729115
1.027,0.00729827
1.028,0.00730539
1.029,0.00731252
1.03,0.00731964
1.031,0.00732676
1.032,0.00733388
1.033,0.00734101
1.034,0.00734813
1.035,0.00735525
1.036,0.00736238
1.037,0.0073695
1.038,0.00737662
1.039,0.00738375
1.04,0.00739087
1.041,0.00739799
1.042,0.00740511
1.043,0.00741224
1.044,0.00741936
1.045,0.00742648
1.046,0.00743361
1.047,0.00744073
1.048,0.00744785
1.049,0.00745498
1.05,0.0074621
1.051,0.00746922
1.052,0.00747635
1.053,0.00748347
1.054,0.00749059
1.055,0.00749772
1.056,0.00750484
1.057,0.00751197
1.058,0.00751909
1.059,0.00752621
1.06,0.00753334
1.061,0.00754046
1.062,0.00754758
1.063,0.00755471
1.064,0.00756183
1.065,0.00756896
1.066,0.00757608
1.067,0.0075832
1.068,0.00759033
1.069,0.00759745
1.07,0.00760457
1.071,0.0076117
1.072,0.00761882
1.073,0.00762595
1.074,0.00763307
1.075,0.0076402
1.076,0.00764732
1.077,0.00765444
1.078,0.00766157
1.079,0.00766869
1.08,0.00767582
1.081,0.00768294
1.082,0.00769007
1.083,0.00769719
1.084,0.00770431
1.085,0.00771144
1.086,0.00771856
1.087,0.00772569
1.088,0.00773281
1.089,0.00773994
1.09,0.00774706
1.091,0.00775419
1.092,0.00776131
1.093,0.00776844
1.094,0.00777556
1.095,0.00778268
1.096,0.00778981
1.097,0.00779693
1.098,0.00780406
1.099,0.00781118
1.1,0.00781831
1.101,0.00782543
1.102,0.00783256
1.103,0.00783968
1.104,0.00784681
1.105,0.00785393
1.106,0.00786106
1.107,0.00786818
1.108,0.00787531
1.109,0.00788243
1.11,0.00788956
1.111,0.00789668
1.112,0.00790381
1.113,0.00791094
1.114,0.00791806
1.115,0.00792519
1.116,0.00793231
1.117,0.00793944
1.118,0.00794656
1.119,0.00795369
1.12,0.00796081
1.121,0.00796794
1.122,0.00797506
1.123,0.00798219
1.124,0.00798932
1.125,0.00799644
1.126,0.00800357
1.127,0.00801069
1.128,0.00801782
1.129,0.00802494
1.13,0.00803207
1.131,0.0080392
1.132,0.00804632
1.133,0.00805345
1.134,0.00806057
1.135,0.0080677
1.136,0.00807483
1.137,0.00808195
1.138,0.00808908
1.139,0.0080962
1.14,0.00810333
1.141,0.00811046
1.142,0.00811758
1.143,0.00812471
1.144,0.00813184
1.145,0.00813896
1.146,0.00814609
1.147,0.00815321
1.148,0.00816034
1.149,0.00816747
1.15,0.00817459
1.151,0.00818172
1.152,0.00818885
1.153,0.00819597
1.154,0.0082031
1.155,0.00821023
1.156,0.00821735
1.157,0.00822448
1.158,0.00823161
1.159,0.00823873
1.16,0.00824586
1.161,0.00825299
1.162,0.00826011
1.163,0.00826724
1.164,0.00827437
1.165,0.00828149
1.166,0.00828862
1.167,0.00829575
1.168,0.00830287
1.169,0.00831
1.17,0.00831713
1.171,0.00832426
1.172,0.00833138
1.173,0.00833851
1.174,0.00834564
1.175,0.00835276
1.176,0.00835989
1.177,0.00836702
1.178,0.00837415
1.179,0.00838127
1.18,0.0083884
1.181,0.00839553
1.182,0.00840265
1.183,0.00840978
1.184,0.00841691
1.185,0.00842404
1.186,0.00843116
1.187,0.00843829
1.188,0.00844542
1.189,0.00845255
1.19,0.00845967
1.191,0.0084668
1.192,0.00847393
1.193,0.00848106
1.194,0.00848819
1.195,0.00849531
1.196,0.00850244
1.197,0.00850957
1.198,0.0085167
1.199,0.00852382
1.2,0.00853095
1.201,0.00853808
1.202,0.00854521
1.203,0.00855234
1.204,0.00855946
1.205,0.00856659
1.206,0.00857372
1.207,0.00858085
1.208,0.00858798
1.209,0.00859511
1.21,0.00860223
1.211,0.00860936
1.212,0.00861649
1.213,0.00862362
1.214,0.00863075
1.215,0.00863787
1.216,0.008645
1.217,0.00865213
1.218,0.00865926
1.219,0.00866639
1.22,0.00867352
1.221,0.00868065
1.222,0.00868777
1.223,0.0086949
1.224,0.00870203
1.225,0.00870916
1.226,0.00871629
1.227,0.00872342
1.228,0.00873055
1.229,0.00873767
1.23,0.0087448
1.231,0.00875193
1.232,0.00875906
1.233,0.00876619
1.234,0.00877332
1.235,0.00878045
1.236,0.00878758
1.237,0.00879471
1.238,0.00880183
1.239,0.00880896
1.24,0.00881609
1.241,0.00882322
1.242,0.00883035
1.243,0.00883748
1.244,0.00884461
1.245,0.00885174
1.246,0.00885887
1.247,0.008866
1.248,0.00887313
1.249,0.00888026
1.25,0.00888739
1.251,0.00889451
1.252,0.00890164
1.253,0.00890877
1.254,0.0089159
1.255,0.00892303
1.256,0.00893016
1.257,0.00893729
1.258,0.00894442
1.259,0.00895155
1.26,0.00895868
1.261,0.00896581
1.262,0.00897294
1.263,0.00898007
1.264,0.0089872
1.265,0.00899433
1.266,0.00900146
1.267,0.00900859
1.268,0.00901572
1.269,0.00902285
1.27,0.00902998
1.271,0.00903711
1.272,0.00904424
1.273,0.00905137
1.274,0.0090585
1.275,0.00906563
1.276,0.00907276
1.277,0.00907989
1.278,0.00908702
1.279,0.00909415
1.28,0.00910128
1.281,0.00910841
1.282,0.00911554
1.283,0.00912267
1.284,0.0091298
1.285,0.00913693
1.286,0.00914406
1.287,0.00915119
1.288,0.00915832
1.289,0.00916545
1.29,0.00917258
1.291,0.00917971
1.292,0.00918684
1.293,0.00919397
1.294,0.0092011
1.295,0.00920824
1.296,0.00921537
1.297,0.0092225
1.298,0.00922963
1.299,0.00923676
1.3,0.00924389
1.301,0.00925102
1.302,0.00925815
1.303,0.00926528
1.304,0.00927241
1.305,0.00927954
1.306,0.00928667
1.307,0.0092938
1.308,0.00930094
1.309,0.00930807
1.31,0.0093152
1.311,0.00932233
1.312,0.00932946
1.313,0.00933659
1.314,0.00934372
1.315,0.00935085
1.316,0.00935798
1.317,0.00936512
1.318,0.00937225
1.319,0.00937938
1.32,0.00938651
1.321,0.00939364
1.322,0.00940077
1.323,0.0094079
1.324,0.00941504
1.325,0.00942217
1.326,0.0094293
1.327,0.00943643
1.328,0.00944356
1.329,0.00945069
1.33,0.00945782
1.331,0.00946496
1.332,0.00947209
1.333,0.00947922
1.334,0.00948635
1.335,0.00949348
1.336,0.00950061
1.337,0.00950775
1.338,0.00951488
1.339,0.00952201
1.34,0.00952914
1.341,0.00953627
1.342,0.0095434
1.343,0.00955054
1.344,0.00955767
1.345,0.0095648
1.346,0.00957193
1.347,0.00957906
1.348,0.0095862
1.349,0.00959333
1.35,0.00960046
1.351,0.00960759
1.352,0.00961473
1.353,0.00962186
1.354,0.00962899
1.355,0.00963612
1.356,0.00964325
1.357,0.00965039
1.358,0.00965752
1.359,0.00966465
1.36,0.00967178
1.361,0.00967892
1.362,0.00968605
1.363,0.00969318
1.364,0.00970031
1.365,0.00970745
1.366,0.00971458
1.367,0.00972171
1.368,0.00972884
1.369,0.00973598
1.37,0.00974311
1.371,0.00975024
1.372,0.00975737
1.373,0.00976451
1.374,0.00977164
1.375,0.00977877
1.376,0.0097859
1.377,0.00979304
1.378,0.00980017
1.379,0.0098073
1.38,0.00981444
1.381,0.00982157
1.382,0.0098287
1.383,0.00983583
1.384,0.00984297
1.385,0.0098501
1.386,0.00985723
1.387,0.00986437
1.388,0.0098715
1.389,0.00987863
1.39,0.00988577
1.391,0.0098929
1.392,0.00990003
1.393,0.00990717
1.394,0.0099143
1.395,0.00992143
1.396,0.00992857
1.397,0.0099357
1.398,0.00994283
1.399,0.00994997
1.4,0.0099571
1.401,0.00996423
1.402,0.00997137
1.403,0.0099785
1.404,0.00998563
1.405,0.00999277
1.406,0.0099999
1.407,0.010007
1.408,0.0100142
1.409,0.0100213
1.41,0.0100284
1.411,0.0100356
1.412,0.0100427
1.413,0.0100498
1.414,0.010057
1.415,0.0100641
1.416,0.0100712
1.417,0.0100784
1.418,0.0100855
1.419,0.0100926
1.42,0.0100998
1.421,0.0101069
1.422,0.010114
1.423,0.0101212
1.424,0.0101283
1.425,0.0101354
1.426,0.0101426
1.427,0.0101497
1.428,0.0101568
1.429,0.010164
1.43,0.0101711
1.431,0.0101782
1.432,0.0101854
1.433,0.0101925
1.434,0.0101996
1.435,0.0102068
1.436,0.0102139
1.437,0.0102211
1.438,0.0102282
1.439,0.0102353
1.44,0.0102425
1.441,0.0102496
1.442,0.0102567
1.443,0.0102639
1.444,0.010271
1.445,0.0102781
1.446,0.0102853
1.447,0.0102924
1.448,0.0102995
1.449,0.0103067
1.45,0.0103138
1.451,0.0103209
1.452,0.0103281
1.453,0.0103352
1.454,0.0103423
1.455,0.0103495
1.456,0.0103566
1.457,0.0103637
1.458,0.0103709
1.459,0.010378
1.46,0.0103851
1.461,0.0103923
1.462,0.0103994
1.463,0.0104065
1.464,0.0104137
1.465,0.0104208
1.466,0.010428
1.467,0.0104351
1.468,0.0104422
1.469,0.0104494
1.47,0.0104565
1.471,0.0104636
1.472,0.0104708
1.473,0.0104779
1.474,0.010485
1.475,0.0104922
1.476,0.0104993
1.477,0.0105064
1.478,0.0105136
1.479,0.0105207
1.48,0.0105278
1.481,0.010535
1.482,0.0105421
1.483,0.0105493
1.484,0.0105564
1.485,0.0105635
1.486,0.0105707
1.487,0.0105778
1.488,0.0105849
1.489,0.0105921
1.49,0.0105992
1.491,0.0106063
1.492,0.0106135
1.493,0.0106206
1.494,0.0106277
1.495,0.0106349
1.496,0.010642
1.497,0.0106491
1.498,0.0106563
1.499,0.0106634
1.5,0.0106706
1.501,0.0106777
1.502,0.0106848
1.503,0.010692
1.504,0.0106991
1.505,0.0107062
1.506,0.0107134
1.507,0.0107205
1.508,0.0107276
1.509,0.0107348
1.51,0.0107419
1.511,0.010749
1.512,0.0107562
1.513,0.0107633
1.514,0.0107705
1.515,0.0107776
1.516,0.0107847
1.517,0.0107919
1.518,0.010799
1.519,0.0108061
1.52,0.0108133
1.521,0.0108204
1.522,0.0108275
1.523,0.0108347
1.524,0.0108418
1.525,0.010849
1.526,0.0108561
1.527,0.0108632
1.528,0.0108704
1.529,0.0108775
1.53,0.0108846
1.531,0.0108918
1.532,0.0108989
1.533,0.010906
1.534,0.0109132
1.535,0.0109203
1.536,0.0109275
1.537,0.0109346
1.538,0.0109417
1.539,0.0109489
1.54,0.010956
1.541,0.0109631
1.542,0.0109703
1.543,0.0109774
1.544,0.0109845
1.545,0.0109917
1.546,0.0109988
1.547,0.011006
1.548,0.0110131
1.549,0.0110202
1.55,0.0110274
1.551,0.0110345
1.552,0.0110416
1.553,0.0110488
1.554,0.0110559
1.555,0.011063
1.556,0.0110702
1.557,0.0110773
1.558,0.0110845
1.559,0.0110916
1.56,0.0110987
1.561,0.0111059
1.562,0.011113
1.563,0.0111201
1.564,0.0111273
1.565,0.0111344
1.566,0.0111416
1.567,0.0111487
1.568,0.0111558
1.569,0.011163
1.57,0.0111701
1.571,0.0111772
1.572,0.0111844
1.573,0.0111915
1.574,0.0111987
1.575,0.0112058
1.576,0.0112129
1.577,0.0112201
1.578,0.0112272
1.579,0.0112343
1.58,0.0112415
1.581,0.0112486
1.582,0.0112557
1.583,0.0112629
1.584,0.01127
1.585,0.0112772
1.586,0.0112843
1.587,0.0112914
1.588,0.0112986
1.589,0.0113057
1.59,0.0113128
1.591,0.01132
1.592,0.0113271
1.593,0.0113343
1.594,0.0113414
1.595,0.0113485
1.596,0.0113557
1.597,0.0113628
1.598,0.0113699
1.599,0.0113771
1.6,0.0113842
1.601,0.0113914
1.602,0.0113985
1.603,0.0114056
1.604,0.0114128
1.605,0.0114199
1.606,0.011427
1.607,0.0114342
1.608,0.0114413
1.609,0.0114485
1.61,0.0114556
1.611,0.0114627
1.612,0.0114699
1.613,0.011477
1.614,0.0114842
1.615,0.0114913
1.616,0.0114984
1.617,0.0115056
1.618,0.0115127
1.619,0.0115198
1.62,0.011527
1.621,0.0115341
1.622,0.0115413
1.623,0.0115484
1.624,0.0115555
1.625,0.0115627
1.626,0.0115698
1.627,0.0115769
1.628,0.0115841
1.629,0.0115912
1.63,0.0115984
1.631,0.0116055
1.632,0.0116126
1.633,0.0116198
1.634,0.0116269
1.635,0.011634
1.636,0.0116412
1.637,0.0116483
1.638,0.0116555
1.639,0.0116626
1.64,0.0116697
1.641,0.0116769
1.642,0.011684
1.643,0.0116912
1.644,0.0116983
1.645,0.0117054
1.646,0.0117126
1.647,0.0117197
1.648,0.0117268
1.649,0.011734
1.65,0.0117411
1.651,0.0117483
1.652,0.0117554
1.653,0.0117625
1.654,0.0117697
1.655,0.0117768
1.656,0.011784
1.657,0.0117911
1.658,0.0117982
1.659,0.0118054
1.66,0.0118125
1.661,0.0118196
1.662,0.0118268
1.663,0.0118339
1.664,0.0118411
1.665,0.0118482
1.666,0.0118553
1.667,0.0118625
1.668,0.0118696
1.669,0.0118768
1.67,0.0118839
1.671,0.011891
1.672,0.0118982
1.673,0.0119053
1.674,0.0119124
1.675,0.0119196
1.676,0.0119267
1.677,0.0119339
1.678,0.011941
1.679,0.0119481
1.68,0.0119553
1.681,0.0119624
1.682,0.0119696
1.683,0.0119767
1.684,0.0119838
1.685,0.011991
1.686,0.0119981
1.687,0.0120053
1.688,0.0120124
1.689,0.0120195
1.69,0.0120267
1.691,0.0120338
1.692,0.0120409
1.693,0.0120481
1.694,0.0120552
1.695,0.0120624
1.696,0.0120695
1.697,0.0120766
1.698,0.0120838
1.699,0.0120909
1.7,0.0120981
1.701,0.0121052
1.702,0.0121123
1.703,0.0121195
1.704,0.0121266
1.705,0.0121338
1.706,0.0121409
1.707,0.012148
1.708,0.0121552
1.709,0.0121623
1.71,0.0121694
1.711,0.0121766
1.712,0.0121837
1.713,0.0121909
1.714,0.012198
1.715,0.0122051
1.716,0.0122123
1.717,0.0122194
1.718,0.0122266
1.719,0.0122337
1.72,0.0122408
1.721,0.012248
1.722,0.0122551
1.723,0.0122623
1.724,0.0122694
1.725,0.0122765
1.726,0.0122837
1.727,0.0122908
1.728,0.012298
1.729,0.0123051
1.73,0.0123122
1.731,0.0123194
1.732,0.0123265
1.733,0.0123337
1.734,0.0123408
1.735,0.0123479
1.736,0.0123551
1.737,0.0123622
1.738,0.0123693
1.739,0.0123765
1.74,0.0123836
1.741,0.0123908
1.742,0.0123979
1.743,0.012405
1.744,0.0124122
1.745,0.0124193
1.746,0.0124265
1.747,0.0124336
1.748,0.0124407
1.749,0.0124479
1.75,0.012455
1.751,0.0124622
1.752,0.0124693
1.753,0.0124764
1.754,0.0124836
1.755,0.0124907
1.756,0.0124979
1.757,0.012505
1.758,0.0125121
1.759,0.0125193
1.76,0.0125264
1.761,0.0125336
1.762,0.0125407
1.763,0.0125478
1.764,0.012555
1.765,0.0125621
1.766,0.0125693
1.767,0.0125764
1.768,0.0125835
1.769,0.0125907
1.77,0.0125978
1.771,0.012605
1.772,0.0126121
1.773,0.0126192
1.774,0.0126264
1.775,0.0126335
1.776,0.0126407
1.777,0.0126478
1.778,0.0126549
1.779,0.0126621
1.78,0.0126692
1.781,0.0126763
1.782,0.0126835
1.783,0.0126906
1.784,0.0126978
1.785,0.0127049
1.786,0.012712
1.787,0.0127192
1.788,0.0127263
1.789,0.0127335
1.79,0.0127406
1.791,0.0127477
1.792,0.0127549
1.793,0.012762
1.794,0.0127692
1.795,0.0127763
1.796,0.0127834
1.797,0.0127906
1.798,0.0127977
1.799,0.0128049
1.8,0.012812
1.801,0.0128191
1.802,0.0128263
1.803,0.0128334
1.804,0.0128406
1.805,0.0128477
1.806,0.0128548
1.807,0.012862
1.808,0.0128691
1.809,0.0128763
1.81,0.0128834
1.811,0.0128905
1.812,0.0128977
1.813,0.0129048
1.814,0.012912
1.815,0.0129191
1.816,0.0129262
1.817,0.0129334
1.818,0.0129405
1.819,0.0129477
1.82,0.0129548
1.821,0.0129619
1.822,0.0129691
1.823,0.0129762
1.824,0.0129834
1.825,0.0129905
1.826,0.0129976
1.827,0.0130048
1.828,0.0130119
1.829,0.0130191
1.83,0.0130262
1.831,0.0130333
1.832,0.0130405
1.833,0.0130476
1.834,0.0130548
1.835,0.0130619
1.836,0.013069
1.837,0.0130762
1.838,0.0130833
1.839,0.0130905
1.84,0.0130976
1.841,0.0131047
1.842,0.0131119
1.843,0.013119
1.844,0.0131262
1.845,0.0131333
1.846,0.0131404
1.847,0.0131476
1.848,0.0131547
1.849,0.0131619
1.85,0.013169
1.851,0.0131761
1.852,0.0131833
1.853,0.0131904
1.854,0.0131976
1.855,0.0132047
1.856,0.0132118
1.857,0.013219
1.858,0.0132261
1.859,0.0132333
1.86,0.0132404
1.861,0.0132475
1.862,0.0132547
1.863,0.0132618
1.864,0.013269
1.865,0.0132761
1.866,0.0132832
1.867,0.0132904
1.868,0.0132975
1.869,0.0133047
1.87,0.0133118
1.871,0.0133189
1.872,0.0133261
1.873,0.0133332
1.874,0.0133404
1.875,0.0133475
1.876,0.0133546
1.877,0.0133618
1.878,0.0133689
1.879,0.0133761
1.88,0.0133832
1.881,0.0133903
1.882,0.0133975
1.883,0.0134046
1.884,0.0134118
1.885,0.0134189
1.886,0.013426
1.887,0.0134332
1.888,0.0134403
1.889,0.0134475
1.89,0.0134546
1.891,0.0134617
1.892,0.0134689
1.893,0.013476
1.894,0.0134832
1.895,0.0134903
1.896,0.0134974
1.897,0.0135046
1.898,0.0135117
1.899,0.0135189
1.9,0.013526
1.901,0.0135331
1.902,0.0135403
1.903,0.0135474
1.904,0.0135546
1.905,0.0135617
1.906,0.0135688
1.907,0.013576
1.908,0.0135831
1.909,0.0135903
1.91,0.0135974
1.911,0.0136045
1.912,0.0136117
1.913,0.0136188
1.914,0.013626
1.915,0.0136331
1.916,0.0136402
1.917,0.0136474
1.918,0.0136545
1.919,0.0136617
1.92,0.0136688
1.921,0.0136759
1.922,0.0136831
1.923,0.0136902
1.924,0.0136974
1.925,0.0137045
1.926,0.0137116
1.927,0.0137188
1.928,0.0137259
1.929,0.0137331
1.93,0.0137402
1.931,0.0137473
1.932,0.0137545
1.933,0.0137616
1.934,0.0137687
1.935,0.0137759
1.936,0.013783
1.937,0.0137902
1.938,0.0137973
1.939,0.0138044
1.94,0.0138116
1.941,0.0138187
1.942,0.0138259
1.943,0.013833
1.944,0.0138401
1.945,0.0138473
1.946,0.0138544
1.947,0.0138616
1.948,0.0138687
1.949,0.0138758
1.95,0.013883
1.951,0.0138901
1.952,0.0138973
1.953,0.0139044
1.954,0.0139115
1.955,0.0139187
1.956,0.0139258
1.957,0.013933
1.958,0.0139401
1.959,0.0139472
1.96,0.0139544
1.961,0.0139615
1.962,0.0139687
1.963,0.0139758
1.964,0.0139829
1.965,0.0139901
1.966,0.0139972
1.967,0.0140044
1.968,0.0140115
1.969,0.0140186
1.97,0.0140258
1.971,0.0140329
1.972,0.0140401
1.973,0.0140472
1.974,0.0140543
1.975,0.0140615
1.976,0.0140686
1.977,0.0140758
1.978,0.0140829
1.979,0.01409
1.98,0.0140972
1.981,0.0141043
1.982,0.0141114
1.983,0.0141186
1.984,0.0141257
1.985,0.0141329
1.986,0.01414
1.987,0.0141471
1.988,0.0141543
1.989,0.0141614
1.99,0.0141686
1.991,0.0141757
1.992,0.0141828
1.993,0.01419
1.994,0.0141971
1.995,0.0142043
1.996,0.0142114
1.997,0.0142185
1.998,0.0142257
1.999,0.0142328
2,0.01424
2.001,0.0142471
2.002,0.0142542
2.003,0.0142614
2.004,0.0142685
2.005,0.0142757
2.006,0.0142828
2.007,0.0142899
2.008,0.0142971
2.009,0.0143042
2.01,0.0143113
2.011,0.0143185
2.012,0.0143256
2.013,0.0143328
2.014,0.0143399
2.015,0.014347
2.016,0.0143542
2.017,0.0143613
2.018,0.0143685
2.019,0.0143756
2.02,0.0143827
2.021,0.0143899
2.022,0.014397
2.023,0.0144042
2.024,0.0144113
2.025,0.0144184
2.026,0.0144256
2.027,0.0144327
2.028,0.0144398
2.029,0.014447
2.03,0.0144541
2.031,0.0144613
2.032,0.0144684
2.033,0.0144755
2.034,0.0144827
2.035,0.0144898
2.036,0.014497
2.037,0.0145041
2.038,0.0145112
2.039,0.0145184
2.04,0.0145255
2.041,0.0145326
2.042,0.0145398
2.043,0.0145469
2.044,0.0145541
2.045,0.0145612
2.046,0.0145683
2.047,0.0145755
2.048,0.0145826
2.049,0.0145898
2.05,0.0145969
2.051,0.014604
2.052,0.0146112
2.053,0.0146183
2.054,0.0146254
2.055,0.0146326
2.056,0.0146397
2.057,0.0146469
2.058,0.014654
2.059,0.0146611
2.06,0.0146683
2.061,0.0146754
2.062,0.0146826
2.063,0.0146897
2.064,0.0146968
2.065,0.014704
2.066,0.0147111
2.067,0.0147182
2.068,0.0147254
2.069,0.0147325
2.07,0.0147397
2.071,0.0147468
2.072,0.0147539
2.073,0.0147611
2.074,0.0147682
2.075,0.0147754
2.076,0.0147825
2.077,0.0147896
2.078,0.0147968
2.079,0.0148039
2.08,0.014811
2.081,0.0148182
2.082,0.0148253
2.083,0.0148325
2.084,0.0148396
2.085,0.0148467
2.086,0.0148539
2.087,0.014861
2.088,0.0148681
2.089,0.0148753
2.09,0.0148824
2.091,0.0148896
2.092,0.0148967
2.093,0.0149038
2.094,0.014911
2.095,0.0149181
2.096,0.0149252
2.097,0.0149324
2.098,0.0149395
2.099,0.0149467
2.1,0.0149538
2.101,0.0149609
2.102,0.0149681
2.103,0.0149752
2.104,0.0149823
2.105,0.0149895
2.106,0.0149966
2.107,0.0150038
2.108,0.0150109
2.109,0.015018
2.11,0.0150252
2.111,0.0150323
2.112,0.0150394
2.113,0.0150466
2.114,0.0150537
2.115,0.0150609
2.116,0.015068
2.117,0.0150751
2.118,0.0150823
2.119,0.0150894
2.12,0.0150965
2.121,0.0151037
2.122,0.0151108
2.123,0.015118
2.124,0.0151251
2.125,0.0151322
2.126,0.0151394
2.127,0.0151465
2.128,0.0151536
2.129,0.0151608
2.13,0.0151679
2.131,0.015175
2.132,0.0151822
2.133,0.0151893
2.134,0.0151965
2.135,0.0152036
2.136,0.0152107
2.137,0.0152179
2.138,0.015225
2.139,0.0152321
2.14,0.0152393
2.141,0.0152464
2.142,0.0152536
2.143,0.0152607
2.144,0.0152678
2.145,0.015275
2.146,0.0152821
2.147,0.0152892
2.148,0.0152964
2.149,0.0153035
2.15,0.0153106
2.151,0.0153178
2.152,0.0153249
2.153,0.0153321
2.154,0.0153392
2.155,0.0153463
2.156,0.0153535
2.157,0.0153606
2.158,0.0153677
2.159,0.0153749
2.16,0.015382
2.161,0.0153891
2.162,0.0153963
2.163,0.0154034
2.164,0.0154105
2.165,0.0154177
2.166,0.0154248
2.167,0.015432
2.168,0.0154391
2.169,0.0154462
2.17,0.0154534
2.171,0.0154605
2.172,0.0154676
2.173,0.0154748
2.174,0.0154819
2.175,0.015489
2.176,0.0154962
2.177,0.0155033
2.178,0.0155104
2.179,0.0155176
2.18,0.0155247
2.181,0.0155319
2.182,0.015539
2.183,0.0155461
2.184,0.0155533
2.185,0.0155604
2.186,0.0155675
2.187,0.0155747
2.188,0.0155818
2.189,0.0155889
2.19,0.0155961
2.191,0.0156032
2.192,0.0156103
2.193,0.0156175
2.194,0.0156246
2.195,0.0156317
2.196,0.0156389
2.197,0.015646
2.198,0.0156532
2.199,0.0156603
2.2,0.0156674
2.201,0.0156746
2.202,0.0156817
2.203,0.0156888
2.204,0.015696
2.205,0.0157031
2.206,0.0157102
2.207,0.0157174
2.208,0.0157245
2.209,0.0157316
2.21,0.0157388
2.211,0.0157459
2.212,0.015753
2.213,0.0157602
2.214,0.0157673
2.215,0.0157744
2.216,0.0157816
2.217,0.0157887
2.218,0.0157958
2.219,0.015803
2.22,0.0158101
2.221,0.0158172
2.222,0.0158244
2.223,0.0158315
2.224,0.0158387
2.225,0.0158458
2.226,0.0158529
2.227,0.0158601
2.228,0.0158672
2.229,0.0158743
2.23,0.0158815
2.231,0.0158886
2.232,0.0158957
2.233,0.0159029
2.234,0.01591
2.235,0.0159171
2.236,0.0159243
2.237,0.0159314
2.238,0.0159385
2.239,0.0159457
2.24,0.0159528
2.241,0.0159599
2.242,0.0159671
2.243,0.0159742
2.244,0.0159813
2.245,0.0159885
2.246,0.0159956
2.247,0.0160027
2.248,0.0160099
2.249,0.016017
2.25,0.0160241
2.251,0.0160313
2.252,0.0160384
2.253,0.0160455
2.254,0.0160527
2.255,0.0160598
2.256,0.0160669
2.257,0.0160741
2.258,0.0160812
2.259,0.0160883
2.26,0.0160955
2.261,0.0161026
2.262,0.0161097
2.263,0.0161169
2.264,0.016124
2.265,0.0161311
2.266,0.0161383
2.267,0.0161454
2.268,0.0161525
2.269,0.0161596
2.27,0.0161668
2.271,0.0161739
2.272,0.016181
2.273,0.0161882
2.274,0.0161953
2.275,0.0162024
2.276,0.0162096
2.277,0.0162167
2.278,0.0162238
2.279,0.016231
2.28,0.0162381
2.281,0.0162452
2.282,0.0162524
2.283,0.0162595
2.284,0.0162666
2.285,0.0162738
2.286,0.0162809
2.287,0.016288
2.288,0.0162952
2.289,0.0163023
2.29,0.0163094
2.291,0.0163166
2.292,0.0163237
2.293,0.0163308
2.294,0.0163379
2.295,0.0163451
2.296,0.0163522
2.297,0.0163593
2.298,0.0163665
2.299,0.0163736
2.3,0.0163807
2.301,0.0163879
2.302,0.016395
2.303,0.0164021
2.304,0.0164093
2.305,0.0164164
2.306,0.0164235
2.307,0.0164307
2.308,0.0164378
2.309,0.0164449
2.31,0.016452
2.311,0.0164592
2.312,0.0164663
2.313,0.0164734
2.314,0.0164806
2.315,0.0164877
2.316,0.0164948
2.317,0.016502
2.318,0.0165091
2.319,0.0165162
2.32,0.0165233
2.321,0.0165305
2.322,0.0165376
2.323,0.0165447
2.324,0.0165519
2.325,0.016559
2.326,0.0165661
2.327,0.0165733
2.328,0.0165804
2.329,0.0165875
2.33,0.0165946
2.331,0.0166018
2.332,0.0166089
2.333,0.016616
2.334,0.0166232
2.335,0.0166303
2.336,0.0166374
2.337,0.0166446
2.338,0.0166517
2.339,0.0166588
2.34,0.0166659
2.341,0.0166731
2.342,0.0166802
2.343,0.0166873
2.344,0.0166945
2.345,0.0167016
2.346,0.0167087
2.347,0.0167158
2.348,0.016723
2.349,0.0167301
2.35,0.0167372
2.351,0.0167444
2.352,0.0167515
2.353,0.0167586
2.354,0.0167658
2.355,0.0167729
2.356,0.01678
2.357,0.0167871
2.358,0.0167943
2.359,0.0168014
2.36,0.0168085
2.361,0.0168157
2.362,0.0168228
2.363,0.0168299
2.364,0.016837
2.365,0.0168442
2.366,0.0168513
2.367,0.0168584
2.368,0.0168655
2.369,0.0168727
2.37,0.0168798
2.371,0.0168869
2.372,0.0168941
2.373,0.0169012
2.374,0.0169083
2.375,0.0169154
2.376,0.0169226
2.377,0.0169297
2.378,0.0169368
2.379,0.016944
2.38,0.0169511
2.381,0.0169582
2.382,0.0169653
2.383,0.0169725
2.384,0.0169796
2.385,0.0169867
2.386,0.0169938
2.387,0.017001
2.388,0.0170081
2.389,0.0170152
2.39,0.0170224
2.391,0.0170295
2.392,0.0170366
2.393,0.0170437
2.394,0.0170509
2.395,0.017058
2.396,0.0170651
2.397,0.0170722
2.398,0.0170794
2.399,0.0170865
2.4,0.0170936
2.401,0.0171007
2.402,0.0171079
2.403,0.017115
2.404,0.0171221
2.405,0.0171292
2.406,0.0171364
2.407,0.0171435
2.408,0.0171506
2.409,0.0171578
2.41,0.0171649
2.411,0.017172
2.412,0.0171791
2.413,0.0171863
2.414,0.0171934
2.415,0.0172005
2.416,0.0172076
2.417,0.0172148
2.418,0.0172219
2.419,0.017229
2.42,0.0172361
2.421,0.0172433
2.422,0.0172504
2.423,0.0172575
2.424,0.0172646
2.425,0.0172718
2.426,0.0172789
2.427,0.017286
2.428,0.0172931
2.429,0.0173003
2.43,0.0173074
2.431,0.0173145
2.432,0.0173216
2.433,0.0173288
2.434,0.0173359
2.435,0.017343
2.436,0.0173501
2.437,0.0173573
2.438,0.0173644
2.439,0.0173715
2.44,0.0173786
2.441,0.0173857
2.442,0.0173929
2.443,0.0174
2.444,0.0174071
2.445,0.0174142
2.446,0.0174214
2.447,0.0174285
2.448,0.0174356
2.449,0.0174427
2.45,0.0174499
2.451,0.017457
2.452,0.0174641
2.453,0.0174712
2.454,0.0174784
2.455,0.0174855
2.456,0.0174926
2.457,0.0174997
2.458,0.0175068
2.459,0.017514
2.46,0.0175211
2.461,0.0175282
2.462,0.0175353
2.463,0.0175425
2.464,0.0175496
2.465,0.0175567
2.466,0.0175638
2.467,0.0175709
2.468,0.0175781
2.469,0.0175852
2.47,0.0175923
2.471,0.0175994
2.472,0.0176066
2.473,0.0176137
2.474,0.0176208
2.475,0.0176279
2.476,0.017635
2.477,0.0176422
2.478,0.0176493
2.479,0.0176564
2.48,0.0176635
2.481,0.0176707
2.482,0.0176778
2.483,0.0176849
2.484,0.017692
2.485,0.0176991
2.486,0.0177063
2.487,0.0177134
2.488,0.0177205
2.489,0.0177276
2.49,0.0177347
2.491,0.0177419
2.492,0.017749
2.493,0.0177561
2.494,0.0177632
2.495,0.0177703
2.496,0.0177775
2.497,0.0177846
2.498,0.0177917
2.499,0.0177988
2.5,0.017806
2.501,0.0178131
2.502,0.0178202
2.503,0.0178273
2.504,0.0178344
2.505,0.0178416
2.506,0.0178487
2.507,0.0178558
2.508,0.0178629
2.509,0.01787
2.51,0.0178771
2.511,0.0178843
2.512,0.0178914
2.513,0.0178985
2.514,0.0179056
2.515,0.0179127
2.516,0.0179199
2.517,0.017927
2.518,0.0179341
2.519,0.0179412
2.52,0.0179483
2.521,0.0179555
2.522,0.0179626
2.523,0.0179697
2.524,0.0179768
2.525,0.0179839
2.526,0.0179911
2.527,0.0179982
2.528,0.0180053
2.529,0.0180124
2.53,0.0180195
2.531,0.0180266
2.532,0.0180338
2.533,0.0180409
2.534,0.018048
2.535,0.0180551
2.536,0.0180622
2.537,0.0180694
2.538,0.0180765
2.539,0.0180836
2.54,0.0180907
2.541,0.0180978
2.542,0.0181049
2.543,0.0181121
2.544,0.0181192
2.545,0.0181263
2.546,0.0181334
2.547,0.0181405
2.548,0.0181476
2.549,0.0181548
2.55,0.0181619
2.551,0.018169
2.552,0.0181761
2.553,0.0181832
2.554,0.0181903
2.555,0.0181975
2.556,0.0182046
2.557,0.0182117
2.558,0.0182188
2.559,0.0182259
2.56,0.018233
2.561,0.0182402
2.562,0.0182473
2.563,0.0182544
2.564,0.0182615
2.565,0.0182686
2.566,0.0182757
2.567,0.0182828
2.568,0.01829
2.569,0.0182971
2.57,0.0183042
2.571,0.0183113
2.572,0.0183184
2.573,0.0183255
2.574,0.0183327
2.575,0.0183398
2.576,0.0183469
2.577,0.018354
2.578,0.0183611
2.579,0.0183682
2.58,0.0183753
2.581,0.0183825
2.582,0.0183896
2.583,0.0183967
2.584,0.0184038
2.585,0.0184109
2.586,0.018418
2.587,0.0184251
2.588,0.0184323
2.589,0.0184394
2.59,0.0184465
2.591,0.0184536
2.592,0.0184607
2.593,0.0184678
2.594,0.0184749
2.595,0.018482
2.596,0.0184892
2.597,0.0184963
2.598,0.0185034
2.599,0.0185105
2.6,0.0185176
2.601,0.0185247
2.602,0.0185318
2.603,0.018539
2.604,0.0185461
2.605,0.0185532
2.606,0.0185603
2.607,0.0185674
2.608,0.0185745
2.609,0.0185816
2.61,0.0185887
2.611,0.0185958
2.612,0.018603
2.613,0.0186101
2.614,0.0186172
2.615,0.0186243
2.616,0.0186314
2.617,0.0186385
2.618,0.0186456
2.619,0.0186527
2.62,0.0186599
2.621,0.018667
2.622,0.0186741
2.623,0.0186812
2.624,0.0186883
2.625,0.0186954
2.626,0.0187025
2.627,0.0187096
2.628,0.0187167
2.629,0.0187239
2.63,0.018731
2.631,0.0187381
2.632,0.0187452
2.633,0.0187523
2.634,0.0187594
2.635,0.0187665
2.636,0.0187736
2.637,0.0187807
2.638,0.0187878
2.639,0.018795
2.64,0.0188021
2.641,0.0188092
2.642,0.0188163
2.643,0.0188234
2.644,0.0188305
2.645,0.0188376
2.646,0.0188447
2.647,0.0188518
2.648,0.0188589
2.649,0.018866
2.65,0.0188732
2.651,0.0188803
2.652,0.0188874
2.653,0.0188945
2.654,0.0189016
2.655,0.0189087
2.656,0.0189158
2.657,0.0189229
2.658,0.01893
2.659,0.0189371
2.66,0.0189442
2.661,0.0189513
2.662,0.0189585
2.663,0.0189656
2.664,0.0189727
2.665,0.0189798
2.666,0.0189869
2.667,0.018994
2.668,0.0190011
2.669,0.0190082
2.67,0.0190153
2.671,0.0190224
2.672,0.0190295
2.673,0.0190366
2.674,0.0190437
2.675,0.0190508
2.676,0.0190579
2.677,0.0190651
2.678,0.0190722
2.679,0.0190793
2.68,0.0190864
2.681,0.0190935
2.682,0.0191006
2.683,0.0191077
2.684,0.0191148
2.685,0.0191219
2.686,0.019129
2.687,0.0191361
2.688,0.0191432
2.689,0.0191503
2.69,0.0191574
2.691,0.0191645
2.692,0.0191716
2.693,0.0191787
2.694,0.0191859
2.695,0.019193
2.696,0.0192001
2.697,0.0192072
2.698,0.0192143
2.699,0.0192214
2.7,0.0192285
2.701,0.0192356
2.702,0.0192427
2.703,0.0192498
2.704,0.0192569
2.705,0.019264
2.706,0.0192711
2.707,0.0192782
2.708,0.0192853
2.709,0.0192924
2.71,0.0192995
2.711,0.0193066
2.712,0.0193137
2.713,0.0193208
2.714,0.0193279
2.715,0.019335
2.716,0.0193421
2.717,0.0193492
2.718,0.0193563
2.719,0.0193634
2.72,0.0193705
2.721,0.0193776
2.722,0.0193847
2.723,0.0193918
2.724,0.019399
2.725,0.0194061
2.726,0.0194132
2.727,0.0194203
2.728,0.0194274
2.729,0.0194345
2.73,0.0194416
2.731,0.0194487
2.732,0.0194558
2.733,0.0194629
2.734,0.01947
2.735,0.0194771
2.736,0.0194842
2.737,0.0194913
2.738,0.0194984
2.739,0.0195055
2.74,0.0195126
2.741,0.0195197
2.742,0.0195268
2.743,0.0195339
2.744,0.019541
2.745,0.0195481
2.746,0.0195552
2.747,0.0195623
2.748,0.0195694
2.749,0.0195765
2.75,0.0195836
2.751,0.0195907
2.752,0.0195978
2.753,0.0196049
2.754,0.019612
2.755,0.0196191
2.756,0.0196262
2.757,0.0196333
2.758,0.0196404
2.759,0.0196475
2.76,0.0196546
2.761,0.0196617
2.762,0.0196688
2.763,0.0196759
2.764,0.019683
2.765,0.01969
2.766,0.0196971
2.767,0.0197042
2.768,0.0197113
2.769,0.0197184
2.77,0.0197255
2.771,0.0197326
2.772,0.0197397
2.773,0.0197468
2.774,0.0197539
2.775,0.019761
2.776,0.0197681
2.777,0.0197752
2.778,0.0197823
2.779,0.0197894
2.78,0.0197965
2.781,0.0198036
2.782,0.0198107
2.783,0.0198178
2.784,0.0198249
2.785,0.019832
2.786,0.0198391
2.787,0.0198462
2.788,0.0198533
2.789,0.0198604
2.79,0.0198675
2.791,0.0198746
2.792,0.0198817
2.793,0.0198887
2.794,0.0198958
2.795,0.0199029
2.796,0.01991
2.797,0.0199171
2.798,0.0199242
2.799,0.0199313
2.8,0.0199384
2.801,0.0199455
2.802,0.0199526
2.803,0.0199597
2.804,0.0199668
2.805,0.0199739
2.806,0.019981
2.807,0.0199881
2.808,0.0199952
2.809,0.0200023
2.81,0.0200093
2.811,0.0200164
2.812,0.0200235
2.813,0.0200306
2.814,0.0200377
2.815,0.0200448
2.816,0.0200519
2.817,0.020059
2.818,0.0200661
2.819,0.0200732
2.82,0.0200803
2.821,0.0200874
2.822,0.0200945
2.823,0.0201016
2.824,0.0201086
2.825,0.0201157
2.826,0.0201228
2.827,0.0201299
2.828,0.020137
2.829,0.0201441
2.83,0.0201512
2.831,0.0201583
2.832,0.0201654
2.833,0.0201725
2.834,0.0201796
2.835,0.0201866
2.836,0.0201937
2.837,0.0202008
2.838,0.0202079
2.839,0.020215
2.84,0.0202221
2.841,0.0202292
2.842,0.0202363
2.843,0.0202434
2.844,0.0202505
2.845,0.0202575
2.846,0.0202646
2.847,0.0202717
2.848,0.0202788
2.849,0.0202859
2.85,0.020293
2.851,0.0203001
2.852,0.0203072
2.853,0.0203143
2.854,0.0203213
2.855,0.0203284
2.856,0.0203355
2.857,0.0203426
2.858,0.0203497
2.859,0.0203568
2.86,0.0203639
2.861,0.020371
2.862,0.020378
2.863,0.0203851
2.864,0.0203922
2.865,0.0203993
2.866,0.0204064
2.867,0.0204135
2.868,0.0204206
2.869,0.0204277
2.87,0.0204347
2.871,0.0204418
2.872,0.0204489
2.873,0.020456
2.874,0.0204631
2.875,0.0204702
2.876,0.0204773
2.877,0.0204843
2.878,0.0204914
2.879,0.0204985
2.88,0.0205056
2.881,0.0205127
2.882,0.0205198
2.883,0.0205269
2.884,0.0205339
2.885,0.020541
2.886,0.0205481
2.887,0.0205552
2.888,0.0205623
2.889,0.0205694
2.89,0.0205764
2.891,0.0205835
2.892,0.0205906
2.893,0.0205977
2.894,0.0206048
2.895,0.0206119
2.896,0.0206189
2.897,0.020626
2.898,0.0206331
2.899,0.0206402
2.9,0.0206473
2.901,0.0206544
2.902,0.0206614
2.903,0.0206685
2.904,0.0206756
2.905,0.0206827
2.906,0.0206898
2.907,0.0206969
2.908,0.0207039
2.909,0.020711
2.91,0.0207181
2.911,0.0207252
2.912,0.0207323
2.913,0.0207393
2.914,0.0207464
2.915,0.0207535
2.916,0.0207606
2.917,0.0207677
2.918,0.0207748
2.919,0.0207818
2.92,0.0207889
2.921,0.020796
2.922,0.0208031
2.923,0.0208102
2.924,0.0208172
2.925,0.0208243
2.926,0.0208314
2.927,0.0208385
2.928,0.0208456
2.929,0.0208526
2.93,0.0208597
2.931,0.0208668
2.932,0.0208739
2.933,0.020881
2.934,0.020888
2.935,0.0208951
2.936,0.0209022
2.937,0.0209093
2.938,0.0209163
2.939,0.0209234
2.94,0.0209305
2.941,0.0209376
2.942,0.0209447
2.943,0.0209517
2.944,0.0209588
2.945,0.0209659
2.946,0.020973
2.947,0.02098
2.948,0.0209871
2.949,0.0209942
2.95,0.0210013
2.951,0.0210084
2.952,0.0210154
2.953,0.0210225
2.954,0.0210296
2.955,0.0210367
2.956,0.0210437
2.957,0.0210508
2.958,0.0210579
2.959,0.021065
2.96,0.021072
2.961,0.0210791
2.962,0.0210862
2.963,0.0210933
2.964,0.0211003
2.965,0.0211074
2.966,0.0211145
2.967,0.0211216
2.968,0.0211286
2.969,0.0211357
2.97,0.0211428
2.971,0.0211499
2.972,0.0211569
2.973,0.021164
2.974,0.0211711
2.975,0.0211782
2.976,0.0211852
2.977,0.0211923
2.978,0.0211994
2.979,0.0212064
2.98,0.0212135
2.981,0.0212206
2.982,0.0212277
2.983,0.0212347
2.984,0.0212418
2.985,0.0212489
2.986,0.021256
2.987,0.021263
2.988,0.0212701
2.989,0.0212772
2.99,0.0212842
2.991,0.0212913
2.992,0.0212984
2.993,0.0213055
2.994,0.0213125
2.995,0.0213196
2.996,0.0213267
2.997,0.0213337
2.998,0.0213408
2.999,0.0213479
3,0.021355
3.001,0.021362
3.002,0.0213691
3.003,0.0213762
3.004,0.0213832
3.005,0.0213903
3.006,0.0213974
3.007,0.0214044
3.008,0.0214115
3.009,0.0214186
3.01,0.0214256
3.011,0.0214327
3.012,0.0214398
3.013,0.0214469
3.014,0.0214539
3.015,0.021461
3.016,0.0214681
3.017,0.0214751
3.018,0.0214822
3.019,0.0214893
3.02,0.0214963
3.021,0.0215034
3.022,0.0215105
3.023,0.0215175
3.024,0.0215246
3.025,0.0215317
3.026,0.0215387
3.027,0.0215458
3.028,0.0215529
3.029,0.0215599
3.03,0.021567
3.031,0.0215741
3.032,0.0215811
3.033,0.0215882
3.034,0.0215953
3.035,0.0216023
3.036,0.0216094
3.037,0.0216165
3.038,0.0216235
3.039,0.0216306
3.04,0.0216377
3.041,0.0216447
3.042,0.0216518
3.043,0.0216588
3.044,0.0216659
3.045,0.021673
3.046,0.02168
3.047,0.0216871
3.048,0.0216942
3.049,0.0217012
3.05,0.0217083
3.051,0.0217154
3.052,0.0217224
3.053,0.0217295
3.054,0.0217365
3.055,0.0217436
3.056,0.0217507
3.057,0.0217577
3.058,0.0217648
3.059,0.0217719
3.06,0.0217789
3.061,0.021786
3.062,0.021793
3.063,0.0218001
3.064,0.0218072
3.065,0.0218142
3.066,0.0218213
3.067,0.0218284
3.068,0.0218354
3.069,0.0218425
3.07,0.0218495
3.071,0.0218566
3.072,0.0218637
3.073,0.0218707
3.074,0.0218778
3.075,0.0218848
3.076,0.0218919
3.077,0.021899
3.078,0.021906
3.079,0.0219131
3.08,0.0219201
3.081,0.0219272
3.082,0.0219343
3.083,0.0219413
3.084,0.0219484
3.085,0.0219554
3.086,0.0219625
3.087,0.0219695
3.088,0.0219766
3.089,0.0219837
3.09,0.0219907
3.091,0.0219978
3.092,0.0220048
3.093,0.0220119
3.094,0.0220189
3.095,0.022026
3.096,0.0220331
3.097,0.0220401
3.098,0.0220472
3.099,0.0220542
3.1,0.0220613
3.101,0.0220683
3.102,0.0220754
3.103,0.0220825
3.104,0.0220895
3.105,0.0220966
3.106,0.0221036
3.107,0.0221107
3.108,0.0221177
3.109,0.0221248
3.11,0.0221318
3.111,0.0221389
3.112,0.022146
3.113,0.022153
3.114,0.0221601
3.115,0.0221671
3.116,0.0221742
3.117,0.0221812
3.118,0.0221883
3.119,0.0221953
3.12,0.0222024
3.121,0.0222094
3.122,0.0222165
3.123,0.0222235
3.124,0.0222306
3.125,0.0222376
3.126,0.0222447
3.127,0.0222518
3.128,0.0222588
3.129,0.0222659
3.13,0.0222729
3.131,0.02228
3.132,0.022287
3.133,0.0222941
3.134,0.0223011
3.135,0.0223082
3.136,0.0223152
3.137,0.0223223
3.138,0.0223293
3.139,0.0223364
3.14,0.0223434
3.141,0.0223505
3.142,0.0223575
3.143,0.0223646
3.144,0.0223716
3.145,0.0223787
3.146,0.0223857
3.147,0.0223928
3.148,0.0223998
3.149,0.0224069
3.15,0.0224139
3.151,0.022421
3.152,0.022428
3.153,0.0224351
3.154,0.0224421
3.155,0.0224492
3.156,0.0224562
3.157,0.0224633
3.158,0.0224703
3.159,0.0224773
3.16,0.0224844
3.161,0.0224914
3.162,0.0224985
3.163,0.0225055
3.164,0.0225126
3.165,0.0225196
3.166,0.0225267
3.167,0.0225337
3.168,0.0225408
3.169,0.0225478
3.17,0.0225549
3.171,0.0225619
3.172,0.0225689
3.173,0.022576
3.174,0.022583
3.175,0.0225901
3.176,0.0225971
3.177,0.0226042
3.178,0.0226112
3.179,0.0226183
3.18,0.0226253
3.181,0.0226323
3.182,0.0226394
3.183,0.0226464
3.184,0.0226535
3.185,0.0226605
3.186,0.0226676
3.187,0.0226746
3.188,0.0226817
3.189,0.0226887
3.19,0.0226957
3.191,0.0227028
3.192,0.0227098
3.193,0.0227169
3.194,0.0227239
3.195,0.0227309
3.196,0.022738
3.197,0.022745
3.198,0.0227521
3.199,0.0227591
3.2,0.0227662
3.201,0.0227732
3.202,0.0227802
3.203,0.0227873
3.204,0.0227943
3.205,0.0228014
3.206,0.0228084
3.207,0.0228154
3.208,0.0228225
3.209,0.0228295
3.21,0.0228366
3.211,0.0228436
3.212,0.0228506
3.213,0.0228577
3.214,0.0228647
3.215,0.0228717
3.216,0.0228788
3.217,0.0228858
3.218,0.0228929
3.219,0.0228999
3.22,0.0229069
3.221,0.022914
3.222,0.022921
3.223,0.0229281
3.224,0.0229351
3.225,0.0229421
3.226,0.0229492
3.227,0.0229562
3.228,0.0229632
3.229,0.0229703
3.23,0.0229773
3.231,0.0229843
3.232,0.0229914
3.233,0.0229984
3.234,0.0230054
3.235,0.0230125
3.236,0.0230195
3.237,0.0230266
3.238,0.0230336
3.239,0.0230406
3.24,0.0230477
3.241,0.0230547
3.242,0.0230617
3.243,0.0230688
3.244,0.0230758
3.245,0.0230828
3.246,0.0230899
3.247,0.0230969
3.248,0.0231039
3.249,0.023111
3.25,0.023118
3.251,0.023125
3.252,0.0231321
3.253,0.0231391
3.254,0.0231461
3.255,0.0231532
3.256,0.0231602
3.257,0.0231672
3.258,0.0231743
3.259,0.0231813
3.26,0.0231883
3.261,0.0231953
3.262,0.0232024
3.263,0.0232094
3.264,0.0232164
3.265,0.0232235
3.266,0.0232305
3.267,0.0232375
3.268,0.0232446
3.269,0.0232516
3.27,0.0232586
3.271,0.0232656
3.272,0.0232727
3.273,0.0232797
3.274,0.0232867
3.275,0.0232938
3.276,0.0233008
3.277,0.0233078
3.278,0.0233148
3.279,0.0233219
3.28,0.0233289
3.281,0.0233359
3.282,0.023343
3.283,0.02335
3.284,0.023357
3.285,0.023364
3.286,0.0233711
3.287,0.0233781
3.288,0.0233851
3.289,0.0233921
3.29,0.0233992
3.291,0.0234062
3.292,0.0234132
3.293,0.0234202
3.294,0.0234273
3.295,0.0234343
3.296,0.0234413
3.297,0.0234483
3.298,0.0234554
3.299,0.0234624
3.3,0.0234694
3.301,0.0234764
3.302,0.0234835
3.303,0.0234905
3.304,0.0234975
3.305,0.0235045
3.306,0.0235116
3.307,0.0235186
3.308,0.0235256
3.309,0.0235326
3.31,0.0235396
3.311,0.0235467
3.312,0.0235537
3.313,0.0235607
3.314,0.0235677
3.315,0.0235748
3.316,0.0235818
3.317,0.0235888
3.318,0.0235958
3.319,0.0236028
3.32,0.0236099
3.321,0.0236169
3.322,0.0236239
3.323,0.0236309
3.324,0.0236379
3.325,0.023645
3.326,0.023652
3.327,0.023659
3.328,0.023666
3.329,0.023673
3.33,0.0236801
3.331,0.0236871
3.332,0.0236941
3.333,0.0237011
3.334,0.0237081
3.335,0.0237152
3.336,0.0237222
3.337,0.0237292
3.338,0.0237362
3.339,0.0237432
3.34,0.0237502
3.341,0.0237573
3.342,0.0237643
3.343,0.0237713
3.344,0.0237783
3.345,0.0237853
3.346,0.0237923
3.347,0.0237994
3.348,0.0238064
3.349,0.0238134
3.35,0.0238204
3.351,0.0238274
3.352,0.0238344
3.353,0.0238414
3.354,0.0238485
3.355,0.0238555
3.356,0.0238625
3.357,0.0238695
3.358,0.0238765
3.359,0.0238835
3.36,0.0238905
3.361,0.0238976
3.362,0.0239046
3.363,0.0239116
3.364,0.0239186
3.365,0.0239256
3.366,0.0239326
3.367,0.0239396
3.368,0.0239466
3.369,0.0239537
3.37,0.0239607
3.371,0.0239677
3.372,0.0239747
3.373,0.0239817
3.374,0.0239887
3.375,0.0239957
3.376,0.0240027
3.377,0.0240098
3.378,0.0240168
3.379,0.0240238
3.38,0.0240308
3.381,0.0240378
3.382,0.0240448
3.383,0.0240518
3.384,0.0240588
3.385,0.0240658
3.386,0.0240728
3.387,0.0240798
3.388,0.0240869
3.389,0.0240939
3.39,0.0241009
3.391,0.0241079
3.392,0.0241149
3.393,0.0241219
3.394,0.0241289
3.395,0.0241359
3.396,0.0241429
3.397,0.0241499
3.398,0.0241569
3.399,0.0241639
3.4,0.0241709
3.401,0.0241779
3.402,0.024185
3.403,0.024192
3.404,0.024199
3.405,0.024206
3.406,0.024213
3.407,0.02422
3.408,0.024227
3.409,0.024234
3.41,0.024241
3.411,0.024248
3.412,0.024255
3.413,0.024262
3.414,0.024269
3.415,0.024276
3.416,0.024283
3.417,0.02429
3.418,0.024297
3.419,0.024304
3.42,0.024311
3.421,0.024318
3.422,0.024325
3.423,0.024332
3.424,0.024339
3.425,0.024346
3.426,0.024353
3.427,0.02436
3.428,0.024367
3.429,0.024374
3.43,0.024381
3.431,0.024388
3.432,0.024395
3.433,0.024402
3.434,0.024409
3.435,0.024416
3.436,0.024423
3.437,0.02443
3.438,0.024437
3.439,0.024444
3.44,0.024451
3.441,0.024458
3.442,0.024465
3.443,0.024472
3.444,0.024479
3.445,0.024486
3.446,0.024493
3.447,0.0245
3.448,0.024507
3.449,0.024514
3.45,0.024521
3.451,0.024528
3.452,0.024535
3.453,0.024542
3.454,0.024549
3.455,0.024556
3.456,0.024563
3.457,0.02457
3.458,0.024577
3.459,0.024584
3.46,0.024591
3.461,0.024598
3.462,0.024605
3.463,0.0246119
3.464,0.0246189
3.465,0.0246259
3.466,0.0246329
3.467,0.0246399
3.468,0.0246469
3.469,0.0246539
3.47,0.0246609
3.471,0.0246679
3.472,0.0246749
3.473,0.0246819
3.474,0.0246889
3.475,0.0246959
3.476,0.0247029
3.477,0.0247098
3.478,0.0247168
3.479,0.0247238
3.48,0.0247308
3.481,0.0247378
3.482,0.0247448
3.483,0.0247518
3.484,0.0247588
3.485,0.0247658
3.486,0.0247728
3.487,0.0247798
3.488,0.0247867
3.489,0.0247937
3.49,0.0248007
3.491,0.0248077
3.492,0.0248147
3.493,0.0248217
3.494,0.0248287
3.495,0.0248357
3.496,0.0248426
3.497,0.0248496
3.498,0.0248566
3.499,0.0248636
3.5,0.0248706
3.501,0.0248776
3.502,0.0248846
3.503,0.0248916
3.504,0.0248985
3.505,0.0249055
3.506,0.0249125
3.507,0.0249195
3.508,0.0249265
3.509,0.0249335
3.51,0.0249405
3.511,0.0249474
3.512,0.0249544
3.513,0.0249614
3.514,0.0249684
3.515,0.0249754
3.516,0.0249824
3.517,0.0249893
3.518,0.0249963
3.519,0.0250033
3.52,0.0250103
3.521,0.0250173
3.522,0.0250243
3.523,0.0250312
3.524,0.0250382
3.525,0.0250452
3.526,0.0250522
3.527,0.0250592
3.528,0.0250661
3.529,0.0250731
3.53,0.0250801
3.531,0.0250871
3.532,0.0250941
3.533,0.0251011
3.534,0.025108
3.535,0.025115
3.536,0.025122
3.537,0.025129
3.538,0.0251359
3.539,0.0251429
3.54,0.0251499
3.541,0.0251569
3.542,0.0251639
3.543,0.0251708
3.544,0.0251778
3.545,0.0251848
3.546,0.0251918
3.547,0.0251988
3.548,0.0252057
3.549,0.0252127
3.55,0.0252197
3.551,0.0252267
3.552,0.0252336
3.553,0.0252406
3.554,0.0252476
3.555,0.0252546
3.556,0.0252615
3.557,0.0252685
3.558,0.0252755
3.559,0.0252825
3.56,0.0252894
3.561,0.0252964
3.562,0.0253034
3.563,0.0253104
3.564,0.0253173
3.565,0.0253243
3.566,0.0253313
3.567,0.0253383
3.568,0.0253452
3.569,0.0253522
3.57,0.0253592
3.571,0.0253661
3.572,0.0253731
3.573,0.0253801
3.574,0.0253871
3.575,0.025394
3.576,0.025401
3.577,0.025408
3.578,0.0254149
3.579,0.0254219
3.58,0.0254289
3.581,0.0254359
3.582,0.0254428
3.583,0.0254498
3.584,0.0254568
3.585,0.0254637
3.586,0.0254707
3.587,0.0254777
3.588,0.0254846
3.589,0.0254916
3.59,0.0254986
3.591,0.0255056
3.592,0.0255125
3.593,0.0255195
3.594,0.0255265
3.595,0.0255334
3.596,0.0255404
3.597,0.0255474
3.598,0.0255543
3.599,0.0255613
3.6,0.0255683
3.601,0.0255752
3.602,0.0255822
3.603,0.0255892
3.604,0.0255961
3.605,0.0256031
3.606,0.02561
3.607,0.025617
3.608,0.025624
3.609,0.0256309
3.61,0.0256379
3.611,0.0256449
3.612,0.0256518
3.613,0.0256588
3.614,0.0256658
3.615,0.0256727
3.616,0.0256797
3.617,0.0256866
3.618,0.0256936
3.619,0.0257006
3.62,0.0257075
3.621,0.0257145
3.622,0.0257215
3.623,0.0257284
3.624,0.0257354
3.625,0.0257423
3.626,0.0257493
3.627,0.0257563
3.628,0.0257632
3.629,0.0257702
3.63,0.0257771
3.631,0.0257841
3.632,0.0257911
3.633,0.025798
3.634,0.025805
3.635,0.0258119
3.636,0.0258189
3.637,0.0258259
3.638,0.0258328
3.639,0.0258398
3.64,0.0258467
3.641,0.0258537
3.642,0.0258606
3.643,0.0258676
3.644,0.0258746
3.645,0.0258815
3.646,0.0258885
3.647,0.0258954
3.648,0.0259024
3.649,0.0259093
3.65,0.0259163
3.651,0.0259233
3.652,0.0259302
3.653,0.0259372
3.654,0.0259441
3.655,0.0259511
3.656,0.025958
3.657,0.025965
3.658,0.0259719
3.659,0.0259789
3.66,0.0259858
3.661,0.0259928
3.662,0.0259997
3.663,0.0260067
3.664,0.0260137
3.665,0.0260206
3.666,0.0260276
3.667,0.0260345
3.668,0.0260415
3.669,0.0260484
3.67,0.0260554
3.671,0.0260623
3.672,0.0260693
3.673,0.0260762
3.674,0.0260832
3.675,0.0260901
3.676,0.0260971
3.677,0.026104
3.678,0.026111
3.679,0.0261179
3.68,0.0261249
3.681,0.0261318
3.682,0.0261388
3.683,0.0261457
3.684,0.0261527
3.685,0.0261596
3.686,0.0261665
3.687,0.0261735
3.688,0.0261804
3.689,0.0261874
3.69,0.0261943
3.691,0.0262013
3.692,0.0262082
3.693,0.0262152
3.694,0.0262221
3.695,0.0262291
3.696,0.026236
3.697,0.026243
3.698,0.0262499
3.699,0.0262568
3.7,0.0262638
3.701,0.0262707
3.702,0.0262777
3.703,0.0262846
3.704,0.0262916
3.705,0.0262985
3.706,0.0263055
3.707,0.0263124
3.708,0.0263193
3.709,0.0263263
3.71,0.0263332
3.711,0.0263402
3.712,0.0263471
3.713,0.026354
3.714,0.026361
3.715,0.0263679
3.716,0.0263749
3.717,0.0263818
3.718,0.0263888
3.719,0.0263957
3.72,0.0264026
3.721,0.0264096
3.722,0.0264165
3.723,0.0264235
3.724,0.0264304
3.725,0.0264373
3.726,0.0264443
3.727,0.0264512
3.728,0.0264581
3.729,0.0264651
3.73,0.026472
3.731,0.026479
3.732,0.0264859
3.733,0.0264928
3.734,0.0264998
3.735,0.0265067
3.736,0.0265136
3.737,0.0265206
3.738,0.0265275
3.739,0.0265344
3.74,0.0265414
3.741,0.0265483
3.742,0.0265553
3.743,0.0265622
3.744,0.0265691
3.745,0.0265761
3.746,0.026583
3.747,0.0265899
3.748,0.0265969
3.749,0.0266038
3.75,0.0266107
3.751,0.0266177
3.752,0.0266246
3.753,0.0266315
3.754,0.0266385
3.755,0.0266454
3.756,0.0266523
3.757,0.0266593
3.758,0.0266662
3.759,0.0266731
3.76,0.02668
3.761,0.026687
3.762,0.0266939
3.763,0.0267008
3.764,0.0267078
3.765,0.0267147
3.766,0.0267216
3.767,0.0267286
3.768,0.0267355
3.769,0.0267424
3.77,0.0267493
3.771,0.0267563
3.772,0.0267632
3.773,0.0267701
3.774,0.0267771
3.775,0.026784
3.776,0.0267909
3.777,0.0267978
3.778,0.0268048
3.779,0.0268117
3.78,0.0268186
3.781,0.0268255
3.782,0.0268325
3.783,0.0268394
3.784,0.0268463
3.785,0.0268532
3.786,0.0268602
3.787,0.0268671
3.788,0.026874
3.789,0.0268809
3.79,0.0268879
3.791,0.0268948
3.792,0.0269017
3.793,0.0269086
3.794,0.0269156
3.795,0.0269225
3.796,0.0269294
3.797,0.0269363
3.798,0.0269432
3.799,0.0269502
3.8,0.0269571
3.801,0.026964
3.802,0.0269709
3.803,0.0269778
3.804,0.0269848
3.805,0.0269917
3.806,0.0269986
3.807,0.0270055
3.808,0.0270124
3.809,0.0270194
3.81,0.0270263
3.811,0.0270332
3.812,0.0270401
3.813,0.027047
3.814,0.027054
3.815,0.0270609
3.816,0.0270678
3.817,0.0270747
3.818,0.0270816
3.819,0.0270885
3.82,0.0270955
3.821,0.0271024
3.822,0.0271093
3.823,0.0271162
3.824,0.0271231
3.825,0.02713
3.826,0.027137
3.827,0.0271439
3.828,0.0271508
3.829,0.0271577
3.83,0.0271646
3.831,0.0271715
3.832,0.0271784
3.833,0.0271854
3.834,0.0271923
3.835,0.0271992
3.836,0.0272061
3.837,0.027213
3.838,0.0272199
3.839,0.0272268
3.84,0.0272337
3.841,0.0272407
3.842,0.0272476
3.843,0.0272545
3.844,0.0272614
3.845,0.0272683
3.846,0.0272752
3.847,0.0272821
3.848,0.027289
3.849,0.0272959
3.85,0.0273029
3.851,0.0273098
3.852,0.0273167
3.853,0.0273236
3.854,0.0273305
3.855,0.0273374
3.856,0.0273443
3.857,0.0273512
3.858,0.0273581
3.859,0.027365
3.86,0.0273719
3.861,0.0273788
3.862,0.0273857
3.863,0.0273927
3.864,0.0273996
3.865,0.0274065
3.866,0.0274134
3.867,0.0274203
3.868,0.0274272
3.869,0.0274341
3.87,0.027441
3.871,0.0274479
3.872,0.0274548
3.873,0.0274617
3.874,0.0274686
3.875,0.0274755
3.876,0.0274824
3.877,0.0274893
3.878,0.0274962
3.879,0.0275031
3.88,0.02751
3.881,0.0275169
3.882,0.0275238
3.883,0.0275307
3.884,0.0275376
3.885,0.0275445
3.886,0.0275514
3.887,0.0275583
3.888,0.0275652
3.889,0.0275721
3.89,0.027579
3.891,0.0275859
3.892,0.0275928
3.893,0.0275997
3.894,0.0276066
3.895,0.0276135
3.896,0.0276204
3.897,0.0276273
3.898,0.0276342
3.899,0.0276411
3.9,0.027648
3.901,0.0276549
3.902,0.0276618
3.903,0.0276687
3.904,0.0276756
3.905,0.0276825
3.906,0.0276894
3.907,0.0276963
3.908,0.0277032
3.909,0.0277101
3.91,0.027717
3.911,0.0277239
3.912,0.0277308
3.913,0.0277377
3.914,0.0277445
3.915,0.0277514
3.916,0.0277583
3.917,0.0277652
3.918,0.0277721
3.919,0.027779
3.92,0.0277859
3.921,0.0277928
3.922,0.0277997
3.923,0.0278066
3.924,0.0278135
3.925,0.0278204
3.926,0.0278273
3.927,0.0278341
3.928,0.027841
3.929,0.0278479
3.93,0.0278548
3.931,0.0278617
3.932,0.0278686
3.933,0.0278755
3.934,0.0278824
3.935,0.0278893
3.936,0.0278961
3.937,0.027903
3.938,0.0279099
3.939,0.0279168
3.94,0.0279237
3.941,0.0279306
3.942,0.0279375
3.943,0.0279444
3.944,0.0279512
3.945,0.0279581
3.946,0.027965
3.947,0.0279719
3.948,0.0279788
3.949,0.0279857
3.95,0.0279926
3.951,0.0279994
3.952,0.0280063
3.953,0.0280132
3.954,0.0280201
3.955,0.028027
3.956,0.0280339
3.957,0.0280407
3.958,0.0280476
3.959,0.0280545
3.96,0.0280614
3.961,0.0280683
3.962,0.0280752
3.963,0.028082
3.964,0.0280889
3.965,0.0280958
3.966,0.0281027
3.967,0.0281096
3.968,0.0281164
3.969,0.0281233
3.97,0.0281302
3.971,0.0281371
3.972,0.028144
3.973,0.0281508
3.974,0.0281577
3.975,0.0281646
3.976,0.0281715
3.977,0.0281783
3.978,0.0281852
3.979,0.0281921
3.98,0.028199
3.981,0.0282059
3.982,0.0282127
3.983,0.0282196
3.984,0.0282265
3.985,0.0282334
3.986,0.0282402
3.987,0.0282471
3.988,0.028254
3.989,0.0282609
3.99,0.0282677
3.991,0.0282746
3.992,0.0282815
3.993,0.0282884
3.994,0.0282952
3.995,0.0283021
3.996,0.028309
3.997,0.0283159
3.998,0.0283227
3.999,0.0283296
4,0.0283365
4.001,0.0283433
4.002,0.0283502
4.003,0.0283571
4.004,0.028364
4.005,0.0283708
4.006,0.0283777
4.007,0.0283846
4.008,0.0283914
4.009,0.0283983
4.01,0.0284052
4.011,0.028412
4.012,0.0284189
4.013,0.0284258
4.014,0.0284326
4.015,0.0284395
4.016,0.0284464
4.017,0.0284532
4.018,0.0284601
4.019,0.028467
4.02,0.0284739
4.021,0.0284807
4.022,0.0284876
4.023,0.0284944
4.024,0.0285013
4.025,0.0285082
4.026,0.028515
4.027,0.0285219
4.028,0.0285288
4.029,0.0285356
4.03,0.0285425
4.031,0.0285494
4.032,0.0285562
4.033,0.0285631
4.034,0.02857
4.035,0.0285768
4.036,0.0285837
4.037,0.0285905
4.038,0.0285974
4.039,0.0286043
4.04,0.0286111
4.041,0.028618
4.042,0.0286249
4.043,0.0286317
4.044,0.0286386
4.045,0.0286454
4.046,0.0286523
4.047,0.0286592
4.048,0.028666
4.049,0.0286729
4.05,0.0286797
4.051,0.0286866
4.052,0.0286934
4.053,0.0287003
4.054,0.0287072
4.055,0.028714
4.056,0.0287209
4.057,0.0287277
4.058,0.0287346
4.059,0.0287414
4.06,0.0287483
4.061,0.0287552
4.062,0.028762
4.063,0.0287689
4.064,0.0287757
4.065,0.0287826
4.066,0.0287894
4.067,0.0287963
4.068,0.0288031
4.069,0.02881
4.07,0.0288169
4.071,0.0288237
4.072,0.0288306
4.073,0.0288374
4.074,0.0288443
4.075,0.0288511
4.076,0.028858
4.077,0.0288648
4.078,0.0288717
4.079,0.0288785
4.08,0.0288854
4.081,0.0288922
4.082,0.0288991
4.083,0.0289059
4.084,0.0289128
4.085,0.0289196
4.086,0.0289265
4.087,0.0289333
4.088,0.0289402
4.089,0.028947
4.09,0.0289539
4.091,0.0289607
4.092,0.0289676
4.093,0.0289744
4.094,0.0289813
4.095,0.0289881
4.096,0.0289949
4.097,0.0290018
4.098,0.0290086
4.099,0.0290155
4.1,0.0290223
4.101,0.0290292
4.102,0.029036
4.103,0.0290429
4.104,0.0290497
4.105,0.0290566
4.106,0.0290634
4.107,0.0290702
4.108,0.0290771
4.109,0.0290839
4.11,0.0290908
4.111,0.0290976
4.112,0.0291045
4.113,0.0291113
4.114,0.0291181
4.115,0.029125
4.116,0.0291318
4.117,0.0291387
4.118,0.0291455
4.119,0.0291523
4.12,0.0291592
4.121,0.029166
4.122,0.0291729
4.123,0.0291797
4.124,0.0291865
4.125,0.0291934
4.126,0.0292002
4.127,0.0292071
4.128,0.0292139
4.129,0.0292207
4.13,0.0292276
4.131,0.0292344
4.132,0.0292412
4.133,0.0292481
4.134,0.0292549
4.135,0.0292618
4.136,0.0292686
4.137,0.0292754
4.138,0.0292823
4.139,0.0292891
4.14,0.0292959
4.141,0.0293028
4.142,0.0293096
4.143,0.0293164
4.144,0.0293233
4.145,0.0293301
4.146,0.0293369
4.147,0.0293438
4.148,0.0293506
4.149,0.0293574
4.15,0.0293643
4.151,0.0293711
4.152,0.0293779
4.153,0.0293848
4.154,0.0293916
4.155,0.0293984
4.156,0.0294052
4.157,0.0294121
4.158,0.0294189
4.159,0.0294257
4.16,0.0294326
4.161,0.0294394
4.162,0.0294462
4.163,0.029453
4.164,0.0294599
4.165,0.0294667
4.166,0.0294735
4.167,0.0294804
4.168,0.0294872
4.169,0.029494
4.17,0.0295008
4.171,0.0295077
4.172,0.0295145
4.173,0.0295213
4.174,0.0295281
4.175,0.029535
4.176,0.0295418
4.177,0.0295486
4.178,0.0295554
4.179,0.0295623
4.18,0.0295691
4.181,0.0295759
4.182,0.0295827
4.183,0.0295896
4.184,0.0295964
4.185,0.0296032
4.186,0.02961
4.187,0.0296168
4.188,0.0296237
4.189,0.0296305
4.19,0.0296373
4.191,0.0296441
4.192,0.0296509
4.193,0.0296578
4.194,0.0296646
4.195,0.0296714
4.196,0.0296782
4.197,0.029685
4.198,0.0296919
4.199,0.0296987
4.2,0.0297055
4.201,0.0297123
4.202,0.0297191
4.203,0.029726
4.204,0.0297328
4.205,0.0297396
4.206,0.0297464
4.207,0.0297532
4.208,0.02976
4.209,0.0297669
4.21,0.0297737
4.211,0.0297805
4.212,0.0297873
4.213,0.0297941
4.214,0.0298009
4.215,0.0298077
4.216,0.0298146
4.217,0.0298214
4.218,0.0298282
4.219,0.029835
4.22,0.0298418
4.221,0.0298486
4.222,0.0298554
4.223,0.0298622
4.224,0.029869
4.225,0.0298759
4.226,0.0298827
4.227,0.0298895
4.228,0.0298963
4.229,0.0299031
4.23,0.0299099
4.231,0.0299167
4.232,0.0299235
4.233,0.0299303
4.234,0.0299371
4.235,0.029944
4.236,0.0299508
4.237,0.0299576
4.238,0.0299644
4.239,0.0299712
4.24,0.029978
4.241,0.0299848
4.242,0.0299916
4.243,0.0299984
4.244,0.0300052
4.245,0.030012
4.246,0.0300188
4.247,0.0300256
4.248,0.0300324
4.249,0.0300392
4.25,0.030046
4.251,0.0300528
4.252,0.0300597
4.253,0.0300665
4.254,0.0300733
4.255,0.0300801
4.256,0.0300869
4.257,0.0300937
4.258,0.0301005
4.259,0.0301073
4.26,0.0301141
4.261,0.0301209
4.262,0.0301277
4.263,0.0301345
4.264,0.0301413
4.265,0.0301481
4.266,0.0301549
4.267,0.0301617
4.268,0.0301685
4.269,0.0301753
4.27,0.0301821
4.271,0.0301889
4.272,0.0301957
4.273,0.0302025
4.274,0.0302093
4.275,0.030216
4.276,0.0302228
4.277,0.0302296
4.278,0.0302364
4.279,0.0302432
4.28,0.03025
4.281,0.0302568
4.282,0.0302636
4.283,0.0302704
4.284,0.0302772
4.285,0.030284
4.286,0.0302908
4.287,0.0302976
4.288,0.0303044
4.289,0.0303112
4.29,0.030318
4.291,0.0303248
4.292,0.0303315
4.293,0.0303383
4.294,0.0303451
4.295,0.0303519
4.296,0.0303587
4.297,0.0303655
4.298,0.0303723
4.299,0.0303791
4.3,0.0303859
4.301,0.0303927
4.302,0.0303995
4.303,0.0304062
4.304,0.030413
4.305,0.0304198
4.306,0.0304266
4.307,0.0304334
4.308,0.0304402
4.309,0.030447
4.31,0.0304538
4.311,0.0304605
4.312,0.0304673
4.313,0.0304741
4.314,0.0304809
4.315,0.0304877
4.316,0.0304945
4.317,0.0305013
4.318,0.030508
4.319,0.0305148
4.32,0.0305216
4.321,0.0305284
4.322,0.0305352
4.323,0.030542
4.324,0.0305487
4.325,0.0305555
4.326,0.0305623
4.327,0.0305691
4.328,0.0305759
4.329,0.0305826
4.33,0.0305894
4.331,0.0305962
4.332,0.030603
4.333,0.0306098
4.334,0.0306165
4.335,0.0306233
4.336,0.0306301
4.337,0.0306369
4.338,0.0306437
4.339,0.0306504
4.34,0.0306572
4.341,0.030664
4.342,0.0306708
4.343,0.0306776
4.344,0.0306843
4.345,0.0306911
4.346,0.0306979
4.347,0.0307047
4.348,0.0307114
4.349,0.0307182
4.35,0.030725
4.351,0.0307318
4.352,0.0307385
4.353,0.0307453
4.354,0.0307521
4.355,0.0307589
4.356,0.0307656
4.357,0.0307724
4.358,0.0307792
4.359,0.0307859
4.36,0.0307927
4.361,0.0307995
4.362,0.0308063
4.363,0.030813
4.364,0.0308198
4.365,0.0308266
4.366,0.0308333
4.367,0.0308401
4.368,0.0308469
4.369,0.0308536
4.37,0.0308604
4.371,0.0308672
4.372,0.030874
4.373,0.0308807
4.374,0.0308875
4.375,0.0308943
4.376,0.030901
4.377,0.0309078
4.378,0.0309146
4.379,0.0309213
4.38,0.0309281
4.381,0.0309349
4.382,0.0309416
4.383,0.0309484
4.384,0.0309552
4.385,0.0309619
4.386,0.0309687
4.387,0.0309754
4.388,0.0309822
4.389,0.030989
4.39,0.0309957
4.391,0.0310025
4.392,0.0310093
4.393,0.031016
4.394,0.0310228
4.395,0.0310295
4.396,0.0310363
4.397,0.0310431
4.398,0.0310498
4.399,0.0310566
4.4,0.0310634
4.401,0.0310701
4.402,0.0310769
4.403,0.0310836
4.404,0.0310904
4.405,0.0310971
4.406,0.0311039
4.407,0.0311107
4.408,0.0311174
4.409,0.0311242
4.41,0.0311309
4.411,0.0311377
4.412,0.0311445
4.413,0.0311512
4.414,0.031158
4.415,0.0311647
4.416,0.0311715
4.417,0.0311782
4.418,0.031185
4.419,0.0311917
4.42,0.0311985
4.421,0.0312052
4.422,0.031212
4.423,0.0312188
4.424,0.0312255
4.425,0.0312323
4.426,0.031239
4.427,0.0312458
4.428,0.0312525
4.429,0.0312593
4.43,0.031266
4.431,0.0312728
4.432,0.0312795
4.433,0.0312863
4.434,0.031293
4.435,0.0312998
4.436,0.0313065
4.437,0.0313133
4.438,0.03132
4.439,0.0313268
4.44,0.0313335
4.441,0.0313403
4.442,0.031347
4.443,0.0313538
4.444,0.0313605
4.445,0.0313672
4.446,0.031374
4.447,0.0313807
4.448,0.0313875
4.449,0.0313942
4.45,0.031401
4.451,0.0314077
4.452,0.0314145
4.453,0.0314212
4.454,0.031428
4.455,0.0314347
4.456,0.0314414
4.457,0.0314482
4.458,0.0314549
4.459,0.0314617
4.46,0.0314684
4.461,0.0314752
4.462,0.0314819
4.463,0.0314886
4.464,0.0314954
4.465,0.0315021
4.466,0.0315089
4.467,0.0315156
4.468,0.0315223
4.469,0.0315291
4.47,0.0315358
4.471,0.0315426
4.472,0.0315493
4.473,0.031556
4.474,0.0315628
4.475,0.0315695
4.476,0.0315762
4.477,0.031583
4.478,0.0315897
4.479,0.0315965
4.48,0.0316032
4.481,0.0316099
4.482,0.0316167
4.483,0.0316234
4.484,0.0316301
4.485,0.0316369
4.486,0.0316436
4.487,0.0316503
4.488,0.0316571
4.489,0.0316638
4.49,0.0316705
4.491,0.0316773
4.492,0.031684
4.493,0.0316907
4.494,0.0316975
4.495,0.0317042
4.496,0.0317109
4.497,0.0317177
4.498,0.0317244
4.499,0.0317311
4.5,0.0317378
4.501,0.0317446
4.502,0.0317513
4.503,0.031758
4.504,0.0317648
4.505,0.0317715
4.506,0.0317782
4.507,0.0317849
4.508,0.0317917
4.509,0.0317984
4.51,0.0318051
4.511,0.0318118
4.512,0.0318186
4.513,0.0318253
4.514,0.031832
4.515,0.0318388
4.516,0.0318455
4.517,0.0318522
4.518,0.0318589
4.519,0.0318657
4.52,0.0318724
4.521,0.0318791
4.522,0.0318858
4.523,0.0318925
4.524,0.0318993
4.525,0.031906
4.526,0.0319127
4.527,0.0319194
4.528,0.0319262
4.529,0.0319329
4.53,0.0319396
4.531,0.0319463
4.532,0.031953
4.533,0.0319598
4.534,0.0319665
4.535,0.0319732
4.536,0.0319799
4.537,0.0319866
4.538,0.0319933
4.539,0.0320001
4.54,0.0320068
4.541,0.0320135
4.542,0.0320202
4.543,0.0320269
4.544,0.0320336
4.545,0.0320404
4.546,0.0320471
4.547,0.0320538
4.548,0.0320605
4.549,0.0320672
4.55,0.0320739
4.551,0.0320807
4.552,0.0320874
4.553,0.0320941
4.554,0.0321008
4.555,0.0321075
4.556,0.0321142
4.557,0.0321209
4.558,0.0321276
4.559,0.0321344
4.56,0.0321411
4.561,0.0321478
4.562,0.0321545
4.563,0.0321612
4.564,0.0321679
4.565,0.0321746
4.566,0.0321813
4.567,0.032188
4.568,0.0321947
4.569,0.0322015
4.57,0.0322082
4.571,0.0322149
4.572,0.0322216
4.573,0.0322283
4.574,0.032235
4.575,0.0322417
4.576,0.0322484
4.577,0.0322551
4.578,0.0322618
4.579,0.0322685
4.58,0.0322752
4.581,0.0322819
4.582,0.0322886
4.583,0.0322953
4.584,0.032302
4.585,0.0323087
4.586,0.0323154
4.587,0.0323221
4.588,0.0323289
4.589,0.0323356
4.59,0.0323423
4.591,0.032349
4.592,0.0323557
4.593,0.0323624
4.594,0.0323691
4.595,0.0323758
4.596,0.0323825
4.597,0.0323892
4.598,0.0323959
4.599,0.0324026
4.6,0.0324093
4.601,0.032416
4.602,0.0324227
4.603,0.0324293
4.604,0.032436
4.605,0.0324427
4.606,0.0324494
4.607,0.0324561
4.608,0.0324628
4.609,0.0324695
4.61,0.0324762
4.611,0.0324829
4.612,0.0324896
4.613,0.0324963
4.614,0.032503
4.615,0.0325097
4.616,0.0325164
4.617,0.0325231
4.618,0.0325298
4.619,0.0325365
4.62,0.0325432
4.621,0.0325499
4.622,0.0325565
4.623,0.0325632
4.624,0.0325699
4.625,0.0325766
4.626,0.0325833
4.627,0.03259
4.628,0.0325967
4.629,0.0326034
4.63,0.0326101
4.631,0.0326168
4.632,0.0326234
4.633,0.0326301
4.634,0.0326368
4.635,0.0326435
4.636,0.0326502
4.637,0.0326569
4.638,0.0326636
4.639,0.0326703
4.64,0.0326769
4.641,0.0326836
4.642,0.0326903
4.643,0.032697
4.644,0.0327037
4.645,0.0327104
4.646,0.032717
4.647,0.0327237
4.648,0.0327304
4.649,0.0327371
4.65,0.0327438
4.651,0.0327505
4.652,0.0327571
4.653,0.0327638
4.654,0.0327705
4.655,0.0327772
4.656,0.0327839
4.657,0.0327905
4.658,0.0327972
4.659,0.0328039
4.66,0.0328106
4.661,0.0328173
4.662,0.0328239
4.663,0.0328306
4.664,0.0328373
4.665,0.032844
4.666,0.0328507
4.667,0.0328573
4.668,0.032864
4.669,0.0328707
4.67,0.0328774
4.671,0.032884
4.672,0.0328907
4.673,0.0328974
4.674,0.0329041
4.675,0.0329107
4.676,0.0329174
4.677,0.0329241
4.678,0.0329308
4.679,0.0329374
4.68,0.0329441
4.681,0.0329508
4.682,0.0329575
4.683,0.0329641
4.684,0.0329708
4.685,0.0329775
4.686,0.0329841
4.687,0.0329908
4.688,0.0329975
4.689,0.0330042
4.69,0.0330108
4.691,0.0330175
4.692,0.0330242
4.693,0.0330308
4.694,0.0330375
4.695,0.0330442
4.696,0.0330508
4.697,0.0330575
4.698,0.0330642
4.699,0.0330708
4.7,0.0330775
4.701,0.0330842
4.702,0.0330908
4.703,0.0330975
4.704,0.0331042
4.705,0.0331108
4.706,0.0331175
4.707,0.0331242
4.708,0.0331308
4.709,0.0331375
4.71,0.0331442
4.711,0.0331508
4.712,0.0331575
4.713,0.0331641
4.714,0.0331708
4.715,0.0331775
4.716,0.0331841
4.717,0.0331908
4.718,0.0331974
4.719,0.0332041
4.72,0.0332108
4.721,0.0332174
4.722,0.0332241
4.723,0.0332307
4.724,0.0332374
4.725,0.0332441
4.726,0.0332507
4.727,0.0332574
4.728,0.033264
4.729,0.0332707
4.73,0.0332773
4.731,0.033284
4.732,0.0332907
4.733,0.0332973
4.734,0.033304
4.735,0.0333106
4.736,0.0333173
4.737,0.0333239
4.738,0.0333306
4.739,0.0333372
4.74,0.0333439
4.741,0.0333506
4.742,0.0333572
4.743,0.0333639
4.744,0.0333705
4.745,0.0333772
4.746,0.0333838
4.747,0.0333905
4.748,0.0333971
4.749,0.0334038
4.75,0.0334104
4.751,0.0334171
4.752,0.0334237
4.753,0.0334304
4.754,0.033437
4.755,0.0334437
4.756,0.0334503
4.757,0.033457
4.758,0.0334636
4.759,0.0334703
4.76,0.0334769
4.761,0.0334835
4.762,0.0334902
4.763,0.0334968
4.764,0.0335035
4.765,0.0335101
4.766,0.0335168
4.767,0.0335234
4.768,0.0335301
4.769,0.0335367
4.77,0.0335434
4.771,0.03355
4.772,0.0335566
4.773,0.0335633
4.774,0.0335699
4.775,0.0335766
4.776,0.0335832
4.777,0.0335898
4.778,0.0335965
4.779,0.0336031
4.78,0.0336098
4.781,0.0336164
4.782,0.033623
4.783,0.0336297
4.784,0.0336363
4.785,0.033643
4.786,0.0336496
4.787,0.0336562
4.788,0.0336629
4.789,0.0336695
4.79,0.0336762
4.791,0.0336828
4.792,0.0336894
4.793,0.0336961
4.794,0.0337027
4.795,0.0337093
4.796,0.033716
4.797,0.0337226
4.798,0.0337292
4.799,0.0337359
4.8,0.0337425
4.801,0.0337491
4.802,0.0337558
4.803,0.0337624
4.804,0.033769
4.805,0.0337757
4.806,0.0337823
4.807,0.0337889
4.808,0.0337956
4.809,0.0338022
4.81,0.0338088
4.811,0.0338155
4.812,0.0338221
4.813,0.0338287
4.814,0.0338353
4.815,0.033842
4.816,0.0338486
4.817,0.0338552
4.818,0.0338619
4.819,0.0338685
4.82,0.0338751
4.821,0.0338817
4.822,0.0338884
4.823,0.033895
4.824,0.0339016
4.825,0.0339082
4.826,0.0339149
4.827,0.0339215
4.828,0.0339281
4.829,0.0339347
4.83,0.0339414
4.831,0.033948
4.832,0.0339546
4.833,0.0339612
4.834,0.0339679
4.835,0.0339745
4.836,0.0339811
4.837,0.0339877
4.838,0.0339943
4.839,0.034001
4.84,0.0340076
4.841,0.0340142
4.842,0.0340208
4.843,0.0340274
4.844,0.0340341
4.845,0.0340407
4.846,0.0340473
4.847,0.0340539
4.848,0.0340605
4.849,0.0340672
4.85,0.0340738
4.851,0.0340804
4.852,0.034087
4.853,0.0340936
4.854,0.0341002
4.855,0.0341068
4.856,0.0341135
4.857,0.0341201
4.858,0.0341267
4.859,0.0341333
4.86,0.0341399
4.861,0.0341465
4.862,0.0341531
4.863,0.0341598
4.864,0.0341664
4.865,0.034173
4.866,0.0341796
4.867,0.0341862
4.868,0.0341928
4.869,0.0341994
4.87,0.034206
4.871,0.0342126
4.872,0.0342193
4.873,0.0342259
4.874,0.0342325
4.875,0.0342391
4.876,0.0342457
4.877,0.0342523
4.878,0.0342589
4.879,0.0342655
4.88,0.0342721
4.881,0.0342787
4.882,0.0342853
4.883,0.0342919
4.884,0.0342985
4.885,0.0343052
4.886,0.0343118
4.887,0.0343184
4.888,0.034325
4.889,0.0343316
4.89,0.0343382
4.891,0.0343448
4.892,0.0343514
4.893,0.034358
4.894,0.0343646
4.895,0.0343712
4.896,0.0343778
4.897,0.0343844
4.898,0.034391
4.899,0.0343976
4.9,0.0344042
4.901,0.0344108
4.902,0.0344174
4.903,0.034424
4.904,0.0344306
4.905,0.0344372
4.906,0.0344438
4.907,0.0344504
4.908,0.034457
4.909,0.0344636
4.91,0.0344702
4.911,0.0344768
4.912,0.0344834
4.913,0.03449
4.914,0.0344966
4.915,0.0345032
4.916,0.0345097
4.917,0.0345163
4.918,0.0345229
4.919,0.0345295
4.92,0.0345361
4.921,0.0345427
4.922,0.0345493
4.923,0.0345559
4.924,0.0345625
4.925,0.0345691
4.926,0.0345757
4.927,0.0345823
4.928,0.0345889
4.929,0.0345954
4.93,0.034602
4.931,0.0346086
4.932,0.0346152
4.933,0.0346218
4.934,0.0346284
4.935,0.034635
4.936,0.0346416
4.937,0.0346482
4.938,0.0346547
4.939,0.0346613
4.94,0.0346679
4.941,0.0346745
4.942,0.0346811
4.943,0.0346877
4.944,0.0346943
4.945,0.0347008
4.946,0.0347074
4.947,0.034714
4.948,0.0347206
4.949,0.0347272
4.95,0.0347338
4.951,0.0347403
4.952,0.0347469
4.953,0.0347535
4.954,0.0347601
4.955,0.0347667
4.956,0.0347733
4.957,0.0347798
4.958,0.0347864
4.959,0.034793
4.96,0.0347996
4.961,0.0348062
4.962,0.0348127
4.963,0.0348193
4.964,0.0348259
4.965,0.0348325
4.966,0.034839
4.967,0.0348456
4.968,0.0348522
4.969,0.0348588
4.97,0.0348654
4.971,0.0348719
4.972,0.0348785
4.973,0.0348851
4.974,0.0348917
4.975,0.0348982
4.976,0.0349048
4.977,0.0349114
4.978,0.034918
4.979,0.0349245
4.98,0.0349311
4.981,0.0349377
4.982,0.0349442
4.983,0.0349508
4.984,0.0349574
4.985,0.034964
4.986,0.0349705
4.987,0.0349771
4.988,0.0349837
4.989,0.0349902
4.99,0.0349968
4.991,0.0350034
4.992,0.0350099
4.993,0.0350165
4.994,0.0350231
4.995,0.0350297
4.996,0.0350362
4.997,0.0350428
4.998,0.0350494
4.999,0.0350559
5,0.0350625
5.001,0.035069
5.002,0.0350756
5.003,0.0350822
5.004,0.0350887
5.005,0.0350953
5.006,0.0351019
5.007,0.0351084
5.008,0.035115
5.009,0.0351216
5.01,0.0351281
5.011,0.0351347
5.012,0.0351412
5.013,0.0351478
5.014,0.0351544
5.015,0.0351609
5.016,0.0351675
5.017,0.0351741
5.018,0.0351806
5.019,0.0351872
5.02,0.0351937
5.021,0.0352003
5.022,0.0352068
5.023,0.0352134
5.024,0.03522
5.025,0.0352265
5.026,0.0352331
5.027,0.0352396
5.028,0.0352462
5.029,0.0352527
5.03,0.0352593
5.031,0.0352659
5.032,0.0352724
5.033,0.035279
5.034,0.0352855
5.035,0.0352921
5.036,0.0352986
5.037,0.0353052
5.038,0.0353117
5.039,0.0353183
5.04,0.0353248
5.041,0.0353314
5.042,0.0353379
5.043,0.0353445
5.044,0.035351
5.045,0.0353576
5.046,0.0353641
5.047,0.0353707
5.048,0.0353772
5.049,0.0353838
5.05,0.0353903
5.051,0.0353969
5.052,0.0354034
5.053,0.03541
5.054,0.0354165
5.055,0.0354231
5.056,0.0354296
5.057,0.0354362
5.058,0.0354427
5.059,0.0354493
5.06,0.0354558
5.061,0.0354623
5.062,0.0354689
5.063,0.0354754
5.064,0.035482
5.065,0.0354885
5.066,0.0354951
5.067,0.0355016
5.068,0.0355081
5.069,0.0355147
5.07,0.0355212
5.071,0.0355278
5.072,0.0355343
5.073,0.0355409
5.074,0.0355474
5.075,0.0355539
5.076,0.0355605
5.077,0.035567
5.078,0.0355736
5.079,0.0355801
5.08,0.0355866
5.081,0.0355932
5.082,0.0355997
5.083,0.0356062
5.084,0.0356128
5.085,0.0356193
5.086,0.0356258
5.087,0.0356324
5.088,0.0356389
5.089,0.0356455
5.09,0.035652
5.091,0.0356585
5.092,0.0356651
5.093,0.0356716
5.094,0.0356781
5.095,0.0356847
5.096,0.0356912
5.097,0.0356977
5.098,0.0357043
5.099,0.0357108
5.1,0.0357173
5.101,0.0357238
5.102,0.0357304
5.103,0.0357369
5.104,0.0357434
5.105,0.03575
5.106,0.0357565
5.107,0.035763
5.108,0.0357695
5.109,0.0357761
5.11,0.0357826
5.111,0.0357891
5.112,0.0357957
5.113,0.0358022
5.114,0.0358087
5.115,0.0358152
5.116,0.0358218
5.117,0.0358283
5.118,0.0358348
5.119,0.0358413
5.12,0.0358479
5.121,0.0358544
5.122,0.0358609
5.123,0.0358674
5.124,0.035874
5.125,0.0358805
5.126,0.035887
5.127,0.0358935
5.128,0.0359
5.129,0.0359066
5.13,0.0359131
5.131,0.0359196
5.132,0.0359261
5.133,0.0359326
5.134,0.0359392
5.135,0.0359457
5.136,0.0359522
5.137,0.0359587
5.138,0.0359652
5.139,0.0359717
5.14,0.0359783
5.141,0.0359848
5.142,0.0359913
5.143,0.0359978
5.144,0.0360043
5.145,0.0360108
5.146,0.0360174
5.147,0.0360239
5.148,0.0360304
5.149,0.0360369
5.15,0.0360434
5.151,0.0360499
5.152,0.0360564
5.153,0.0360629
5.154,0.0360695
5.155,0.036076
5.156,0.0360825
5.157,0.036089
5.158,0.0360955
5.159,0.036102
5.16,0.0361085
5.161,0.036115
5.162,0.0361215
5.163,0.0361281
5.164,0.0361346
5.165,0.0361411
5.166,0.0361476
5.167,0.0361541
5.168,0.0361606
5.169,0.0361671
5.17,0.0361736
5.171,0.0361801
5.172,0.0361866
5.173,0.0361931
5.174,0.0361996
5.175,0.0362061
5.176,0.0362126
5.177,0.0362191
5.178,0.0362256
5.179,0.0362321
5.18,0.0362386
5.181,0.0362451
5.182,0.0362516
5.183,0.0362581
5.184,0.0362647
5.185,0.0362712
5.186,0.0362777
5.187,0.0362842
5.188,0.0362907
5.189,0.0362972
5.19,0.0363037
5.191,0.0363101
5.192,0.0363166
5.193,0.0363231
5.194,0.0363296
5.195,0.0363361
5.196,0.0363426
5.197,0.0363491
5.198,0.0363556
5.199,0.0363621
5.2,0.0363686
5.201,0.0363751
5.202,0.0363816
5.203,0.0363881
5.204,0.0363946
5.205,0.0364011
5.206,0.0364076
5.207,0.0364141
5.208,0.0364206
5.209,0.0364271
5.21,0.0364336
5.211,0.03644
5.212,0.0364465
5.213,0.036453
5.214,0.0364595
5.215,0.036466
5.216,0.0364725
5.217,0.036479
5.218,0.0364855
5.219,0.036492
5.22,0.0364985
5.221,0.0365049
5.222,0.0365114
5.223,0.0365179
5.224,0.0365244
5.225,0.0365309
5.226,0.0365374
5.227,0.0365439
5.228,0.0365503
5.229,0.0365568
5.23,0.0365633
5.231,0.0365698
5.232,0.0365763
5.233,0.0365828
5.234,0.0365893
5.235,0.0365957
5.236,0.0366022
5.237,0.0366087
5.238,0.0366152
5.239,0.0366217
5.24,0.0366281
5.241,0.0366346
5.242,0.0366411
5.243,0.0366476
5.244,0.0366541
5.245,0.0366605
5.246,0.036667
5.247,0.0366735
5.248,0.03668
5.249,0.0366865
5.25,0.0366929
5.251,0.0366994
5.252,0.0367059
5.253,0.0367124
5.254,0.0367188
5.255,0.0367253
5.256,0.0367318
5.257,0.0367383
5.258,0.0367447
5.259,0.0367512
5.26,0.0367577
5.261,0.0367642
5.262,0.0367706
5.263,0.0367771
5.264,0.0367836
5.265,0.03679
5.266,0.0367965
5.267,0.036803
5.268,0.0368095
5.269,0.0368159
5.27,0.0368224
5.271,0.0368289
5.272,0.0368353
5.273,0.0368418
5.274,0.0368483
5.275,0.0368547
5.276,0.0368612
5.277,0.0368677
5.278,0.0368742
5.279,0.0368806
5.28,0.0368871
5.281,0.0368936
5.282,0.0369
5.283,0.0369065
5.284,0.0369129
5.285,0.0369194
5.286,0.0369259
5.287,0.0369323
5.288,0.0369388
5.289,0.0369453
5.29,0.0369517
5.291,0.0369582
5.292,0.0369647
5.293,0.0369711
5.294,0.0369776
5.295,0.036984
5.296,0.0369905
5.297,0.036997
5.298,0.0370034
5.299,0.0370099
5.3,0.0370163
5.301,0.0370228
5.302,0.0370293
5.303,0.0370357
5.304,0.0370422
5.305,0.0370486
5.306,0.0370551
5.307,0.0370615
5.308,0.037068
5.309,0.0370745
5.31,0.0370809
5.311,0.0370874
5.312,0.0370938
5.313,0.0371003
5.314,0.0371067
5.315,0.0371132
5.316,0.0371196
5.317,0.0371261
5.318,0.0371325
5.319,0.037139
5.32,0.0371454
5.321,0.0371519
5.322,0.0371584
5.323,0.0371648
5.324,0.0371713
5.325,0.0371777
5.326,0.0371842
5.327,0.0371906
5.328,0.0371971
5.329,0.0372035
5.33,0.0372099
5.331,0.0372164
5.332,0.0372228
5.333,0.0372293
5.334,0.0372357
5.335,0.0372422
5.336,0.0372486
5.337,0.0372551
5.338,0.0372615
5.339,0.037268
5.34,0.0372744
5.341,0.0372809
5.342,0.0372873
5.343,0.0372937
5.344,0.0373002
5.345,0.0373066
5.346,0.0373131
5.347,0.0373195
5.348,0.037326
5.349,0.0373324
5.35,0.0373388
5.351,0.0373453
5.352,0.0373517
5.353,0.0373582
5.354,0.0373646
5.355,0.037371
5.356,0.0373775
5.357,0.0373839
5.358,0.0373904
5.359,0.0373968
5.36,0.0374032
5.361,0.0374097
5.362,0.0374161
5.363,0.0374225
5.364,0.037429
5.365,0.0374354
5.366,0.0374418
5.367,0.0374483
5.368,0.0374547
5.369,0.0374611
5.37,0.0374676
5.371,0.037474
5.372,0.0374804
5.373,0.0374869
5.374,0.0374933
5.375,0.0374997
5.376,0.0375062
5.377,0.0375126
5.378,0.037519
5.379,0.0375255
5.38,0.0375319
5.381,0.0375383
5.382,0.0375448
5.383,0.0375512
5.384,0.0375576
5.385,0.037564
5.386,0.0375705
5.387,0.0375769
5.388,0.0375833
5.389,0.0375897
5.39,0.0375962
5.391,0.0376026
5.392,0.037609
5.393,0.0376155
5.394,0.0376219
5.395,0.0376283
5.396,0.0376347
5.397,0.0376411
5.398,0.0376476
5.399,0.037654
5.4,0.0376604
5.401,0.0376668
5.402,0.0376733
5.403,0.0376797
5.404,0.0376861
5.405,0.0376925
5.406,0.0376989
5.407,0.0377054
5.408,0.0377118
5.409,0.0377182
5.41,0.0377246
5.411,0.037731
5.412,0.0377375
5.413,0.0377439
5.414,0.0377503
5.415,0.0377567
5.416,0.0377631
5.417,0.0377695
5.418,0.037776
5.419,0.0377824
5.42,0.0377888
5.421,0.0377952
5.422,0.0378016
5.423,0.037808
5.424,0.0378144
5.425,0.0378209
5.426,0.0378273
5.427,0.0378337
5.428,0.0378401
5.429,0.0378465
5.43,0.0378529
5.431,0.0378593
5.432,0.0378657
5.433,0.0378722
5.434,0.0378786
5.435,0.037885
5.436,0.0378914
5.437,0.0378978
5.438,0.0379042
5.439,0.0379106
5.44,0.037917
5.441,0.0379234
5.442,0.0379298
5.443,0.0379362
5.444,0.0379426
5.445,0.0379491
5.446,0.0379555
5.447,0.0379619
5.448,0.0379683
5.449,0.0379747
5.45,0.0379811
5.451,0.0379875
5.452,0.0379939
5.453,0.0380003
5.454,0.0380067
5.455,0.0380131
5.456,0.0380195
5.457,0.0380259
5.458,0.0380323
5.459,0.0380387
5.46,0.0380451
5.461,0.0380515
5.462,0.0380579
5.463,0.0380643
5.464,0.0380707
5.465,0.0380771
5.466,0.0380835
5.467,0.0380899
5.468,0.0380963
5.469,0.0381027
5.47,0.0381091
5.471,0.0381155
5.472,0.0381219
5.473,0.0381283
5.474,0.0381347
5.475,0.0381411
5.476,0.0381474
5.477,0.0381538
5.478,0.0381602
5.479,0.0381666
5.48,0.038173
5.481,0.0381794
5.482,0.0381858
5.483,0.0381922
5.484,0.0381986
5.485,0.038205
5.486,0.0382114
5.487,0.0382178
5.488,0.0382242
5.489,0.0382305
5.49,0.0382369
5.491,0.0382433
5.492,0.0382497
5.493,0.0382561
5.494,0.0382625
5.495,0.0382689
5.496,0.0382753
5.497,0.0382816
5.498,0.038288
5.499,0.0382944
5.5,0.0383008
5.501,0.0383072
5.502,0.0383136
5.503,0.03832
5.504,0.0383263
5.505,0.0383327
5.506,0.0383391
5.507,0.0383455
5.508,0.0383519
5.509,0.0383583
5.51,0.0383646
5.511,0.038371
5.512,0.0383774
5.513,0.0383838
5.514,0.0383902
5.515,0.0383965
5.516,0.0384029
5.517,0.0384093
5.518,0.0384157
5.519,0.0384221
5.52,0.0384284
5.521,0.0384348
5.522,0.0384412
5.523,0.0384476
5.524,0.0384539
5.525,0.0384603
5.526,0.0384667
5.527,0.0384731
5.528,0.0384794
5.529,0.0384858
5.53,0.0384922
5.531,0.0384986
5.532,0.0385049
5.533,0.0385113
5.534,0.0385177
5.535,0.0385241
5.536,0.0385304
5.537,0.0385368
5.538,0.0385432
5.539,0.0385495
5.54,0.0385559
5.541,0.0385623
5.542,0.0385686
5.543,0.038575
5.544,0.0385814
5.545,0.0385878
5.546,0.0385941
5.547,0.0386005
5.548,0.0386069
5.549,0.0386132
5.55,0.0386196
5.551,0.038626
5.552,0.0386323
5.553,0.0386387
5.554,0.0386451
5.555,0.0386514
5.556,0.0386578
5.557,0.0386641
5.558,0.0386705
5.559,0.0386769
5.56,0.0386832
5.561,0.0386896
5.562,0.038696
5.563,0.0387023
5.564,0.0387087
5.565,0.038715
5.566,0.0387214
5.567,0.0387278
5.568,0.0387341
5.569,0.0387405
5.57,0.0387468
5.571,0.0387532
5.572,0.0387596
5.573,0.0387659
5.574,0.0387723
5.575,0.0387786
5.576,0.038785
5.577,0.0387913
5.578,0.0387977
5.579,0.0388041
5.58,0.0388104
5.581,0.0388168
5.582,0.0388231
5.583,0.0388295
5.584,0.0388358
5.585,0.0388422
5.586,0.0388485
5.587,0.0388549
5.588,0.0388612
5.589,0.0388676
5.59,0.0388739
5.591,0.0388803
5.592,0.0388866
5.593,0.038893
5.594,0.0388993
5.595,0.0389057
5.596,0.038912
5.597,0.0389184
5.598,0.0389247
5.599,0.0389311
5.6,0.0389374
5.601,0.0389438
5.602,0.0389501
5.603,0.0389565
5.604,0.0389628
5.605,0.0389692
5.606,0.0389755
5.607,0.0389819
5.608,0.0389882
5.609,0.0389946
5.61,0.0390009
5.611,0.0390072
5.612,0.0390136
5.613,0.0390199
5.614,0.0390263
5.615,0.0390326
5.616,0.039039
5.617,0.0390453
5.618,0.0390516
5.619,0.039058
5.62,0.0390643
5.621,0.0390707
5.622,0.039077
5.623,0.0390833
5.624,0.0390897
5.625,0.039096
5.626,0.0391023
5.627,0.0391087
5.628,0.039115
5.629,0.0391214
5.63,0.0391277
5.631,0.039134
5.632,0.0391404
5.633,0.0391467
5.634,0.039153
5.635,0.0391594
5.636,0.0391657
5.637,0.039172
5.638,0.0391784
5.639,0.0391847
5.64,0.039191
5.641,0.0391974
5.642,0.0392037
5.643,0.03921
5.644,0.0392164
5.645,0.0392227
5.646,0.039229
5.647,0.0392354
5.648,0.0392417
5.649,0.039248
5.65,0.0392543
5.651,0.0392607
5.652,0.039267
5.653,0.0392733
5.654,0.0392797
5.655,0.039286
5.656,0.0392923
5.657,0.0392986
5.658,0.039305
5.659,0.0393113
5.66,0.0393176
5.661,0.0393239
5.662,0.0393303
5.663,0.0393366
5.664,0.0393429
5.665,0.0393492
5.666,0.0393555
5.667,0.0393619
5.668,0.0393682
5.669,0.0393745
5.67,0.0393808
5.671,0.0393872
5.672,0.0393935
5.673,0.0393998
5.674,0.0394061
5.675,0.0394124
5.676,0.0394188
5.677,0.0394251
5.678,0.0394314
5.679,0.0394377
5.68,0.039444
5.681,0.0394503
5.682,0.0394567
5.683,0.039463
5.684,0.0394693
5.685,0.0394756
5.686,0.0394819
5.687,0.0394882
5.688,0.0394945
5.689,0.0395009
5.69,0.0395072
5.691,0.0395135
5.692,0.0395198
5.693,0.0395261
5.694,0.0395324
5.695,0.0395387
5.696,0.039545
5.697,0.0395514
5.698,0.0395577
5.699,0.039564
5.7,0.0395703
5.701,0.0395766
5.702,0.0395829
5.703,0.0395892
5.704,0.0395955
5.705,0.0396018
5.706,0.0396081
5.707,0.0396144
5.708,0.0396208
5.709,0.0396271
5.71,0.0396334
5.711,0.0396397
5.712,0.039646
5.713,0.0396523
5.714,0.0396586
5.715,0.0396649
5.716,0.0396712
5.717,0.0396775
5.718,0.0396838
5.719,0.0396901
5.72,0.0396964
5.721,0.0397027
5.722,0.039709
5.723,0.0397153
5.724,0.0397216
5.725,0.0397279
5.726,0.0397342
5.727,0.0397405
5.728,0.0397468
5.729,0.0397531
5.73,0.0397594
5.731,0.0397657
5.732,0.039772
5.733,0.0397783
5.734,0.0397846
5.735,0.0397909
5.736,0.0397972
5.737,0.0398035
5.738,0.0398098
5.739,0.0398161
5.74,0.0398224
5.741,0.0398287
5.742,0.0398349
5.743,0.0398412
5.744,0.0398475
5.745,0.0398538
5.746,0.0398601
5.747,0.0398664
5.748,0.0398727
5.749,0.039879
5.75,0.0398853
5.751,0.0398916
5.752,0.0398979
5.753,0.0399041
5.754,0.0399104
5.755,0.0399167
5.756,0.039923
5.757,0.0399293
5.758,0.0399356
5.759,0.0399419
5.76,0.0399482
5.761,0.0399544
5.762,0.0399607
5.763,0.039967
5.764,0.0399733
5.765,0.0399796
5.766,0.0399859
5.767,0.0399922
5.768,0.0399984
5.769,0.0400047
5.77,0.040011
5.771,0.0400173
5.772,0.0400236
5.773,0.0400299
5.774,0.0400361
5.775,0.0400424
5.776,0.0400487
5.777,0.040055
5.778,0.0400613
5.779,0.0400675
5.78,0.0400738
5.781,0.0400801
5.782,0.0400864
5.783,0.0400926
5.784,0.0400989
5.785,0.0401052
5.786,0.0401115
5.787,0.0401178
5.788,0.040124
5.789,0.0401303
5.79,0.0401366
5.791,0.0401429
5.792,0.0401491
5.793,0.0401554
5.794,0.0401617
5.795,0.0401679
5.796,0.0401742
5.797,0.0401805
5.798,0.0401868
5.799,0.040193
5.8,0.0401993
5.801,0.0402056
5.802,0.0402118
5.803,0.0402181
5.804,0.0402244
5.805,0.0402307
5.806,0.0402369
5.807,0.0402432
5.808,0.0402495
5.809,0.0402557
5.81,0.040262
5.811,0.0402683
5.812,0.0402745
5.813,0.0402808
5.814,0.0402871
5.815,0.0402933
5.816,0.0402996
5.817,0.0403059
5.818,0.0403121
5.819,0.0403184
5.82,0.0403246
5.821,0.0403309
5.822,0.0403372
5.823,0.0403434
5.824,0.0403497
5.825,0.040356
5.826,0.0403622
5.827,0.0403685
5.828,0.0403747
5.829,0.040381
5.83,0.0403873
5.831,0.0403935
5.832,0.0403998
5.833,0.040406
5.834,0.0404123
5.835,0.0404185
5.836,0.0404248
5.837,0.0404311
5.838,0.0404373
5.839,0.0404436
5.84,0.0404498
5.841,0.0404561
5.842,0.0404623
5.843,0.0404686
5.844,0.0404748
5.845,0.0404811
5.846,0.0404874
5.847,0.0404936
5.848,0.0404999
5.849,0.0405061
5.85,0.0405124
5.851,0.0405186
5.852,0.0405249
5.853,0.0405311
5.854,0.0405374
5.855,0.0405436
5.856,0.0405499
5.857,0.0405561
5.858,0.0405624
5.859,0.0405686
5.86,0.0405749
5.861,0.0405811
5.862,0.0405874
5.863,0.0405936
5.864,0.0405998
5.865,0.0406061
5.866,0.0406123
5.867,0.0406186
5.868,0.0406248
5.869,0.0406311
5.87,0.0406373
5.871,0.0406436
5.872,0.0406498
5.873,0.040656
5.874,0.0406623
5.875,0.0406685
5.876,0.0406748
5.877,0.040681
5.878,0.0406873
5.879,0.0406935
5.88,0.0406997
5.881,0.040706
5.882,0.0407122
5.883,0.0407184
5.884,0.0407247
5.885,0.0407309
5.886,0.0407372
5.887,0.0407434
5.888,0.0407496
5.889,0.0407559
5.89,0.0407621
5.891,0.0407683
5.892,0.0407746
5.893,0.0407808
5.894,0.0407871
5.895,0.0407933
5.896,0.0407995
5.897,0.0408058
5.898,0.040812
5.899,0.0408182
5.9,0.0408244
5.901,0.0408307
5.902,0.0408369
5.903,0.0408431
5.904,0.0408494
5.905,0.0408556
5.906,0.0408618
5.907,0.0408681
5.908,0.0408743
5.909,0.0408805
5.91,0.0408867
5.911,0.040893
5.912,0.0408992
5.913,0.0409054
5.914,0.0409117
5.915,0.0409179
5.916,0.0409241
5.917,0.0409303
5.918,0.0409366
5.919,0.0409428
5.92,0.040949
5.921,0.0409552
5.922,0.0409615
5.923,0.0409677
5.924,0.0409739
5.925,0.0409801
5.926,0.0409863
5.927,0.0409926
5.928,0.0409988
5.929,0.041005
5.93,0.0410112
5.931,0.0410175
5.932,0.0410237
5.933,0.0410299
5.934,0.0410361
5.935,0.0410423
5.936,0.0410485
5.937,0.0410548
5.938,0.041061
5.939,0.0410672
5.94,0.0410734
5.941,0.0410796
5.942,0.0410858
5.943,0.0410921
5.944,0.0410983
5.945,0.0411045
5.946,0.0411107
5.947,0.0411169
5.948,0.0411231
5.949,0.0411293
5.95,0.0411356
5.951,0.0411418
5.952,0.041148
5.953,0.0411542
5.954,0.0411604
5.955,0.0411666
5.956,0.0411728
5.957,0.041179
5.958,0.0411852
5.959,0.0411915
5.96,0.0411977
5.961,0.0412039
5.962,0.0412101
5.963,0.0412163
5.964,0.0412225
5.965,0.0412287
5.966,0.0412349
5.967,0.0412411
5.968,0.0412473
5.969,0.0412535
5.97,0.0412597
5.971,0.0412659
5.972,0.0412721
5.973,0.0412783
5.974,0.0412845
5.975,0.0412907
5.976,0.0412969
5.977,0.0413031
5.978,0.0413094
5.979,0.0413156
5.98,0.0413218
5.981,0.041328
5.982,0.0413342
5.983,0.0413404
5.984,0.0413466
5.985,0.0413528
5.986,0.0413589
5.987,0.0413651
5.988,0.0413713
5.989,0.0413775
5.99,0.0413837
5.991,0.0413899
5.992,0.0413961
5.993,0.0414023
5.994,0.0414085
5.995,0.0414147
5.996,0.0414209
5.997,0.0414271
5.998,0.0414333
5.999,0.0414395
6,0.0414457
6.001,0.0414519
6.002,0.0414581
6.003,0.0414643
6.004,0.0414705
6.005,0.0414766
6.006,0.0414828
6.007,0.041489
6.008,0.0414952
6.009,0.0415014
6.01,0.0415076
6.011,0.0415138
6.012,0.04152
6.013,0.0415262
6.014,0.0415323
6.015,0.0415385
6.016,0.0415447
6.017,0.0415509
6.018,0.0415571
6.019,0.0415633
6.02,0.0415695
6.021,0.0415756
6.022,0.0415818
6.023,0.041588
6.024,0.0415942
6.025,0.0416004
6.026,0.0416066
6.027,0.0416127
6.028,0.0416189
6.029,0.0416251
6.03,0.0416313
6.031,0.0416375
6.032,0.0416437
6.033,0.0416498
6.034,0.041656
6.035,0.0416622
6.036,0.0416684
6.037,0.0416745
6.038,0.0416807
6.039,0.0416869
6.04,0.0416931
6.041,0.0416993
6.042,0.0417054
6.043,0.0417116
6.044,0.0417178
6.045,0.041724
6.046,0.0417301
6.047,0.0417363
6.048,0.0417425
6.049,0.0417487
6.05,0.0417548
6.051,0.041761
6.052,0.0417672
6.053,0.0417733
6.054,0.0417795
6.055,0.0417857
6.056,0.0417919
6.057,0.041798
6.058,0.0418042
6.059,0.0418104
6.06,0.0418165
6.061,0.0418227
6.062,0.0418289
6.063,0.041835
6.064,0.0418412
6.065,0.0418474
6.066,0.0418535
6.067,0.0418597
6.068,0.0418659
6.069,0.041872
6.07,0.0418782
6.071,0.0418844
6.072,0.0418905
6.073,0.0418967
6.074,0.0419029
6.075,0.041909
6.076,0.0419152
6.077,0.0419214
6.078,0.0419275
6.079,0.0419337
6.08,0.0419398
6.081,0.041946
6.082,0.0419522
6.083,0.0419583
6.084,0.0419645
6.085,0.0419706
6.086,0.0419768
6.087,0.041983
6.088,0.0419891
6.089,0.0419953
6.09,0.0420014
6.091,0.0420076
6.092,0.0420137
6.093,0.0420199
6.094,0.0420261
6.095,0.0420322
6.096,0.0420384
6.097,0.0420445
6.098,0.0420507
6.099,0.0420568
6.1,0.042063
6.101,0.0420691
6.102,0.0420753
6.103,0.0420814
6.104,0.0420876
6.105,0.0420937
6.106,0.0420999
6.107,0.042106
6.108,0.0421122
6.109,0.0421183
6.11,0.0421245
6.111,0.0421306
6.112,0.0421368
6.113,0.0421429
6.114,0.0421491
6.115,0.0421552
6.116,0.0421614
6.117,0.0421675
6.118,0.0421737
6.119,0.0421798
6.12,0.042186
6.121,0.0421921
6.122,0.0421983
6.123,0.0422044
6.124,0.0422105
6.125,0.0422167
6.126,0.0422228
6.127,0.042229
6.128,0.0422351
6.129,0.0422413
6.13,0.0422474
6.131,0.0422535
6.132,0.0422597
6.133,0.0422658
6.134,0.042272
6.135,0.0422781
6.136,0.0422842
6.137,0.0422904
6.138,0.0422965
6.139,0.0423027
6.14,0.0423088
6.141,0.0423149
6.142,0.0423211
6.143,0.0423272
6.144,0.0423333
6.145,0.0423395
6.146,0.0423456
6.147,0.0423517
6.148,0.0423579
6.149,0.042364
6.15,0.0423701
6.151,0.0423763
6.152,0.0423824
6.153,0.0423885
6.154,0.0423947
6.155,0.0424008
6.156,0.0424069
6.157,0.0424131
6.158,0.0424192
6.159,0.0424253
6.16,0.0424315
6.161,0.0424376
6.162,0.0424437
6.163,0.0424498
6.164,0.042456
6.165,0.0424621
6.166,0.0424682
6.167,0.0424744
6.168,0.0424805
6.169,0.0424866
6.17,0.0424927
6.171,0.0424989
6.172,0.042505
6.173,0.0425111
6.174,0.0425172
6.175,0.0425234
6.176,0.0425295
6.177,0.0425356
6.178,0.0425417
6.179,0.0425478
6.18,0.042554
6.181,0.0425601
6.182,0.0425662
6.183,0.0425723
6.184,0.0425784
6.185,0.0425846
6.186,0.0425907
6.187,0.0425968
6.188,0.0426029
6.189,0.042609
6.19,0.0426152
6.191,0.0426213
6.192,0.0426274
6.193,0.0426335
6.194,0.0426396
6.195,0.0426457
6.196,0.0426519
6.197,0.042658
6.198,0.0426641
6.199,0.0426702
6.2,0.0426763
6.201,0.0426824
6.202,0.0426885
6.203,0.0426946
6.204,0.0427008
6.205,0.0427069
6.206,0.042713
6.207,0.0427191
6.208,0.0427252
6.209,0.0427313
6.21,0.0427374
6.211,0.0427435
6.212,0.0427496
6.213,0.0427557
6.214,0.0427619
6.215,0.042768
6.216,0.0427741
6.217,0.0427802
6.218,0.0427863
6.219,0.0427924
6.22,0.0427985
6.221,0.0428046
6.222,0.0428107
6.223,0.0428168
6.224,0.0428229
6.225,0.042829
6.226,0.0428351
6.227,0.0428412
6.228,0.0428473
6.229,0.0428534
6.23,0.0428595
6.231,0.0428656
6.232,0.0428717
6.233,0.0428778
6.234,0.0428839
6.235,0.04289
6.236,0.0428961
6.237,0.0429022
6.238,0.0429083
6.239,0.0429144
6.24,0.0429205
6.241,0.0429266
6.242,0.0429327
6.243,0.0429388
6.244,0.0429449
6.245,0.042951
6.246,0.0429571
6.247,0.0429632
6.248,0.0429693
6.249,0.0429754
6.25,0.0429815
6.251,0.0429876
6.252,0.0429937
6.253,0.0429998
6.254,0.0430058
6.255,0.0430119
6.256,0.043018
6.257,0.0430241
6.258,0.0430302
6.259,0.0430363
6.26,0.0430424
6.261,0.0430485
6.262,0.0430546
6.263,0.0430607
6.264,0.0430667
6.265,0.0430728
6.266,0.0430789
6.267,0.043085
6.268,0.0430911
6.269,0.0430972
6.27,0.0431033
6.271,0.0431093
6.272,0.0431154
6.273,0.0431215
6.274,0.0431276
6.275,0.0431337
6.276,0.0431398
6.277,0.0431458
6.278,0.0431519
6.279,0.043158
6.28,0.0431641
6.281,0.0431702
6.282,0.0431763
6.283,0.0431823
6.284,0.0431884
6.285,0.0431945
6.286,0.0432006
6.287,0.0432067
6.288,0.0432127
6.289,0.0432188
6.29,0.0432249
6.291,0.043231
6.292,0.043237
6.293,0.0432431
6.294,0.0432492
6.295,0.0432553
6.296,0.0432613
6.297,0.0432674
6.298,0.0432735
6.299,0.0432796
6.3,0.0432856
6.301,0.0432917
6.302,0.0432978
6.303,0.0433039
6.304,0.0433099
6.305,0.043316
6.306,0.0433221
6.307,0.0433281
6.308,0.0433342
6.309,0.0433403
6.31,0.0433463
6.311,0.0433524
6.312,0.0433585
6.313,0.0433646
6.314,0.0433706
6.315,0.0433767
6.316,0.0433828
6.317,0.0433888
6.318,0.0433949
6.319,0.043401
6.32,0.043407
6.321,0.0434131
6.322,0.0434192
6.323,0.0434252
6.324,0.0434313
6.325,0.0434373
6.326,0.0434434
6.327,0.0434495
6.328,0.0434555
6.329,0.0434616
6.33,0.0434677
6.331,0.0434737
6.332,0.0434798
6.333,0.0434858
6.334,0.0434919
6.335,0.043498
6.336,0.043504
6.337,0.0435101
6.338,0.0435161
6.339,0.0435222
6.34,0.0435282
6.341,0.0435343
6.342,0.0435404
6.343,0.0435464
6.344,0.0435525
6.345,0.0435585
6.346,0.0435646
6.347,0.0435706
6.348,0.0435767
6.349,0.0435827
6.35,0.0435888
6.351,0.0435948
6.352,0.0436009
6.353,0.043607
6.354,0.043613
6.355,0.0436191
6.356,0.0436251
6.357,0.0436312
6.358,0.0436372
6.359,0.0436433
6.36,0.0436493
6.361,0.0436554
6.362,0.0436614
6.363,0.0436675
6.364,0.0436735
6.365,0.0436795
6.366,0.0436856
6.367,0.0436916
6.368,0.0436977
6.369,0.0437037
6.37,0.0437098
6.371,0.0437158
6.372,0.0437219
6.373,0.0437279
6.374,0.043734
6.375,0.04374
6.376,0.043746
6.377,0.0437521
6.378,0.0437581
6.379,0.0437642
6.38,0.0437702
6.381,0.0437762
6.382,0.0437823
6.383,0.0437883
6.384,0.0437944
6.385,0.0438004
6.386,0.0438064
6.387,0.0438125
6.388,0.0438185
6.389,0.0438246
6.39,0.0438306
6.391,0.0438366
6.392,0.0438427
6.393,0.0438487
6.394,0.0438547
6.395,0.0438608
6.396,0.0438668
6.397,0.0438728
6.398,0.0438789
6.399,0.0438849
6.4,0.0438909
6.401,0.043897
6.402,0.043903
6.403,0.043909
6.404,0.0439151
6.405,0.0439211
6.406,0.0439271
6.407,0.0439332
6.408,0.0439392
6.409,0.0439452
6.41,0.0439513
6.411,0.0439573
6.412,0.0439633
6.413,0.0439693
6.414,0.0439754
6.415,0.0439814
6.416,0.0439874
6.417,0.0439934
6.418,0.0439995
6.419,0.0440055
6.42,0.0440115
6.421,0.0440175
6.422,0.0440236
6.423,0.0440296
6.424,0.0440356
6.425,0.0440416
6.426,0.0440477
6.427,0.0440537
6.428,0.0440597
6.429,0.0440657
6.43,0.0440717
6.431,0.0440778
6.432,0.0440838
6.433,0.0440898
6.434,0.0440958
6.435,0.0441018
6.436,0.0441079
6.437,0.0441139
6.438,0.0441199
6.439,0.0441259
6.44,0.0441319
6.441,0.044138
6.442,0.044144
6.443,0.04415
6.444,0.044156
6.445,0.044162
6.446,0.044168
6.447,0.044174
6.448,0.0441801
6.449,0.0441861
6.45,0.0441921
6.451,0.0441981
6.452,0.0442041
6.453,0.0442101
6.454,0.0442161
6.455,0.0442221
6.456,0.0442281
6.457,0.0442342
6.458,0.0442402
6.459,0.0442462
6.46,0.0442522
6.461,0.0442582
6.462,0.0442642
6.463,0.0442702
6.464,0.0442762
6.465,0.0442822
6.466,0.0442882
6.467,0.0442942
6.468,0.0443002
6.469,0.0443062
6.47,0.0443123
6.471,0.0443183
6.472,0.0443243
6.473,0.0443303
6.474,0.0443363
6.475,0.0443423
6.476,0.0443483
6.477,0.0443543
6.478,0.0443603
6.479,0.0443663
6.48,0.0443723
6.481,0.0443783
6.482,0.0443843
6.483,0.0443903
6.484,0.0443963
6.485,0.0444023
6.486,0.0444083
6.487,0.0444143
6.488,0.0444203
6.489,0.0444263
6.49,0.0444323
6.491,0.0444383
6.492,0.0444443
6.493,0.0444502
6.494,0.0444562
6.495,0.0444622
6.496,0.0444682
6.497,0.0444742
6.498,0.0444802
6.499,0.0444862
6.5,0.0444922
6.501,0.0444982
6.502,0.0445042
6.503,0.0445102
6.504,0.0445162
6.505,0.0445222
6.506,0.0445282
6.507,0.0445341
6.508,0.0445401
6.509,0.0445461
6.51,0.0445521
6.511,0.0445581
6.512,0.0445641
6.513,0.0445701
6.514,0.0445761
6.515,0.044582
6.516,0.044588
6.517,0.044594
6.518,0.0446
6.519,0.044606
6.52,0.044612
6.521,0.044618
6.522,0.0446239
6.523,0.0446299
6.524,0.0446359
6.525,0.0446419
6.526,0.0446479
6.527,0.0446539
6.528,0.0446598
6.529,0.0446658
6.53,0.0446718
6.531,0.0446778
6.532,0.0446838
6.533,0.0446897
6.534,0.0446957
6.535,0.0447017
6.536,0.0447077
6.537,0.0447136
6.538,0.0447196
6.539,0.0447256
6.54,0.0447316
6.541,0.0447375
6.542,0.0447435
6.543,0.0447495
6.544,0.0447555
6.545,0.0447614
6.546,0.0447674
6.547,0.0447734
6.548,0.0447794
6.549,0.0447853
6.55,0.0447913
6.551,0.0447973
6.552,0.0448033
6.553,0.0448092
6.554,0.0448152
6.555,0.0448212
6.556,0.0448271
6.557,0.0448331
6.558,0.0448391
6.559,0.044845
6.56,0.044851
6.561,0.044857
6.562,0.0448629
6.563,0.0448689
6.564,0.0448749
6.565,0.0448808
6.566,0.0448868
6.567,0.0448928
6.568,0.0448987
6.569,0.0449047
6.57,0.0449107
6.571,0.0449166
6.572,0.0449226
6.573,0.0449286
6.574,0.0449345
6.575,0.0449405
6.576,0.0449464
6.577,0.0449524
6.578,0.0449584
6.579,0.0449643
6.58,0.0449703
6.581,0.0449762
6.582,0.0449822
6.583,0.0449882
6.584,0.0449941
6.585,0.0450001
6.586,0.045006
6.587,0.045012
6.588,0.045018
6.589,0.0450239
6.59,0.0450299
6.591,0.0450358
6.592,0.0450418
6.593,0.0450477
6.594,0.0450537
6.595,0.0450596
6.596,0.0450656
6.597,0.0450715
6.598,0.0450775
6.599,0.0450835
6.6,0.0450894
6.601,0.0450954
6.602,0.0451013
6.603,0.0451073
6.604,0.0451132
6.605,0.0451192
6.606,0.0451251
6.607,0.0451311
6.608,0.045137
6.609,0.045143
6.61,0.0451489
6.611,0.0451548
6.612,0.0451608
6.613,0.0451667
6.614,0.0451727
6.615,0.0451786
6.616,0.0451846
6.617,0.0451905
6.618,0.0451965
6.619,0.0452024
6.62,0.0452084
6.621,0.0452143
6.622,0.0452202
6.623,0.0452262
6.624,0.0452321
6.625,0.0452381
6.626,0.045244
6.627,0.0452499
6.628,0.0452559
6.629,0.0452618
6.63,0.0452678
6.631,0.0452737
6.632,0.0452796
6.633,0.0452856
6.634,0.0452915
6.635,0.0452975
6.636,0.0453034
6.637,0.0453093
6.638,0.0453153
6.639,0.0453212
6.64,0.0453271
6.641,0.0453331
6.642,0.045339
6.643,0.0453449
6.644,0.0453509
6.645,0.0453568
6.646,0.0453627
6.647,0.0453687
6.648,0.0453746
6.649,0.0453805
6.65,0.0453865
6.651,0.0453924
6.652,0.0453983
6.653,0.0454043
6.654,0.0454102
6.655,0.0454161
6.656,0.0454221
6.657,0.045428
6.658,0.0454339
6.659,0.0454398
6.66,0.0454458
6.661,0.0454517
6.662,0.0454576
6.663,0.0454635
6.664,0.0454695
6.665,0.0454754
6.666,0.0454813
6.667,0.0454872
6.668,0.0454932
6.669,0.0454991
6.67,0.045505
6.671,0.0455109
6.672,0.0455169
6.673,0.0455228
6.674,0.0455287
6.675,0.0455346
6.676,0.0455405
6.677,0.0455465
6.678,0.0455524
6.679,0.0455583
6.68,0.0455642
6.681,0.0455701
6.682,0.0455761
6.683,0.045582
6.684,0.0455879
6.685,0.0455938
6.686,0.0455997
6.687,0.0456056
6.688,0.0456116
6.689,0.0456175
6.69,0.0456234
6.691,0.0456293
6.692,0.0456352
6.693,0.0456411
6.694,0.0456471
6.695,0.045653
6.696,0.0456589
6.697,0.0456648
6.698,0.0456707
6.699,0.0456766
6.7,0.0456825
6.701,0.0456884
6.702,0.0456943
6.703,0.0457003
6.704,0.0457062
6.705,0.0457121
6.706,0.045718
6.707,0.0457239
6.708,0.0457298
6.709,0.0457357
6.71,0.0457416
6.711,0.0457475
6.712,0.0457534
6.713,0.0457593
6.714,0.0457652
6.715,0.0457711
6.716,0.045777
6.717,0.0457829
6.718,0.0457888
6.719,0.0457948
6.72,0.0458007
6.721,0.0458066
6.722,0.0458125
6.723,0.0458184
6.724,0.0458243
6.725,0.0458302
6.726,0.0458361
6.727,0.045842
6.728,0.0458479
6.729,0.0458538
6.73,0.0458597
6.731,0.0458656
6.732,0.0458715
6.733,0.0458774
6.734,0.0458832
6.735,0.0458891
6.736,0.045895
6.737,0.0459009
6.738,0.0459068
6.739,0.0459127
6.74,0.0459186
6.741,0.0459245
6.742,0.0459304
6.743,0.0459363
6.744,0.0459422
6.745,0.0459481
6.746,0.045954
6.747,0.0459599
6.748,0.0459658
6.749,0.0459717
6.75,0.0459775
6.751,0.0459834
6.752,0.0459893
6.753,0.0459952
6.754,0.0460011
6.755,0.046007
6.756,0.0460129
6.757,0.0460188
6.758,0.0460247
6.759,0.0460305
6.76,0.0460364
6.761,0.0460423
6.762,0.0460482
6.763,0.0460541
6.764,0.04606
6.765,0.0460659
6.766,0.0460717
6.767,0.0460776
6.768,0.0460835
6.769,0.0460894
6.77,0.0460953
6.771,0.0461012
6.772,0.046107
6.773,0.0461129
6.774,0.0461188
6.775,0.0461247
6.776,0.0461306
6.777,0.0461364
6.778,0.0461423
6.779,0.0461482
6.78,0.0461541
6.781,0.0461599
6.782,0.0461658
6.783,0.0461717
6.784,0.0461776
6.785,0.0461835
6.786,0.0461893
6.787,0.0461952
6.788,0.0462011
6.789,0.046207
6.79,0.0462128
6.791,0.0462187
6.792,0.0462246
6.793,0.0462304
6.794,0.0462363
6.795,0.0462422
6.796,0.0462481
6.797,0.0462539
6.798,0.0462598
6.799,0.0462657
6.8,0.0462715
6.801,0.0462774
6.802,0.0462833
6.803,0.0462892
6.804,0.046295
6.805,0.0463009
6.806,0.0463068
6.807,0.0463126
6.808,0.0463185
6.809,0.0463244
6.81,0.0463302
6.811,0.0463361
6.812,0.046342
6.813,0.0463478
6.814,0.0463537
6.815,0.0463595
6.816,0.0463654
6.817,0.0463713
6.818,0.0463771
6.819,0.046383
6.82,0.0463889
6.821,0.0463947
6.822,0.0464006
6.823,0.0464064
6.824,0.0464123
6.825,0.0464182
6.826,0.046424
6.827,0.0464299
6.828,0.0464357
6.829,0.0464416
6.83,0.0464475
6.831,0.0464533
6.832,0.0464592
6.833,0.046465
6.834,0.0464709
6.835,0.0464767
6.836,0.0464826
6.837,0.0464884
6.838,0.0464943
6.839,0.0465002
6.84,0.046506
6.841,0.0465119
6.842,0.0465177
6.843,0.0465236
6.844,0.0465294
6.845,0.0465353
6.846,0.0465411
6.847,0.046547
6.848,0.0465528
6.849,0.0465587
6.85,0.0465645
6.851,0.0465704
6.852,0.0465762
6.853,0.0465821
6.854,0.0465879
6.855,0.0465938
6.856,0.0465996
6.857,0.0466054
6.858,0.0466113
6.859,0.0466171
6.86,0.046623
6.861,0.0466288
6.862,0.0466347
6.863,0.0466405
6.864,0.0466464
6.865,0.0466522
6.866,0.046658
6.867,0.0466639
6.868,0.0466697
6.869,0.0466756
6.87,0.0466814
6.871,0.0466873
6.872,0.0466931
6.873,0.0466989
6.874,0.0467048
6.875,0.0467106
6.876,0.0467165
6.877,0.0467223
6.878,0.0467281
6.879,0.046734
6.88,0.0467398
6.881,0.0467456
6.882,0.0467515
6.883,0.0467573
6.884,0.0467631
6.885,0.046769
6.886,0.0467748
6.887,0.0467807
6.888,0.0467865
6.889,0.0467923
6.89,0.0467982
6.891,0.046804
6.892,0.0468098
6.893,0.0468156
6.894,0.0468215
6.895,0.0468273
6.896,0.0468331
6.897,0.046839
6.898,0.0468448
6.899,0.0468506
6.9,0.0468565
6.901,0.0468623
6.902,0.0468681
6.903,0.0468739
6.904,0.0468798
6.905,0.0468856
6.906,0.0468914
6.907,0.0468972
6.908,0.0469031
6.909,0.0469089
6.91,0.0469147
6.911,0.0469205
6.912,0.0469264
6.913,0.0469322
6.914,0.046938
6.915,0.0469438
6.916,0.0469497
6.917,0.0469555
6.918,0.0469613
6.919,0.0469671
6.92,0.0469729
6.921,0.0469788
6.922,0.0469846
6.923,0.0469904
6.924,0.0469962
6.925,0.047002
6.926,0.0470079
6.927,0.0470137
6.928,0.0470195
6.929,0.0470253
6.93,0.0470311
6.931,0.0470369
6.932,0.0470428
6.933,0.0470486
6.934,0.0470544
6.935,0.0470602
6.936,0.047066
6.937,0.0470718
6.938,0.0470776
6.939,0.0470835
6.94,0.0470893
6.941,0.0470951
6.942,0.0471009
6.943,0.0471067
6.944,0.0471125
6.945,0.0471183
6.946,0.0471241
6.947,0.0471299
6.948,0.0471358
6.949,0.0471416
6.95,0.0471474
6.951,0.0471532
6.952,0.047159
6.953,0.0471648
6.954,0.0471706
6.955,0.0471764
6.956,0.0471822
6.957,0.047188
6.958,0.0471938
6.959,0.0471996
6.96,0.0472054
6.961,0.0472112
6.962,0.047217
6.963,0.0472228
6.964,0.0472286
6.965,0.0472344
6.966,0.0472402
6.967,0.047246
6.968,0.0472518
6.969,0.0472576
6.97,0.0472634
6.971,0.0472692
6.972,0.047275
6.973,0.0472808
6.974,0.0472866
6.975,0.0472924
6.976,0.0472982
6.977,0.047304
6.978,0.0473098
6.979,0.0473156
6.98,0.0473214
6.981,0.0473272
6.982,0.047333
6.983,0.0473388
6.984,0.0473446
6.985,0.0473504
6.986,0.0473562
6.987,0.047362
6.988,0.0473678
6.989,0.0473736
6.99,0.0473794
6.991,0.0473852
6.992,0.0473909
6.993,0.0473967
6.994,0.0474025
6.995,0.0474083
6.996,0.0474141
6.997,0.0474199
6.998,0.0474257
6.999,0.0474315
7,0.0474373
7.001,0.047443
7.002,0.0474488
7.003,0.0474546
7.004,0.0474604
7.005,0.0474662
7.006,0.047472
7.007,0.0474778
7.008,0.0474835
7.009,0.0474893
7.01,0.0474951
7.011,0.0475009
7.012,0.0475067
7.013,0.0475125
7.014,0.0475182
7.015,0.047524
7.016,0.0475298
7.017,0.0475356
7.018,0.0475414
7.019,0.0475471
7.02,0.0475529
7.021,0.0475587
7.022,0.0475645
7.023,0.0475703
7.024,0.047576
7.025,0.0475818
7.026,0.0475876
7.027,0.0475934
7.028,0.0475991
7.029,0.0476049
7.03,0.0476107
7.031,0.0476165
7.032,0.0476222
7.033,0.047628
7.034,0.0476338
7.035,0.0476396
7.036,0.0476453
7.037,0.0476511
7.038,0.0476569
7.039,0.0476626
7.04,0.0476684
7.041,0.0476742
7.042,0.04768
7.043,0.0476857
7.044,0.0476915
7.045,0.0476973
7.046,0.047703
7.047,0.0477088
7.048,0.0477146
7.049,0.0477203
7.05,0.0477261
7.051,0.0477319
7.052,0.0477376
7.053,0.0477434
7.054,0.0477492
7.055,0.0477549
7.056,0.0477607
7.057,0.0477665
7.058,0.0477722
7.059,0.047778
7.06,0.0477838
7.061,0.0477895
7.062,0.0477953
7.063,0.047801
7.064,0.0478068
7.065,0.0478126
7.066,0.0478183
7.067,0.0478241
7.068,0.0478298
7.069,0.0478356
7.07,0.0478414
7.071,0.0478471
7.072,0.0478529
7.073,0.0478586
7.074,0.0478644
7.075,0.0478701
7.076,0.0478759
7.077,0.0478817
7.078,0.0478874
7.079,0.0478932
7.08,0.0478989
7.081,0.0479047
7.082,0.0479104
7.083,0.0479162
7.084,0.0479219
7.085,0.0479277
7.086,0.0479334
7.087,0.0479392
7.088,0.0479449
7.089,0.0479507
7.09,0.0479564
7.091,0.0479622
7.092,0.0479679
7.093,0.0479737
7.094,0.0479794
7.095,0.0479852
7.096,0.0479909
7.097,0.0479967
7.098,0.0480024
7.099,0.0480082
7.1,0.0480139
7.101,0.0480197
7.102,0.0480254
7.103,0.0480312
7.104,0.0480369
7.105,0.0480426
7.106,0.0480484
7.107,0.0480541
7.108,0.0480599
7.109,0.0480656
7.11,0.0480714
7.111,0.0480771
7.112,0.0480828
7.113,0.0480886
7.114,0.0480943
7.115,0.0481001
7.116,0.0481058
7.117,0.0481115
7.118,0.0481173
7.119,0.048123
7.12,0.0481288
7.121,0.0481345
7.122,0.0481402
7.123,0.048146
7.124,0.0481517
7.125,0.0481574
7.126,0.0481632
7.127,0.0481689
7.128,0.0481747
7.129,0.0481804
7.13,0.0481861
7.131,0.0481919
7.132,0.0481976
7.133,0.0482033
7.134,0.048209
7.135,0.0482148
7.136,0.0482205
7.137,0.0482262
7.138,0.048232
7.139,0.0482377
7.14,0.0482434
7.141,0.0482492
7.142,0.0482549
7.143,0.0482606
7.144,0.0482663
7.145,0.0482721
7.146,0.0482778
7.147,0.0482835
7.148,0.0482893
7.149,0.048295
7.15,0.0483007
7.151,0.0483064
7.152,0.0483122
7.153,0.0483179
7.154,0.0483236
7.155,0.0483293
7.156,0.0483351
7.157,0.0483408
7.158,0.0483465
7.159,0.0483522
7.16,0.0483579
7.161,0.0483637
7.162,0.0483694
7.163,0.0483751
7.164,0.0483808
7.165,0.0483865
7.166,0.0483923
7.167,0.048398
7.168,0.0484037
7.169,0.0484094
7.17,0.0484151
7.171,0.0484208
7.172,0.0484266
7.173,0.0484323
7.174,0.048438
7.175,0.0484437
7.176,0.0484494
7.177,0.0484551
7.178,0.0484609
7.179,0.0484666
7.18,0.0484723
7.181,0.048478
7.182,0.0484837
7.183,0.0484894
7.184,0.0484951
7.185,0.0485008
7.186,0.0485066
7.187,0.0485123
7.188,0.048518
7.189,0.0485237
7.19,0.0485294
7.191,0.0485351
7.192,0.0485408
7.193,0.0485465
7.194,0.0485522
7.195,0.0485579
7.196,0.0485636
7.197,0.0485693
7.198,0.048575
7.199,0.0485808
7.2,0.0485865
7.201,0.0485922
7.202,0.0485979
7.203,0.0486036
7.204,0.0486093
7.205,0.048615
7.206,0.0486207
7.207,0.0486264
7.208,0.0486321
7.209,0.0486378
7.21,0.0486435
7.211,0.0486492
7.212,0.0486549
7.213,0.0486606
7.214,0.0486663
7.215,0.048672
7.216,0.0486777
7.217,0.0486834
7.218,0.0486891
7.219,0.0486948
7.22,0.0487005
7.221,0.0487062
7.222,0.0487119
7.223,0.0487176
7.224,0.0487233
7.225,0.0487289
7.226,0.0487346
7.227,0.0487403
7.228,0.048746
7.229,0.0487517
7.23,0.0487574
7.231,0.0487631
7.232,0.0487688
7.233,0.0487745
7.234,0.0487802
7.235,0.0487859
7.236,0.0487916
7.237,0.0487972
7.238,0.0488029
7.239,0.0488086
7.24,0.0488143
7.241,0.04882
7.242,0.0488257
7.243,0.0488314
7.244,0.0488371
7.245,0.0488428
7.246,0.0488484
7.247,0.0488541
7.248,0.0488598
7.249,0.0488655
7.25,0.0488712
7.251,0.0488769
7.252,0.0488825
7.253,0.0488882
7.254,0.0488939
7.255,0.0488996
7.256,0.0489053
7.257,0.048911
7.258,0.0489166
7.259,0.0489223
7.26,0.048928
7.261,0.0489337
7.262,0.0489394
7.263,0.048945
7.264,0.0489507
7.265,0.0489564
7.266,0.0489621
7.267,0.0489677
7.268,0.0489734
7.269,0.0489791
7.27,0.0489848
7.271,0.0489904
7.272,0.0489961
7.273,0.0490018
7.274,0.0490075
7.275,0.0490131
7.276,0.0490188
7.277,0.0490245
7.278,0.0490302
7.279,0.0490358
7.28,0.0490415
7.281,0.0490472
7.282,0.0490529
7.283,0.0490585
7.284,0.0490642
7.285,0.0490699
7.286,0.0490755
7.287,0.0490812
7.288,0.0490869
7.289,0.0490925
7.29,0.0490982
7.291,0.0491039
7.292,0.0491095
7.293,0.0491152
7.294,0.0491209
7.295,0.0491265
7.296,0.0491322
7.297,0.0491379
7.298,0.0491435
7.299,0.0491492
7.3,0.0491549
7.301,0.0491605
7.302,0.0491662
7.303,0.0491718
7.304,0.0491775
7.305,0.0491832
7.306,0.0491888
7.307,0.0491945
7.308,0.0492001
7.309,0.0492058
7.31,0.0492115
7.311,0.0492171
7.312,0.0492228
7.313,0.0492284
7.314,0.0492341
7.315,0.0492398
7.316,0.0492454
7.317,0.0492511
7.318,0.0492567
7.319,0.0492624
7.32,0.049268
7.321,0.0492737
7.322,0.0492793
7.323,0.049285
7.324,0.0492907
7.325,0.0492963
7.326,0.049302
7.327,0.0493076
7.328,0.0493133
7.329,0.0493189
7.33,0.0493246
7.331,0.0493302
7.332,0.0493359
7.333,0.0493415
7.334,0.0493472
7.335,0.0493528
7.336,0.0493585
7.337,0.0493641
7.338,0.0493698
7.339,0.0493754
7.34,0.0493811
7.341,0.0493867
7.342,0.0493923
7.343,0.049398
7.344,0.0494036
7.345,0.0494093
7.346,0.0494149
7.347,0.0494206
7.348,0.0494262
7.349,0.0494319
7.35,0.0494375
7.351,0.0494431
7.352,0.0494488
7.353,0.0494544
7.354,0.0494601
7.355,0.0494657
7.356,0.0494714
7.357,0.049477
7.358,0.0494826
7.359,0.0494883
7.36,0.0494939
7.361,0.0494995
7.362,0.0495052
7.363,0.0495108
7.364,0.0495165
7.365,0.0495221
7.366,0.0495277
7.367,0.0495334
7.368,0.049539
7.369,0.0495446
7.37,0.0495503
7.371,0.0495559
7.372,0.0495615
7.373,0.0495672
7.374,0.0495728
7.375,0.0495784
7.376,0.0495841
7.377,0.0495897
7.378,0.0495953
7.379,0.049601
7.38,0.0496066
7.381,0.0496122
7.382,0.0496179
7.383,0.0496235
7.384,0.0496291
7.385,0.0496347
7.386,0.0496404
7.387,0.049646
7.388,0.0496516
7.389,0.0496572
7.39,0.0496629
7.391,0.0496685
7.392,0.0496741
7.393,0.0496797
7.394,0.0496854
7.395,0.049691
7.396,0.0496966
7.397,0.0497022
7.398,0.0497079
7.399,0.0497135
7.4,0.0497191
7.401,0.0497247
7.402,0.0497304
7.403,0.049736
7.404,0.0497416
7.405,0.0497472
7.406,0.0497528
7.407,0.0497585
7.408,0.0497641
7.409,0.0497697
7.41,0.0497753
7.411,0.0497809
7.412,0.0497865
7.413,0.0497922
7.414,0.0497978
7.415,0.0498034
7.416,0.049809
7.417,0.0498146
7.418,0.0498202
7.419,0.0498259
7.42,0.0498315
7.421,0.0498371
7.422,0.0498427
7.423,0.0498483
7.424,0.0498539
7.425,0.0498595
7.426,0.0498651
7.427,0.0498708
7.428,0.0498764
7.429,0.049882
7.43,0.0498876
7.431,0.0498932
7.432,0.0498988
7.433,0.0499044
7.434,0.04991
7.435,0.0499156
7.436,0.0499212
7.437,0.0499268
7.438,0.0499324
7.439,0.049938
7.44,0.0499437
7.441,0.0499493
7.442,0.0499549
7.443,0.0499605
7.444,0.0499661
7.445,0.0499717
7.446,0.0499773
7.447,0.0499829
7.448,0.0499885
7.449,0.0499941
7.45,0.0499997
7.451,0.0500053
7.452,0.0500109
7.453,0.0500165
7.454,0.0500221
7.455,0.0500277
7.456,0.0500333
7.457,0.0500389
7.458,0.0500445
7.459,0.0500501
7.46,0.0500557
7.461,0.0500613
7.462,0.0500669
7.463,0.0500725
7.464,0.0500781
7.465,0.0500837
7.466,0.0500893
7.467,0.0500948
7.468,0.0501004
7.469,0.050106
7.47,0.0501116
7.471,0.0501172
7.472,0.0501228
7.473,0.0501284
7.474,0.050134
7.475,0.0501396
7.476,0.0501452
7.477,0.0501508
7.478,0.0501564
7.479,0.0501619
7.48,0.0501675
7.481,0.0501731
7.482,0.0501787
7.483,0.0501843
7.484,0.0501899
7.485,0.0501955
7.486,0.0502011
7.487,0.0502066
7.488,0.0502122
7.489,0.0502178
7.49,0.0502234
7.491,0.050229
7.492,0.0502346
7.493,0.0502402
7.494,0.0502457
7.495,0.0502513
7.496,0.0502569
7.497,0.0502625
7.498,0.0502681
7.499,0.0502736
7.5,0.0502792
7.501,0.0502848
7.502,0.0502904
7.503,0.050296
7.504,0.0503015
7.505,0.0503071
7.506,0.0503127
7.507,0.0503183
7.508,0.0503239
7.509,0.0503294
7.51,0.050335
7.511,0.0503406
7.512,0.0503462
7.513,0.0503517
7.514,0.0503573
7.515,0.0503629
7.516,0.0503685
7.517,0.050374
7.518,0.0503796
7.519,0.0503852
7.52,0.0503908
7.521,0.0503963
7.522,0.0504019
7.523,0.0504075
7.524,0.050413
7.525,0.0504186
7.526,0.0504242
7.527,0.0504297
7.528,0.0504353
7.529,0.0504409
7.53,0.0504465
7.531,0.050452
7.532,0.0504576
7.533,0.0504632
7.534,0.0504687
7.535,0.0504743
7.536,0.0504799
7.537,0.0504854
7.538,0.050491
7.539,0.0504965
7.54,0.0505021
7.541,0.0505077
7.542,0.0505132
7.543,0.0505188
7.544,0.0505244
7.545,0.0505299
7.546,0.0505355
7.547,0.050541
7.548,0.0505466
7.549,0.0505522
7.55,0.0505577
7.551,0.0505633
7.552,0.0505688
7.553,0.0505744
7.554,0.05058
7.555,0.0505855
7.556,0.0505911
7.557,0.0505966
7.558,0.0506022
7.559,0.0506077
7.56,0.0506133
7.561,0.0506189
7.562,0.0506244
7.563,0.05063
7.564,0.0506355
7.565,0.0506411
7.566,0.0506466
7.567,0.0506522
7.568,0.0506577
7.569,0.0506633
7.57,0.0506688
7.571,0.0506744
7.572,0.0506799
7.573,0.0506855
7.574,0.050691
7.575,0.0506966
7.576,0.0507021
7.577,0.0507077
7.578,0.0507132
7.579,0.0507188
7.58,0.0507243
7.581,0.0507299
7.582,0.0507354
7.583,0.050741
7.584,0.0507465
7.585,0.0507521
7.586,0.0507576
7.587,0.0507632
7.588,0.0507687
7.589,0.0507742
7.59,0.0507798
7.591,0.0507853
7.592,0.0507909
7.593,0.0507964
7.594,0.050802
7.595,0.0508075
7.596,0.050813
7.597,0.0508186
7.598,0.0508241
7.599,0.0508297
7.6,0.0508352
7.601,0.0508407
7.602,0.0508463
7.603,0.0508518
7.604,0.0508573
7.605,0.0508629
7.606,0.0508684
7.607,0.050874
7.608,0.0508795
7.609,0.050885
7.61,0.0508906
7.611,0.0508961
7.612,0.0509016
7.613,0.0509072
7.614,0.0509127
7.615,0.0509182
7.616,0.0509238
7.617,0.0509293
7.618,0.0509348
7.619,0.0509404
7.62,0.0509459
7.621,0.0509514
7.622,0.050957
7.623,0.0509625
7.624,0.050968
7.625,0.0509735
7.626,0.0509791
7.627,0.0509846
7.628,0.0509901
7.629,0.0509957
7.63,0.0510012
7.631,0.0510067
7.632,0.0510122
7.633,0.0510178
7.634,0.0510233
7.635,0.0510288
7.636,0.0510343
7.637,0.0510399
7.638,0.0510454
7.639,0.0510509
7.64,0.0510564
7.641,0.0510619
7.642,0.0510675
7.643,0.051073
7.644,0.0510785
7.645,0.051084
7.646,0.0510896
7.647,0.0510951
7.648,0.0511006
7.649,0.0511061
7.65,0.0511116
7.651,0.0511171
7.652,0.0511227
7.653,0.0511282
7.654,0.0511337
7.655,0.0511392
7.656,0.0511447
7.657,0.0511502
7.658,0.0511558
7.659,0.0511613
7.66,0.0511668
7.661,0.0511723
7.662,0.0511778
7.663,0.0511833
7.664,0.0511888
7.665,0.0511944
7.666,0.0511999
7.667,0.0512054
7.668,0.0512109
7.669,0.0512164
7.67,0.0512219
7.671,0.0512274
7.672,0.0512329
7.673,0.0512384
7.674,0.0512439
7.675,0.0512495
7.676,0.051255
7.677,0.0512605
7.678,0.051266
7.679,0.0512715
7.68,0.051277
7.681,0.0512825
7.682,0.051288
7.683,0.0512935
7.684,0.051299
7.685,0.0513045
7.686,0.05131
7.687,0.0513155
7.688,0.051321
7.689,0.0513265
7.69,0.051332
7.691,0.0513375
7.692,0.051343
7.693,0.0513485
7.694,0.051354
7.695,0.0513595
7.696,0.051365
7.697,0.0513705
7.698,0.051376
7.699,0.0513815
7.7,0.051387
7.701,0.0513925
7.702,0.051398
7.703,0.0514035
7.704,0.051409
7.705,0.0514145
7.706,0.05142
7.707,0.0514255
7.708,0.051431
7.709,0.0514365
7.71,0.051442
7.711,0.0514475
7.712,0.051453
7.713,0.0514585
7.714,0.051464
7.715,0.0514694
7.716,0.0514749
7.717,0.0514804
7.718,0.0514859
7.719,0.0514914
7.72,0.0514969
7.721,0.0515024
7.722,0.0515079
7.723,0.0515134
7.724,0.0515189
7.725,0.0515243
7.726,0.0515298
7.727,0.0515353
7.728,0.0515408
7.729,0.0515463
7.73,0.0515518
7.731,0.0515573
7.732,0.0515627
7.733,0.0515682
7.734,0.0515737
7.735,0.0515792
7.736,0.0515847
7.737,0.0515902
7.738,0.0515956
7.739,0.0516011
7.74,0.0516066
7.741,0.0516121
7.742,0.0516176
7.743,0.051623
7.744,0.0516285
7.745,0.051634
7.746,0.0516395
7.747,0.051645
7.748,0.0516504
7.749,0.0516559
7.75,0.0516614
7.751,0.0516669
7.752,0.0516723
7.753,0.0516778
7.754,0.0516833
7.755,0.0516888
7.756,0.0516942
7.757,0.0516997
7.758,0.0517052
7.759,0.0517107
7.76,0.0517161
7.761,0.0517216
7.762,0.0517271
7.763,0.0517326
7.764,0.051738
7.765,0.0517435
7.766,0.051749
7.767,0.0517544
7.768,0.0517599
7.769,0.0517654
7.77,0.0517708
7.771,0.0517763
7.772,0.0517818
7.773,0.0517873
7.774,0.0517927
7.775,0.0517982
7.776,0.0518037
7.777,0.0518091
7.778,0.0518146
7.779,0.05182
7.78,0.0518255
7.781,0.051831
7.782,0.0518364
7.783,0.0518419
7.784,0.0518474
7.785,0.0518528
7.786,0.0518583
7.787,0.0518638
7.788,0.0518692
7.789,0.0518747
7.79,0.0518801
7.791,0.0518856
7.792,0.0518911
7.793,0.0518965
7.794,0.051902
7.795,0.0519074
7.796,0.0519129
7.797,0.0519184
7.798,0.0519238
7.799,0.0519293
7.8,0.0519347
7.801,0.0519402
7.802,0.0519456
7.803,0.0519511
7.804,0.0519565
7.805,0.051962
7.806,0.0519675
7.807,0.0519729
7.808,0.0519784
7.809,0.0519838
7.81,0.0519893
7.811,0.0519947
7.812,0.0520002
7.813,0.0520056
7.814,0.0520111
7.815,0.0520165
7.816,0.052022
7.817,0.0520274
7.818,0.0520329
7.819,0.0520383
7.82,0.0520438
7.821,0.0520492
7.822,0.0520547
7.823,0.0520601
7.824,0.0520656
7.825,0.052071
7.826,0.0520764
7.827,0.0520819
7.828,0.0520873
7.829,0.0520928
7.83,0.0520982
7.831,0.0521037
7.832,0.0521091
7.833,0.0521146
7.834,0.05212
7.835,0.0521254
7.836,0.0521309
7.837,0.0521363
7.838,0.0521418
7.839,0.0521472
7.84,0.0521526
7.841,0.0521581
7.842,0.0521635
7.843,0.052169
7.844,0.0521744
7.845,0.0521798
7.846,0.0521853
7.847,0.0521907
7.848,0.0521961
7.849,0.0522016
7.85,0.052207
7.851,0.0522125
7.852,0.0522179
7.853,0.0522233
7.854,0.0522288
7.855,0.0522342
7.856,0.0522396
7.857,0.0522451
7.858,0.0522505
7.859,0.0522559
7.86,0.0522614
7.861,0.0522668
7.862,0.0522722
7.863,0.0522776
7.864,0.0522831
7.865,0.0522885
7.866,0.0522939
7.867,0.0522994
7.868,0.0523048
7.869,0.0523102
7.87,0.0523156
7.871,0.0523211
7.872,0.0523265
7.873,0.0523319
7.874,0.0523374
7.875,0.0523428
7.876,0.0523482
7.877,0.0523536
7.878,0.0523591
7.879,0.0523645
7.88,0.0523699
7.881,0.0523753
7.882,0.0523807
7.883,0.0523862
7.884,0.0523916
7.885,0.052397
7.886,0.0524024
7.887,0.0524079
7.888,0.0524133
7.889,0.0524187
7.89,0.0524241
7.891,0.0524295
7.892,0.0524349
7.893,0.0524404
7.894,0.0524458
7.895,0.0524512
7.896,0.0524566
7.897,0.052462
7.898,0.0524675
7.899,0.0524729
7.9,0.0524783
7.901,0.0524837
7.902,0.0524891
7.903,0.0524945
7.904,0.0524999
7.905,0.0525054
7.906,0.0525108
7.907,0.0525162
7.908,0.0525216
7.909,0.052527
7.91,0.0525324
7.911,0.0525378
7.912,0.0525432
7.913,0.0525486
7.914,0.0525541
7.915,0.0525595
7.916,0.0525649
7.917,0.0525703
7.918,0.0525757
7.919,0.0525811
7.92,0.0525865
7.921,0.0525919
7.922,0.0525973
7.923,0.0526027
7.924,0.0526081
7.925,0.0526135
7.926,0.0526189
7.927,0.0526243
7.928,0.0526297
7.929,0.0526351
7.93,0.0526405
7.931,0.0526459
7.932,0.0526513
7.933,0.0526568
7.934,0.0526622
7.935,0.0526676
7.936,0.052673
7.937,0.0526784
7.938,0.0526838
7.939,0.0526892
7.94,0.0526945
7.941,0.0526999
7.942,0.0527053
7.943,0.0527107
7.944,0.0527161
7.945,0.0527215
7.946,0.0527269
7.947,0.0527323
7.948,0.0527377
7.949,0.0527431
7.95,0.0527485
7.951,0.0527539
7.952,0.0527593
7.953,0.0527647
7.954,0.0527701
7.955,0.0527755
7.956,0.0527809
7.957,0.0527863
7.958,0.0527917
7.959,0.052797
7.96,0.0528024
7.961,0.0528078
7.962,0.0528132
7.963,0.0528186
7.964,0.052824
7.965,0.0528294
7.966,0.0528348
7.967,0.0528402
7.968,0.0528455
7.969,0.0528509
7.97,0.0528563
7.971,0.0528617
7.972,0.0528671
7.973,0.0528725
7.974,0.0528779
7.975,0.0528832
7.976,0.0528886
7.977,0.052894
7.978,0.0528994
7.979,0.0529048
7.98,0.0529102
7.981,0.0529155
7.982,0.0529209
7.983,0.0529263
7.984,0.0529317
7.985,0.0529371
7.986,0.0529424
7.987,0.0529478
7.988,0.0529532
7.989,0.0529586
7.99,0.052964
7.991,0.0529693
7.992,0.0529747
7.993,0.0529801
7.994,0.0529855
7.995,0.0529908
7.996,0.0529962
7.997,0.0530016
7.998,0.053007
7.999,0.0530123
8,0.0530177
8.001,0.0530231
8.002,0.0530285
8.003,0.0530338
8.004,0.0530392
8.005,0.0530446
8.006,0.0530499
8.007,0.0530553
8.008,0.0530607
8.009,0.0530661
8.01,0.0530714
8.011,0.0530768
8.012,0.0530822
8.013,0.0530875
8.014,0.0530929
8.015,0.0530983
8.016,0.0531036
8.017,0.053109
8.018,0.0531144
8.019,0.0531197
8.02,0.0531251
8.021,0.0531305
8.022,0.0531358
8.023,0.0531412
8.024,0.0531466
8.025,0.0531519
8.026,0.0531573
8.027,0.0531627
8.028,0.053168
8.029,0.0531734
8.03,0.0531787
8.031,0.0531841
8.032,0.0531895
8.033,0.0531948
8.034,0.0532002
8.035,0.0532055
8.036,0.0532109
8.037,0.0532163
8.038,0.0532216
8.039,0.053227
8.04,0.0532323
8.041,0.0532377
8.042,0.053243
8.043,0.0532484
8.044,0.0532538
8.045,0.0532591
8.046,0.0532645
8.047,0.0532698
8.048,0.0532752
8.049,0.0532805
8.05,0.0532859
8.051,0.0532912
8.052,0.0532966
8.053,0.0533019
8.054,0.0533073
8.055,0.0533126
8.056,0.053318
8.057,0.0533233
8.058,0.0533287
8.059,0.053334
8.06,0.0533394
8.061,0.0533447
8.062,0.0533501
8.063,0.0533554
8.064,0.0533608
8.065,0.0533661
8.066,0.0533715
8.067,0.0533768
8.068,0.0533822
8.069,0.0533875
8.07,0.0533929
8.071,0.0533982
8.072,0.0534036
8.073,0.0534089
8.074,0.0534142
8.075,0.0534196
8.076,0.0534249
8.077,0.0534303
8.078,0.0534356
8.079,0.053441
8.08,0.0534463
8.081,0.0534516
8.082,0.053457
8.083,0.0534623
8.084,0.0534677
8.085,0.053473
8.086,0.0534783
8.087,0.0534837
8.088,0.053489
8.089,0.0534943
8.09,0.0534997
8.091,0.053505
8.092,0.0535104
8.093,0.0535157
8.094,0.053521
8.095,0.0535264
8.096,0.0535317
8.097,0.053537
8.098,0.0535424
8.099,0.0535477
8.1,0.053553
8.101,0.0535584
8.102,0.0535637
8.103,0.053569
8.104,0.0535744
8.105,0.0535797
8.106,0.053585
8.107,0.0535903
8.108,0.0535957
8.109,0.053601
8.11,0.0536063
8.111,0.0536117
8.112,0.053617
8.113,0.0536223
8.114,0.0536276
8.115,0.053633
8.116,0.0536383
8.117,0.0536436
8.118,0.0536489
8.119,0.0536543
8.12,0.0536596
8.121,0.0536649
8.122,0.0536702
8.123,0.0536756
8.124,0.0536809
8.125,0.0536862
8.126,0.0536915
8.127,0.0536969
8.128,0.0537022
8.129,0.0537075
8.13,0.0537128
8.131,0.0537181
8.132,0.0537235
8.133,0.0537288
8.134,0.0537341
8.135,0.0537394
8.136,0.0537447
8.137,0.0537501
8.138,0.0537554
8.139,0.0537607
8.14,0.053766
8.141,0.0537713
8.142,0.0537766
8.143,0.0537819
8.144,0.0537873
8.145,0.0537926
8.146,0.0537979
8.147,0.0538032
8.148,0.0538085
8.149,0.0538138
8.15,0.0538191
8.151,0.0538245
8.152,0.0538298
8.153,0.0538351
8.154,0.0538404
8.155,0.0538457
8.156,0.053851
8.157,0.0538563
8.158,0.0538616
8.159,0.0538669
8.16,0.0538722
8.161,0.0538775
8.162,0.0538829
8.163,0.0538882
8.164,0.0538935
8.165,0.0538988
8.166,0.0539041
8.167,0.0539094
8.168,0.0539147
8.169,0.05392
8.17,0.0539253
8.171,0.0539306
8.172,0.0539359
8.173,0.0539412
8.174,0.0539465
8.175,0.0539518
8.176,0.0539571
8.177,0.0539624
8.178,0.0539677
8.179,0.053973
8.18,0.0539783
8.181,0.0539836
8.182,0.0539889
8.183,0.0539942
8.184,0.0539995
8.185,0.0540048
8.186,0.0540101
8.187,0.0540154
8.188,0.0540207
8.189,0.054026
8.19,0.0540313
8.191,0.0540366
8.192,0.0540419
8.193,0.0540472
8.194,0.0540525
8.195,0.0540578
8.196,0.0540631
8.197,0.0540684
8.198,0.0540736
8.199,0.0540789
8.2,0.0540842
8.201,0.0540895
8.202,0.0540948
8.203,0.0541001
8.204,0.0541054
8.205,0.0541107
8.206,0.054116
8.207,0.0541213
8.208,0.0541265
8.209,0.0541318
8.21,0.0541371
8.211,0.0541424
8.212,0.0541477
8.213,0.054153
8.214,0.0541583
8.215,0.0541636
8.216,0.0541688
8.217,0.0541741
8.218,0.0541794
8.219,0.0541847
8.22,0.05419
8.221,0.0541953
8.222,0.0542005
8.223,0.0542058
8.224,0.0542111
8.225,0.0542164
8.226,0.0542217
8.227,0.054227
8.228,0.0542322
8.229,0.0542375
8.23,0.0542428
8.231,0.0542481
8.232,0.0542533
8.233,0.0542586
8.234,0.0542639
8.235,0.0542692
8.236,0.0542745
8.237,0.0542797
8.238,0.054285
8.239,0.0542903
8.24,0.0542956
8.241,0.0543008
8.242,0.0543061
8.243,0.0543114
8.244,0.0543167
8.245,0.0543219
8.246,0.0543272
8.247,0.0543325
8.248,0.0543377
8.249,0.054343
8.25,0.0543483
8.251,0.0543536
8.252,0.0543588
8.253,0.0543641
8.254,0.0543694
8.255,0.0543746
8.256,0.0543799
8.257,0.0543852
8.258,0.0543904
8.259,0.0543957
8.26,0.054401
8.261,0.0544062
8.262,0.0544115
8.263,0.0544168
8.264,0.054422
8.265,0.0544273
8.266,0.0544326
8.267,0.0544378
8.268,0.0544431
8.269,0.0544484
8.27,0.0544536
8.271,0.0544589
8.272,0.0544642
8.273,0.0544694
8.274,0.0544747
8.275,0.0544799
8.276,0.0544852
8.277,0.0544905
8.278,0.0544957
8.279,0.054501
8.28,0.0545062
8.281,0.0545115
8.282,0.0545168
8.283,0.054522
8.284,0.0545273
8.285,0.0545325
8.286,0.0545378
8.287,0.054543
8.288,0.0545483
8.289,0.0545535
8.29,0.0545588
8.291,0.0545641
8.292,0.0545693
8.293,0.0545746
8.294,0.0545798
8.295,0.0545851
8.296,0.0545903
8.297,0.0545956
8.298,0.0546008
8.299,0.0546061
8.3,0.0546113
8.301,0.0546166
8.302,0.0546218
8.303,0.0546271
8.304,0.0546323
8.305,0.0546376
8.306,0.0546428
8.307,0.0546481
8.308,0.0546533
8.309,0.0546586
8.31,0.0546638
8.311,0.0546691
8.312,0.0546743
8.313,0.0546796
8.314,0.0546848
8.315,0.05469
8.316,0.0546953
8.317,0.0547005
8.318,0.0547058
8.319,0.054711
8.32,0.0547163
8.321,0.0547215
8.322,0.0547267
8.323,0.054732
8.324,0.0547372
8.325,0.0547425
8.326,0.0547477
8.327,0.0547529
8.328,0.0547582
8.329,0.0547634
8.33,0.0547687
8.331,0.0547739
8.332,0.0547791
8.333,0.0547844
8.334,0.0547896
8.335,0.0547948
8.336,0.0548001
8.337,0.0548053
8.338,0.0548106
8.339,0.0548158
8.34,0.054821
8.341,0.0548263
8.342,0.0548315
8.343,0.0548367
8.344,0.054842
8.345,0.0548472
8.346,0.0548524
8.347,0.0548577
8.348,0.0548629
8.349,0.0548681
8.35,0.0548733
8.351,0.0548786
8.352,0.0548838
8.353,0.054889
8.354,0.0548943
8.355,0.0548995
8.356,0.0549047
8.357,0.0549099
8.358,0.0549152
8.359,0.0549204
8.36,0.0549256
8.361,0.0549309
8.362,0.0549361
8.363,0.0549413
8.364,0.0549465
8.365,0.0549517
8.366,0.054957
8.367,0.0549622
8.368,0.0549674
8.369,0.0549726
8.37,0.0549779
8.371,0.0549831
8.372,0.0549883
8.373,0.0549935
8.374,0.0549987
8.375,0.055004
8.376,0.0550092
8.377,0.0550144
8.378,0.0550196
8.379,0.0550248
8.38,0.0550301
8.381,0.0550353
8.382,0.0550405
8.383,0.0550457
8.384,0.0550509
8.385,0.0550561
8.386,0.0550614
8.387,0.0550666
8.388,0.0550718
8.389,0.055077
8.39,0.0550822
8.391,0.0550874
8.392,0.0550926
8.393,0.0550979
8.394,0.0551031
8.395,0.0551083
8.396,0.0551135
8.397,0.0551187
8.398,0.0551239
8.399,0.0551291
8.4,0.0551343
8.401,0.0551395
8.402,0.0551448
8.403,0.05515
8.404,0.0551552
8.405,0.0551604
8.406,0.0551656
8.407,0.0551708
8.408,0.055176
8.409,0.0551812
8.41,0.0551864
8.411,0.0551916
8.412,0.0551968
8.413,0.055202
8.414,0.0552072
8.415,0.0552124
8.416,0.0552176
8.417,0.0552228
8.418,0.055228
8.419,0.0552332
8.42,0.0552384
8.421,0.0552437
8.422,0.0552489
8.423,0.0552541
8.424,0.0552593
8.425,0.0552645
8.426,0.0552697
8.427,0.0552748
8.428,0.05528
8.429,0.0552852
8.43,0.0552904
8.431,0.0552956
8.432,0.0553008
8.433,0.055306
8.434,0.0553112
8.435,0.0553164
8.436,0.0553216
8.437,0.0553268
8.438,0.055332
8.439,0.0553372
8.44,0.0553424
8.441,0.0553476
8.442,0.0553528
8.443,0.055358
8.444,0.0553632
8.445,0.0553684
8.446,0.0553736
8.447,0.0553787
8.448,0.0553839
8.449,0.0553891
8.45,0.0553943
8.451,0.0553995
8.452,0.0554047
8.453,0.0554099
8.454,0.0554151
8.455,0.0554203
8.456,0.0554254
8.457,0.0554306
8.458,0.0554358
8.459,0.055441
8.46,0.0554462
8.461,0.0554514
8.462,0.0554566
8.463,0.0554617
8.464,0.0554669
8.465,0.0554721
8.466,0.0554773
8.467,0.0554825
8.468,0.0554877
8.469,0.0554928
8.47,0.055498
8.471,0.0555032
8.472,0.0555084
8.473,0.0555136
8.474,0.0555187
8.475,0.0555239
8.476,0.0555291
8.477,0.0555343
8.478,0.0555395
8.479,0.0555446
8.48,0.0555498
8.481,0.055555
8.482,0.0555602
8.483,0.0555653
8.484,0.0555705
8.485,0.0555757
8.486,0.0555809
8.487,0.055586
8.488,0.0555912
8.489,0.0555964
8.49,0.0556016
8.491,0.0556067
8.492,0.0556119
8.493,0.0556171
8.494,0.0556222
8.495,0.0556274
8.496,0.0556326
8.497,0.0556378
8.498,0.0556429
8.499,0.0556481
8.5,0.0556533
8.501,0.0556584
8.502,0.0556636
8.503,0.0556688
8.504,0.0556739
8.505,0.0556791
8.506,0.0556843
8.507,0.0556894
8.508,0.0556946
8.509,0.0556998
8.51,0.0557049
8.511,0.0557101
8.512,0.0557153
8.513,0.0557204
8.514,0.0557256
8.515,0.0557308
8.516,0.0557359
8.517,0.0557411
8.518,0.0557462
8.519,0.0557514
8.52,0.0557566
8.521,0.0557617
8.522,0.0557669
8.523,0.055772
8.524,0.0557772
8.525,0.0557824
8.526,0.0557875
8.527,0.0557927
8.528,0.0557978
8.529,0.055803
8.53,0.0558081
8.531,0.0558133
8.532,0.0558185
8.533,0.0558236
8.534,0.0558288
8.535,0.0558339
8.536,0.0558391
8.537,0.0558442
8.538,0.0558494
8.539,0.0558545
8.54,0.0558597
8.541,0.0558648
8.542,0.05587
8.543,0.0558752
8.544,0.0558803
8.545,0.0558855
8.546,0.0558906
8.547,0.0558958
8.548,0.0559009
8.549,0.0559061
8.55,0.0559112
8.551,0.0559164
8.552,0.0559215
8.553,0.0559266
8.554,0.0559318
8.555,0.0559369
8.556,0.0559421
8.557,0.0559472
8.558,0.0559524
8.559,0.0559575
8.56,0.0559627
8.561,0.0559678
8.562,0.055973
8.563,0.0559781
8.564,0.0559832
8.565,0.0559884
8.566,0.0559935
8.567,0.0559987
8.568,0.0560038
8.569,0.056009
8.57,0.0560141
8.571,0.0560192
8.572,0.0560244
8.573,0.0560295
8.574,0.0560347
8.575,0.0560398
8.576,0.0560449
8.577,0.0560501
8.578,0.0560552
8.579,0.0560603
8.58,0.0560655
8.581,0.0560706
8.582,0.0560758
8.583,0.0560809
8.584,0.056086
8.585,0.0560912
8.586,0.0560963
8.587,0.0561014
8.588,0.0561066
8.589,0.0561117
8.59,0.0561168
8.591,0.056122
8.592,0.0561271
8.593,0.0561322
8.594,0.0561373
8.595,0.0561425
8.596,0.0561476
8.597,0.0561527
8.598,0.0561579
8.599,0.056163
8.6,0.0561681
8.601,0.0561733
8.602,0.0561784
8.603,0.0561835
8.604,0.0561886
8.605,0.0561938
8.606,0.0561989
8.607,0.056204
8.608,0.0562091
8.609,0.0562143
8.61,0.0562194
8.611,0.0562245
8.612,0.0562296
8.613,0.0562348
8.614,0.0562399
8.615,0.056245
8.616,0.0562501
8.617,0.0562552
8.618,0.0562604
8.619,0.0562655
8.62,0.0562706
8.621,0.0562757
8.622,0.0562808
8.623,0.056286
8.624,0.0562911
8.625,0.0562962
8.626,0.0563013
8.627,0.0563064
8.628,0.0563116
8.629,0.0563167
8.63,0.0563218
8.631,0.0563269
8.632,0.056332
8.633,0.0563371
8.634,0.0563423
8.635,0.0563474
8.636,0.0563525
8.637,0.0563576
8.638,0.0563627
8.639,0.0563678
8.64,0.0563729
8.641,0.056378
8.642,0.0563832
8.643,0.0563883
8.644,0.0563934
8.645,0.0563985
8.646,0.0564036
8.647,0.0564087
8.648,0.0564138
8.649,0.0564189
8.65,0.056424
8.651,0.0564291
8.652,0.0564342
8.653,0.0564394
8.654,0.0564445
8.655,0.0564496
8.656,0.0564547
8.657,0.0564598
8.658,0.0564649
8.659,0.05647
8.66,0.0564751
8.661,0.0564802
8.662,0.0564853
8.663,0.0564904
8.664,0.0564955
8.665,0.0565006
8.666,0.0565057
8.667,0.0565108
8.668,0.0565159
8.669,0.056521
8.67,0.0565261
8.671,0.0565312
8.672,0.0565363
8.673,0.0565414
8.674,0.0565465
8.675,0.0565516
8.676,0.0565567
8.677,0.0565618
8.678,0.0565669
8.679,0.056572
8.68,0.0565771
8.681,0.0565822
8.682,0.0565873
8.683,0.0565924
8.684,0.0565975
8.685,0.0566026
8.686,0.0566077
8.687,0.0566128
8.688,0.0566178
8.689,0.0566229
8.69,0.056628
8.691,0.0566331
8.692,0.0566382
8.693,0.0566433
8.694,0.0566484
8.695,0.0566535
8.696,0.0566586
8.697,0.0566637
8.698,0.0566688
8.699,0.0566738
8.7,0.0566789
8.701,0.056684
8.702,0.0566891
8.703,0.0566942
8.704,0.0566993
8.705,0.0567044
8.706,0.0567094
8.707,0.0567145
8.708,0.0567196
8.709,0.0567247
8.71,0.0567298
8.711,0.0567349
8.712,0.05674
8.713,0.056745
8.714,0.0567501
8.715,0.0567552
8.716,0.0567603
8.717,0.0567654
8.718,0.0567704
8.719,0.0567755
8.72,0.0567806
8.721,0.0567857
8.722,0.0567908
8.723,0.0567958
8.724,0.0568009
8.725,0.056806
8.726,0.0568111
8.727,0.0568162
8.728,0.0568212
8.729,0.0568263
8.73,0.0568314
8.731,0.0568365
8.732,0.0568415
8.733,0.0568466
8.734,0.0568517
8.735,0.0568568
8.736,0.0568618
8.737,0.0568669
8.738,0.056872
8.739,0.056877
8.74,0.0568821
8.741,0.0568872
8.742,0.0568923
8.743,0.0568973
8.744,0.0569024
8.745,0.0569075
8.746,0.0569125
8.747,0.0569176
8.748,0.0569227
8.749,0.0569277
8.75,0.0569328
8.751,0.0569379
8.752,0.056943
8.753,0.056948
8.754,0.0569531
8.755,0.0569581
8.756,0.0569632
8.757,0.0569683
8.758,0.0569733
8.759,0.0569784
8.76,0.0569835
8.761,0.0569885
8.762,0.0569936
8.763,0.0569987
8.764,0.0570037
8.765,0.0570088
8.766,0.0570138
8.767,0.0570189
8.768,0.057024
8.769,0.057029
8.77,0.0570341
8.771,0.0570391
8.772,0.0570442
8.773,0.0570493
8.774,0.0570543
8.775,0.0570594
8.776,0.0570644
8.777,0.0570695
8.778,0.0570746
8.779,0.0570796
8.78,0.0570847
8.781,0.0570897
8.782,0.0570948
8.783,0.0570998
8.784,0.0571049
8.785,0.0571099
8.786,0.057115
8.787,0.05712
8.788,0.0571251
8.789,0.0571301
8.79,0.0571352
8.791,0.0571403
8.792,0.0571453
8.793,0.0571504
8.794,0.0571554
8.795,0.0571605
8.796,0.0571655
8.797,0.0571705
8.798,0.0571756
8.799,0.0571806
8.8,0.0571857
8.801,0.0571907
8.802,0.0571958
8.803,0.0572008
8.804,0.0572059
8.805,0.0572109
8.806,0.057216
8.807,0.057221
8.808,0.0572261
8.809,0.0572311
8.81,0.0572361
8.811,0.0572412
8.812,0.0572462
8.813,0.0572513
8.814,0.0572563
8.815,0.0572614
8.816,0.0572664
8.817,0.0572714
8.818,0.0572765
8.819,0.0572815
8.82,0.0572866
8.821,0.0572916
8.822,0.0572966
8.823,0.0573017
8.824,0.0573067
8.825,0.0573118
8.826,0.0573168
8.827,0.0573218
8.828,0.0573269
8.829,0.0573319
8.83,0.0573369
8.831,0.057342
8.832,0.057347
8.833,0.057352
8.834,0.0573571
8.835,0.0573621
8.836,0.0573671
8.837,0.0573722
8.838,0.0573772
8.839,0.0573822
8.84,0.0573873
8.841,0.0573923
8.842,0.0573973
8.843,0.0574024
8.844,0.0574074
8.845,0.0574124
8.846,0.0574175
8.847,0.0574225
8.848,0.0574275
8.849,0.0574325
8.85,0.0574376
8.851,0.0574426
8.852,0.0574476
8.853,0.0574526
8.854,0.0574577
8.855,0.0574627
8.856,0.0574677
8.857,0.0574727
8.858,0.0574778
8.859,0.0574828
8.86,0.0574878
8.861,0.0574928
8.862,0.0574979
8.863,0.0575029
8.864,0.0575079
8.865,0.0575129
8.866,0.057518
8.867,0.057523
8.868,0.057528
8.869,0.057533
8.87,0.057538
8.871,0.0575431
8.872,0.0575481
8.873,0.0575531
8.874,0.0575581
8.875,0.0575631
8.876,0.0575681
8.877,0.0575732
8.878,0.0575782
8.879,0.0575832
8.88,0.0575882
8.881,0.0575932
8.882,0.0575982
8.883,0.0576033
8.884,0.0576083
8.885,0.0576133
8.886,0.0576183
8.887,0.0576233
8.888,0.0576283
8.889,0.0576333
8.89,0.0576383
8.891,0.0576434
8.892,0.0576484
8.893,0.0576534
8.894,0.0576584
8.895,0.0576634
8.896,0.0576684
8.897,0.0576734
8.898,0.0576784
8.899,0.0576834
8.9,0.0576884
8.901,0.0576934
8.902,0.0576984
8.903,0.0577035
8.904,0.0577085
8.905,0.0577135
8.906,0.0577185
8.907,0.0577235
8.908,0.0577285
8.909,0.0577335
8.91,0.0577385
8.911,0.0577435
8.912,0.0577485
8.913,0.0577535
8.914,0.0577585
8.915,0.0577635
8.916,0.0577685
8.917,0.0577735
8.918,0.0577785
8.919,0.0577835
8.92,0.0577885
8.921,0.0577935
8.922,0.0577985
8.923,0.0578035
8.924,0.0578085
8.925,0.0578135
8.926,0.0578185
8.927,0.0578235
8.928,0.0578285
8.929,0.0578335
8.93,0.0578385
8.931,0.0578435
8.932,0.0578485
8.933,0.0578535
8.934,0.0578584
8.935,0.0578634
8.936,0.0578684
8.937,0.0578734
8.938,0.0578784
8.939,0.0578834
8.94,0.0578884
8.941,0.0578934
8.942,0.0578984
8.943,0.0579034
8.944,0.0579084
8.945,0.0579134
8.946,0.0579183
8.947,0.0579233
8.948,0.0579283
8.949,0.0579333
8.95,0.0579383
8.951,0.0579433
8.952,0.0579483
8.953,0.0579533
8.954,0.0579582
8.955,0.0579632
8.956,0.0579682
8.957,0.0579732
8.958,0.0579782
8.959,0.0579832
8.96,0.0579881
8.961,0.0579931
8.962,0.0579981
8.963,0.0580031
8.964,0.0580081
8.965,0.0580131
8.966,0.058018
8.967,0.058023
8.968,0.058028
8.969,0.058033
8.97,0.058038
8.971,0.0580429
8.972,0.0580479
8.973,0.0580529
8.974,0.0580579
8.975,0.0580629
8.976,0.0580678
8.977,0.0580728
8.978,0.0580778
8.979,0.0580828
8.98,0.0580877
8.981,0.0580927
8.982,0.0580977
8.983,0.0581027
8.984,0.0581076
8.985,0.0581126
8.986,0.0581176
8.987,0.0581226
8.988,0.0581275
8.989,0.0581325
8.99,0.0581375
8.991,0.0581424
8.992,0.0581474
8.993,0.0581524
8.994,0.0581574
8.995,0.0581623
8.996,0.0581673
8.997,0.0581723
8.998,0.0581772
8.999,0.0581822
9,0.0581872
9.001,0.0581921
9.002,0.0581971
9.003,0.0582021
9.004,0.058207
9.005,0.058212
9.006,0.058217
9.007,0.0582219
9.008,0.0582269
9.009,0.0582319
9.01,0.0582368
9.011,0.0582418
9.012,0.0582467
9.013,0.0582517
9.014,0.0582567
9.015,0.0582616
9.016,0.0582666
9.017,0.0582715
9.018,0.0582765
9.019,0.0582815
9.02,0.0582864
9.021,0.0582914
9.022,0.0582963
9.023,0.0583013
9.024,0.0583063
9.025,0.0583112
9.026,0.0583162
9.027,0.0583211
9.028,0.0583261
9.029,0.058331
9.03,0.058336
9.031,0.058341
9.032,0.0583459
9.033,0.0583509
9.034,0.0583558
9.035,0.0583608
9.036,0.0583657
9.037,0.0583707
9.038,0.0583756
9.039,0.0583806
9.04,0.0583855
9.041,0.0583905
9.042,0.0583954
9.043,0.0584004
9.044,0.0584053
9.045,0.0584103
9.046,0.0584152
9.047,0.0584202
9.048,0.0584251
9.049,0.0584301
9.05,0.058435
9.051,0.05844
9.052,0.0584449
9.053,0.0584499
9.054,0.0584548
9.055,0.0584598
9.056,0.0584647
9.057,0.0584696
9.058,0.0584746
9.059,0.0584795
9.06,0.0584845
9.061,0.0584894
9.062,0.0584944
9.063,0.0584993
9.064,0.0585043
9.065,0.0585092
9.066,0.0585141
9.067,0.0585191
9.068,0.058524
9.069,0.058529
9.07,0.0585339
9.071,0.0585388
9.072,0.0585438
9.073,0.0585487
9.074,0.0585536
9.075,0.0585586
9.076,0.0585635
9.077,0.0585685
9.078,0.0585734
9.079,0.0585783
9.08,0.0585833
9.081,0.0585882
9.082,0.0585931
9.083,0.0585981
9.084,0.058603
9.085,0.0586079
9.086,0.0586129
9.087,0.0586178
9.088,0.0586227
9.089,0.0586277
9.09,0.0586326
9.091,0.0586375
9.092,0.0586425
9.093,0.0586474
9.094,0.0586523
9.095,0.0586573
9.096,0.0586622
9.097,0.0586671
9.098,0.058672
9.099,0.058677
9.1,0.0586819
9.101,0.0586868
9.102,0.0586917
9.103,0.0586967
9.104,0.0587016
9.105,0.0587065
9.106,0.0587115
9.107,0.0587164
9.108,0.0587213
9.109,0.0587262
9.11,0.0587312
9.111,0.0587361
9.112,0.058741
9.113,0.0587459
9.114,0.0587508
9.115,0.0587558
9.116,0.0587607
9.117,0.0587656
9.118,0.0587705
9.119,0.0587754
9.12,0.0587804
9.121,0.0587853
9.122,0.0587902
9.123,0.0587951
9.124,0.0588
9.125,0.058805
9.126,0.0588099
9.127,0.0588148
9.128,0.0588197
9.129,0.0588246
9.13,0.0588295
9.131,0.0588345
9.132,0.0588394
9.133,0.0588443
9.134,0.0588492
9.135,0.0588541
9.136,0.058859
9.137,0.0588639
9.138,0.0588689
9.139,0.0588738
9.14,0.0588787
9.141,0.0588836
9.142,0.0588885
9.143,0.0588934
9.144,0.0588983
9.145,0.0589032
9.146,0.0589081
9.147,0.058913
9.148,0.058918
9.149,0.0589229
9.15,0.0589278
9.151,0.0589327
9.152,0.0589376
9.153,0.0589425
9.154,0.0589474
9.155,0.0589523
9.156,0.0589572
9.157,0.0589621
9.158,0.058967
9.159,0.0589719
9.16,0.0589768
9.161,0.0589817
9.162,0.0589866
9.163,0.0589915
9.164,0.0589964
9.165,0.0590013
9.166,0.0590062
9.167,0.0590111
9.168,0.059016
9.169,0.0590209
9.17,0.0590258
9.171,0.0590307
9.172,0.0590356
9.173,0.0590405
9.174,0.0590454
9.175,0.0590503
9.176,0.0590552
9.177,0.0590601
9.178,0.059065
9.179,0.0590699
9.18,0.0590748
9.181,0.0590797
9.182,0.0590846
9.183,0.0590895
9.184,0.0590944
9.185,0.0590993
9.186,0.0591042
9.187,0.0591091
9.188,0.059114
9.189,0.0591189
9.19,0.0591238
9.191,0.0591286
9.192,0.0591335
9.193,0.0591384
9.194,0.0591433
9.195,0.0591482
9.196,0.0591531
9.197,0.059158
9.198,0.0591629
9.199,0.0591678
9.2,0.0591727
9.201,0.0591775
9.202,0.0591824
9.203,0.0591873
9.204,0.0591922
9.205,0.0591971
9.206,0.059202
9.207,0.0592069
9.208,0.0592117
9.209,0.0592166
9.21,0.0592215
9.211,0.0592264
9.212,0.0592313
9.213,0.0592362
9.214,0.059241
9.215,0.0592459
9.216,0.0592508
9.217,0.0592557
9.218,0.0592606
9.219,0.0592654
9.22,0.0592703
9.221,0.0592752
9.222,0.0592801
9.223,0.059285
9.224,0.0592898
9.225,0.0592947
9.226,0.0592996
9.227,0.0593045
9.228,0.0593094
9.229,0.0593142
9.23,0.0593191
9.231,0.059324
9.232,0.0593289
9.233,0.0593337
9.234,0.0593386
9.235,0.0593435
9.236,0.0593484
9.237,0.0593532
9.238,0.0593581
9.239,0.059363
9.24,0.0593678
9.241,0.0593727
9.242,0.0593776
9.243,0.0593825
9.244,0.0593873
9.245,0.0593922
9.246,0.0593971
9.247,0.0594019
9.248,0.0594068
9.249,0.0594117
9.25,0.0594165
9.251,0.0594214
9.252,0.0594263
9.253,0.0594311
9.254,0.059436
9.255,0.0594409
9.256,0.0594457
9.257,0.0594506
9.258,0.0594555
9.259,0.0594603
9.26,0.0594652
9.261,0.0594701
9.262,0.0594749
9.263,0.0594798
9.264,0.0594847
9.265,0.0594895
9.266,0.0594944
9.267,0.0594992
9.268,0.0595041
9.269,0.059509
9.27,0.0595138
9.271,0.0595187
9.272,0.0595235
9.273,0.0595284
9.274,0.0595333
9.275,0.0595381
9.276,0.059543
9.277,0.0595478
9.278,0.0595527
9.279,0.0595576
9.28,0.0595624
9.281,0.0595673
9.282,0.0595721
9.283,0.059577
9.284,0.0595818
9.285,0.0595867
9.286,0.0595915
9.287,0.0595964
9.288,0.0596012
9.289,0.0596061
9.29,0.059611
9.291,0.0596158
9.292,0.0596207
9.293,0.0596255
9.294,0.0596304
9.295,0.0596352
9.296,0.0596401
9.297,0.0596449
9.298,0.0596498
9.299,0.0596546
9.3,0.0596595
9.301,0.0596643
9.302,0.0596691
9.303,0.059674
9.304,0.0596788
9.305,0.0596837
9.306,0.0596885
9.307,0.0596934
9.308,0.0596982
9.309,0.0597031
9.31,0.0597079
9.311,0.0597128
9.312,0.0597176
9.313,0.0597224
9.314,0.0597273
9.315,0.0597321
9.316,0.059737
9.317,0.0597418
9.318,0.0597467
9.319,0.0597515
9.32,0.0597563
9.321,0.0597612
9.322,0.059766
9.323,0.0597709
9.324,0.0597757
9.325,0.0597805
9.326,0.0597854
9.327,0.0597902
9.328,0.059795
9.329,0.0597999
9.33,0.0598047
9.331,0.0598096
9.332,0.0598144
9.333,0.0598192
9.334,0.0598241
9.335,0.0598289
9.336,0.0598337
9.337,0.0598386
9.338,0.0598434
9.339,0.0598482
9.34,0.0598531
9.341,0.0598579
9.342,0.0598627
9.343,0.0598676
9.344,0.0598724
9.345,0.0598772
9.346,0.0598821
9.347,0.0598869
9.348,0.0598917
9.349,0.0598965
9.35,0.0599014
9.351,0.0599062
9.352,0.059911
9.353,0.0599159
9.354,0.0599207
9.355,0.0599255
9.356,0.0599303
9.357,0.0599352
9.358,0.05994
9.359,0.0599448
9.36,0.0599496
9.361,0.0599545
9.362,0.0599593
9.363,0.0599641
9.364,0.0599689
9.365,0.0599738
9.366,0.0599786
9.367,0.0599834
9.368,0.0599882
9.369,0.059993
9.37,0.0599979
9.371,0.0600027
9.372,0.0600075
9.373,0.0600123
9.374,0.0600171
9.375,0.060022
9.376,0.0600268
9.377,0.0600316
9.378,0.0600364
9.379,0.0600412
9.38,0.0600461
9.381,0.0600509
9.382,0.0600557
9.383,0.0600605
9.384,0.0600653
9.385,0.0600701
9.386,0.0600749
9.387,0.0600798
9.388,0.0600846
9.389,0.0600894
9.39,0.0600942
9.391,0.060099
9.392,0.0601038
9.393,0.0601086
9.394,0.0601135
9.395,0.0601183
9.396,0.0601231
9.397,0.0601279
9.398,0.0601327
9.399,0.0601375
9.4,0.0601423
9.401,0.0601471
9.402,0.0601519
9.403,0.0601567
9.404,0.0601615
9.405,0.0601664
9.406,0.0601712
9.407,0.060176
9.408,0.0601808
9.409,0.0601856
9.41,0.0601904
9.411,0.0601952
9.412,0.0602
9.413,0.0602048
9.414,0.0602096
9.415,0.0602144
9.416,0.0602192
9.417,0.060224
9.418,0.0602288
9.419,0.0602336
9.42,0.0602384
9.421,0.0602432
9.422,0.060248
9.423,0.0602528
9.424,0.0602576
9.425,0.0602624
9.426,0.0602672
9.427,0.060272
9.428,0.0602768
9.429,0.0602816
9.43,0.0602864
9.431,0.0602912
9.432,0.060296
9.433,0.0603008
9.434,0.0603056
9.435,0.0603104
9.436,0.0603152
9.437,0.06032
9.438,0.0603248
9.439,0.0603296
9.44,0.0603344
9.441,0.0603391
9.442,0.0603439
9.443,0.0603487
9.444,0.0603535
9.445,0.0603583
9.446,0.0603631
9.447,0.0603679
9.448,0.0603727
9.449,0.0603775
9.45,0.0603823
9.451,0.0603871
9.452,0.0603918
9.453,0.0603966
9.454,0.0604014
9.455,0.0604062
9.456,0.060411
9.457,0.0604158
9.458,0.0604206
9.459,0.0604254
9.46,0.0604301
9.461,0.0604349
9.462,0.0604397
9.463,0.0604445
9.464,0.0604493
9.465,0.0604541
9.466,0.0604588
9.467,0.0604636
9.468,0.0604684
9.469,0.0604732
9.47,0.060478
9.471,0.0604828
9.472,0.0604875
9.473,0.0604923
9.474,0.0604971
9.475,0.0605019
9.476,0.0605067
9.477,0.0605114
9.478,0.0605162
9.479,0.060521
9.48,0.0605258
9.481,0.0605306
9.482,0.0605353
9.483,0.0605401
9.484,0.0605449
9.485,0.0605497
9.486,0.0605544
9.487,0.0605592
9.488,0.060564
9.489,0.0605688
9.49,0.0605735
9.491,0.0605783
9.492,0.0605831
9.493,0.0605878
9.494,0.0605926
9.495,0.0605974
9.496,0.0606022
9.497,0.0606069
9.498,0.0606117
9.499,0.0606165
9.5,0.0606212
9.501,0.060626
9.502,0.0606308
9.503,0.0606356
9.504,0.0606403
9.505,0.0606451
9.506,0.0606499
9.507,0.0606546
9.508,0.0606594
9.509,0.0606642
9.51,0.0606689
9.511,0.0606737
9.512,0.0606785
9.513,0.0606832
9.514,0.060688
9.515,0.0606928
9.516,0.0606975
9.517,0.0607023
9.518,0.060707
9.519,0.0607118
9.52,0.0607166
9.521,0.0607213
9.522,0.0607261
9.523,0.0607309
9.524,0.0607356
9.525,0.0607404
9.526,0.0607451
9.527,0.0607499
9.528,0.0607547
9.529,0.0607594
9.53,0.0607642
9.531,0.0607689
9.532,0.0607737
9.533,0.0607784
9.534,0.0607832
9.535,0.060788
9.536,0.0607927
9.537,0.0607975
9.538,0.0608022
9.539,0.060807
9.54,0.0608117
9.541,0.0608165
9.542,0.0608212
9.543,0.060826
9.544,0.0608307
9.545,0.0608355
9.546,0.0608402
9.547,0.060845
9.548,0.0608498
9.549,0.0608545
9.55,0.0608593
9.551,0.060864
9.552,0.0608688
9.553,0.0608735
9.554,0.0608782
9.555,0.060883
9.556,0.0608877
9.557,0.0608925
9.558,0.0608972
9.559,0.060902
9.56,0.0609067
9.561,0.0609115
9.562,0.0609162
9.563,0.060921
9.564,0.0609257
9.565,0.0609305
9.566,0.0609352
9.567,0.06094
9.568,0.0609447
9.569,0.0609494
9.57,0.0609542
9.571,0.0609589
9.572,0.0609637
9.573,0.0609684
9.574,0.0609731
9.575,0.0609779
9.576,0.0609826
9.577,0.0609874
9.578,0.0609921
9.579,0.0609968
9.58,0.0610016
9.581,0.0610063
9.582,0.0610111
9.583,0.0610158
9.584,0.0610205
9.585,0.0610253
9.586,0.06103
9.587,0.0610347
9.588,0.0610395
9.589,0.0610442
9.59,0.061049
9.591,0.0610537
9.592,0.0610584
9.593,0.0610632
9.594,0.0610679
9.595,0.0610726
9.596,0.0610774
9.597,0.0610821
9.598,0.0610868
9.599,0.0610916
9.6,0.0610963
9.601,0.061101
9.602,0.0611057
9.603,0.0611105
9.604,0.0611152
9.605,0.0611199
9.606,0.0611247
9.607,0.0611294
9.608,0.0611341
9.609,0.0611388
9.61,0.0611436
9.611,0.0611483
9.612,0.061153
9.613,0.0611578
9.614,0.0611625
9.615,0.0611672
9.616,0.0611719
9.617,0.0611767
9.618,0.0611814
9.619,0.0611861
9.62,0.0611908
9.621,0.0611955
9.622,0.0612003
9.623,0.061205
9.624,0.0612097
9.625,0.0612144
9.626,0.0612192
9.627,0.0612239
9.628,0.0612286
9.629,0.0612333
9.63,0.061238
9.631,0.0612428
9.632,0.0612475
9.633,0.0612522
9.634,0.0612569
9.635,0.0612616
9.636,0.0612663
9.637,0.0612711
9.638,0.0612758
9.639,0.0612805
9.64,0.0612852
9.641,0.0612899
9.642,0.0612946
9.643,0.0612994
9.644,0.0613041
9.645,0.0613088
9.646,0.0613135
9.647,0.0613182
9.648,0.0613229
9.649,0.0613276
9.65,0.0613323
9.651,0.0613371
9.652,0.0613418
9.653,0.0613465
9.654,0.0613512
9.655,0.0613559
9.656,0.0613606
9.657,0.0613653
9.658,0.06137
9.659,0.0613747
9.66,0.0613794
9.661,0.0613841
9.662,0.0613889
9.663,0.0613936
9.664,0.0613983
9.665,0.061403
9.666,0.0614077
9.667,0.0614124
9.668,0.0614171
9.669,0.0614218
9.67,0.0614265
9.671,0.0614312
9.672,0.0614359
9.673,0.0614406
9.674,0.0614453
9.675,0.06145
9.676,0.0614547
9.677,0.0614594
9.678,0.0614641
9.679,0.0614688
9.68,0.0614735
9.681,0.0614782
9.682,0.0614829
9.683,0.0614876
9.684,0.0614923
9.685,0.061497
9.686,0.0615017
9.687,0.0615064
9.688,0.0615111
9.689,0.0615158
9.69,0.0615205
9.691,0.0615252
9.692,0.0615299
9.693,0.0615346
9.694,0.0615393
9.695,0.061544
9.696,0.0615487
9.697,0.0615534
9.698,0.061558
9.699,0.0615627
9.7,0.0615674
9.701,0.0615721
9.702,0.0615768
9.703,0.0615815
9.704,0.0615862
9.705,0.0615909
9.706,0.0615956
9.707,0.0616003
9.708,0.061605
9.709,0.0616096
9.71,0.0616143
9.711,0.061619
9.712,0.0616237
9.713,0.0616284
9.714,0.0616331
9.715,0.0616378
9.716,0.0616425
9.717,0.0616471
9.718,0.0616518
9.719,0.0616565
9.72,0.0616612
9.721,0.0616659
9.722,0.0616706
9.723,0.0616753
9.724,0.0616799
9.725,0.0616846
9.726,0.0616893
9.727,0.061694
9.728,0.0616987
9.729,0.0617033
9.73,0.061708
9.731,0.0617127
9.732,0.0617174
9.733,0.0617221
9.734,0.0617267
9.735,0.0617314
9.736,0.0617361
9.737,0.0617408
9.738,0.0617455
9.739,0.0617501
9.74,0.0617548
9.741,0.0617595
9.742,0.0617642
9.743,0.0617688
9.744,0.0617735
9.745,0.0617782
9.746,0.0617829
9.747,0.0617875
9.748,0.0617922
9.749,0.0617969
9.75,0.0618016
9.751,0.0618062
9.752,0.0618109
9.753,0.0618156
9.754,0.0618202
9.755,0.0618249
9.756,0.0618296
9.757,0.0618343
9.758,0.0618389
9.759,0.0618436
9.76,0.0618483
9.761,0.0618529
9.762,0.0618576
9.763,0.0618623
9.764,0.0618669
9.765,0.0618716
9.766,0.0618763
9.767,0.0618809
9.768,0.0618856
9.769,0.0618903
9.77,0.0618949
9.771,0.0618996
9.772,0.0619043
9.773,0.0619089
9.774,0.0619136
9.775,0.0619183
9.776,0.0619229
9.777,0.0619276
9.778,0.0619322
9.779,0.0619369
9.78,0.0619416
9.781,0.0619462
9.782,0.0619509
9.783,0.0619556
9.784,0.0619602
9.785,0.0619649
9.786,0.0619695
9.787,0.0619742
9.788,0.0619789
9.789,0.0619835
9.79,0.0619882
9.791,0.0619928
9.792,0.0619975
9.793,0.0620021
9.794,0.0620068
9.795,0.0620114
9.796,0.0620161
9.797,0.0620208
9.798,0.0620254
9.799,0.0620301
9.8,0.0620347
9.801,0.0620394
9.802,0.062044
9.803,0.0620487
9.804,0.0620533
9.805,0.062058
9.806,0.0620626
9.807,0.0620673
9.808,0.0620719
9.809,0.0620766
9.81,0.0620812
9.811,0.0620859
9.812,0.0620905
9.813,0.0620952
9.814,0.0620998
9.815,0.0621045
9.816,0.0621091
9.817,0.0621138
9.818,0.0621184
9.819,0.0621231
9.82,0.0621277
9.821,0.0621324
9.822,0.062137
9.823,0.0621417
9.824,0.0621463
9.825,0.0621509
9.826,0.0621556
9.827,0.0621602
9.828,0.0621649
9.829,0.0621695
9.83,0.0621742
9.831,0.0621788
9.832,0.0621834
9.833,0.0621881
9.834,0.0621927
9.835,0.0621974
9.836,0.062202
9.837,0.0622066
9.838,0.0622113
9.839,0.0622159
9.84,0.0622206
9.841,0.0622252
9.842,0.0622298
9.843,0.0622345
9.844,0.0622391
9.845,0.0622437
9.846,0.0622484
9.847,0.062253
9.848,0.0622577
9.849,0.0622623
9.85,0.0622669
9.851,0.0622716
9.852,0.0622762
9.853,0.0622808
9.854,0.0622855
9.855,0.0622901
9.856,0.0622947
9.857,0.0622994
9.858,0.062304
9.859,0.0623086
9.86,0.0623132
9.861,0.0623179
9.862,0.0623225
9.863,0.0623271
9.864,0.0623318
9.865,0.0623364
9.866,0.062341
9.867,0.0623457
9.868,0.0623503
9.869,0.0623549
9.87,0.0623595
9.871,0.0623642
9.872,0.0623688
9.873,0.0623734
9.874,0.062378
9.875,0.0623827
9.876,0.0623873
9.877,0.0623919
9.878,0.0623965
9.879,0.0624012
9.88,0.0624058
9.881,0.0624104
9.882,0.062415
9.883,0.0624197
9.884,0.0624243
9.885,0.0624289
9.886,0.0624335
9.887,0.0624381
9.888,0.0624428
9.889,0.0624474
9.89,0.062452
9.891,0.0624566
9.892,0.0624612
9.893,0.0624659
9.894,0.0624705
9.895,0.0624751
9.896,0.0624797
9.897,0.0624843
9.898,0.0624889
9.899,0.0624936
9.9,0.0624982
9.901,0.0625028
9.902,0.0625074
9.903,0.062512
9.904,0.0625166
9.905,0.0625212
9.906,0.0625259
9.907,0.0625305
9.908,0.0625351
9.909,0.0625397
9.91,0.0625443
9.911,0.0625489
9.912,0.0625535
9.913,0.0625581
9.914,0.0625627
9.915,0.0625674
9.916,0.062572
9.917,0.0625766
9.918,0.0625812
9.919,0.0625858
9.92,0.0625904
9.921,0.062595
9.922,0.0625996
9.923,0.0626042
9.924,0.0626088
9.925,0.0626134
9.926,0.062618
9.927,0.0626226
9.928,0.0626272
9.929,0.0626319
9.93,0.0626365
9.931,0.0626411
9.932,0.0626457
9.933,0.0626503
9.934,0.0626549
9.935,0.0626595
9.936,0.0626641
9.937,0.0626687
9.938,0.0626733
9.939,0.0626779
9.94,0.0626825
9.941,0.0626871
9.942,0.0626917
9.943,0.0626963
9.944,0.0627009
9.945,0.0627055
9.946,0.0627101
9.947,0.0627147
9.948,0.0627193
9.949,0.0627239
9.95,0.0627285
9.951,0.0627331
9.952,0.0627376
9.953,0.0627422
9.954,0.0627468
9.955,0.0627514
9.956,0.062756
9.957,0.0627606
9.958,0.0627652
9.959,0.0627698
9.96,0.0627744
9.961,0.062779
9.962,0.0627836
9.963,0.0627882
9.964,0.0627928
9.965,0.0627974
9.966,0.0628019
9.967,0.0628065
9.968,0.0628111
9.969,0.0628157
9.97,0.0628203
9.971,0.0628249
9.972,0.0628295
9.973,0.0628341
9.974,0.0628387
9.975,0.0628432
9.976,0.0628478
9.977,0.0628524
9.978,0.062857
9.979,0.0628616
9.98,0.0628662
9.981,0.0628708
9.982,0.0628753
9.983,0.0628799
9.984,0.0628845
9.985,0.0628891
9.986,0.0628937
9.987,0.0628983
9.988,0.0629028
9.989,0.0629074
9.99,0.062912
9.991,0.0629166
9.992,0.0629212
9.993,0.0629257
9.994,0.0629303
9.995,0.0629349
9.996,0.0629395
9.997,0.0629441
9.998,0.0629486
9.999,0.0629532
10,0.0629578
10.001,0.0629624
10.002,0.0629669
10.003,0.0629715
10.004,0.0629761
10.005,0.0629807
10.006,0.0629853
10.007,0.0629898
10.008,0.0629944
10.009,0.062999
10.01,0.0630035
10.011,0.0630081
10.012,0.0630127
10.013,0.0630173
10.014,0.0630218
10.015,0.0630264
10.016,0.063031
10.017,0.0630356
10.018,0.0630401
10.019,0.0630447
10.02,0.0630493
10.021,0.0630538
10.022,0.0630584
10.023,0.063063
10.024,0.0630675
10.025,0.0630721
10.026,0.0630767
10.027,0.0630812
10.028,0.0630858
10.029,0.0630904
10.03,0.0630949
10.031,0.0630995
10.032,0.0631041
10.033,0.0631086
10.034,0.0631132
10.035,0.0631178
10.036,0.0631223
10.037,0.0631269
10.038,0.0631315
10.039,0.063136
10.04,0.0631406
10.041,0.0631451
10.042,0.0631497
10.043,0.0631543
10.044,0.0631588
10.045,0.0631634
10.046,0.0631679
10.047,0.0631725
10.048,0.0631771
10.049,0.0631816
10.05,0.0631862
10.051,0.0631907
10.052,0.0631953
10.053,0.0631999
10.054,0.0632044
10.055,0.063209
10.056,0.0632135
10.057,0.0632181
10.058,0.0632226
10.059,0.0632272
10.06,0.0632317
10.061,0.0632363
10.062,0.0632409
10.063,0.0632454
10.064,0.06325
10.065,0.0632545
10.066,0.0632591
10.067,0.0632636
10.068,0.0632682
10.069,0.0632727
10.07,0.0632773
10.071,0.0632818
10.072,0.0632864
10.073,0.0632909
10.074,0.0632955
10.075,0.0633
10.076,0.0633046
10.077,0.0633091
10.078,0.0633137
10.079,0.0633182
10.08,0.0633228
10.081,0.0633273
10.082,0.0633319
10.083,0.0633364
10.084,0.0633409
10.085,0.0633455
10.086,0.06335
10.087,0.0633546
10.088,0.0633591
10.089,0.0633637
10.09,0.0633682
10.091,0.0633728
10.092,0.0633773
10.093,0.0633818
10.094,0.0633864
10.095,0.0633909
10.096,0.0633955
10.097,0.0634
10.098,0.0634045
10.099,0.0634091
10.1,0.0634136
10.101,0.0634182
10.102,0.0634227
10.103,0.0634272
10.104,0.0634318
10.105,0.0634363
10.106,0.0634409
10.107,0.0634454
10.108,0.0634499
10.109,0.0634545
10.11,0.063459
10.111,0.0634635
10.112,0.0634681
10.113,0.0634726
10.114,0.0634771
10.115,0.0634817
10.116,0.0634862
10.117,0.0634907
10.118,0.0634953
10.119,0.0634998
10.12,0.0635043
10.121,0.0635089
10.122,0.0635134
10.123,0.0635179
10.124,0.0635225
10.125,0.063527
10.126,0.0635315
10.127,0.063536
10.128,0.0635406
10.129,0.0635451
10.13,0.0635496
10.131,0.0635542
10.132,0.0635587
10.133,0.0635632
10.134,0.0635677
10.135,0.0635723
10.136,0.0635768
10.137,0.0635813
10.138,0.0635858
10.139,0.0635904
10.14,0.0635949
10.141,0.0635994
10.142,0.0636039
10.143,0.0636085
10.144,0.063613
10.145,0.0636175
10.146,0.063622
10.147,0.0636266
10.148,0.0636311
10.149,0.0636356
10.15,0.0636401
10.151,0.0636446
10.152,0.0636492
10.153,0.0636537
10.154,0.0636582
10.155,0.0636627
10.156,0.0636672
10.157,0.0636718
10.158,0.0636763
10.159,0.0636808
10.16,0.0636853
10.161,0.0636898
10.162,0.0636943
10.163,0.0636989
10.164,0.0637034
10.165,0.0637079
10.166,0.0637124
10.167,0.0637169
10.168,0.0637214
10.169,0.0637259
10.17,0.0637305
10.171,0.063735
10.172,0.0637395
10.173,0.063744
10.174,0.0637485
10.175,0.063753
10.176,0.0637575
10.177,0.063762
10.178,0.0637665
10.179,0.0637711
10.18,0.0637756
10.181,0.0637801
10.182,0.0637846
10.183,0.0637891
10.184,0.0637936
10.185,0.0637981
10.186,0.0638026
10.187,0.0638071
10.188,0.0638116
10.189,0.0638161
10.19,0.0638206
10.191,0.0638251
10.192,0.0638296
10.193,0.0638342
10.194,0.0638387
10.195,0.0638432
10.196,0.0638477
10.197,0.0638522
10.198,0.0638567
10.199,0.0638612
10.2,0.0638657
10.201,0.0638702
10.202,0.0638747
10.203,0.0638792
10.204,0.0638837
10.205,0.0638882
10.206,0.0638927
10.207,0.0638972
10.208,0.0639017
10.209,0.0639062
10.21,0.0639107
10.211,0.0639152
10.212,0.0639197
10.213,0.0639242
10.214,0.0639287
10.215,0.0639332
10.216,0.0639377
10.217,0.0639421
10.218,0.0639466
10.219,0.0639511
10.22,0.0639556
10.221,0.0639601
10.222,0.0639646
10.223,0.0639691
10.224,0.0639736
10.225,0.0639781
10.226,0.0639826
10.227,0.0639871
10.228,0.0639916
10.229,0.0639961
10.23,0.0640006
10.231,0.064005
10.232,0.0640095
10.233,0.064014
10.234,0.0640185
10.235,0.064023
10.236,0.0640275
10.237,0.064032
10.238,0.0640365
10.239,0.064041
10.24,0.0640454
10.241,0.0640499
10.242,0.0640544
10.243,0.0640589
10.244,0.0640634
10.245,0.0640679
10.246,0.0640724
10.247,0.0640768
10.248,0.0640813
10.249,0.0640858
10.25,0.0640903
10.251,0.0640948
10.252,0.0640993
10.253,0.0641037
10.254,0.0641082
10.255,0.0641127
10.256,0.0641172
10.257,0.0641217
10.258,0.0641261
10.259,0.0641306
10.26,0.0641351
10.261,0.0641396
10.262,0.0641441
10.263,0.0641485
10.264,0.064153
10.265,0.0641575
10.266,0.064162
10.267,0.0641664
10.268,0.0641709
10.269,0.0641754
10.27,0.0641799
10.271,0.0641843
10.272,0.0641888
10.273,0.0641933
10.274,0.0641978
10.275,0.0642022
10.276,0.0642067
10.277,0.0642112
10.278,0.0642157
10.279,0.0642201
10.28,0.0642246
10.281,0.0642291
10.282,0.0642335
10.283,0.064238
10.284,0.0642425
10.285,0.064247
10.286,0.0642514
10.287,0.0642559
10.288,0.0642604
10.289,0.0642648
10.29,0.0642693
10.291,0.0642738
10.292,0.0642782
10.293,0.0642827
10.294,0.0642872
10.295,0.0642916
10.296,0.0642961
10.297,0.0643006
10.298,0.064305
10.299,0.0643095
10.3,0.064314
10.301,0.0643184
10.302,0.0643229
10.303,0.0643274
10.304,0.0643318
10.305,0.0643363
10.306,0.0643407
10.307,0.0643452
10.308,0.0643497
10.309,0.0643541
10.31,0.0643586
10.311,0.064363
10.312,0.0643675
10.313,0.064372
10.314,0.0643764
10.315,0.0643809
10.316,0.0643853
10.317,0.0643898
10.318,0.0643943
10.319,0.0643987
10.32,0.0644032
10.321,0.0644076
10.322,0.0644121
10.323,0.0644165
10.324,0.064421
10.325,0.0644255
10.326,0.0644299
10.327,0.0644344
10.328,0.0644388
10.329,0.0644433
10.33,0.0644477
10.331,0.0644522
10.332,0.0644566
10.333,0.0644611
10.334,0.0644655
10.335,0.06447
10.336,0.0644744
10.337,0.0644789
10.338,0.0644833
10.339,0.0644878
10.34,0.0644922
10.341,0.0644967
10.342,0.0645011
10.343,0.0645056
10.344,0.06451
10.345,0.0645145
10.346,0.0645189
10.347,0.0645234
10.348,0.0645278
10.349,0.0645323
10.35,0.0645367
10.351,0.0645412
10.352,0.0645456
10.353,0.06455
10.354,0.0645545
10.355,0.0645589
10.356,0.0645634
10.357,0.0645678
10.358,0.0645723
10.359,0.0645767
10.36,0.0645811
10.361,0.0645856
10.362,0.06459
10.363,0.0645945
10.364,0.0645989
10.365,0.0646034
10.366,0.0646078
10.367,0.0646122
10.368,0.0646167
10.369,0.0646211
10.37,0.0646255
10.371,0.06463
10.372,0.0646344
10.373,0.0646389
10.374,0.0646433
10.375,0.0646477
10.376,0.0646522
10.377,0.0646566
10.378,0.064661
10.379,0.0646655
10.38,0.0646699
10.381,0.0646743
10.382,0.0646788
10.383,0.0646832
10.384,0.0646876
10.385,0.0646921
10.386,0.0646965
10.387,0.0647009
10.388,0.0647054
10.389,0.0647098
10.39,0.0647142
10.391,0.0647187
10.392,0.0647231
10.393,0.0647275
10.394,0.064732
10.395,0.0647364
10.396,0.0647408
10.397,0.0647452
10.398,0.0647497
10.399,0.0647541
10.4,0.0647585
10.401,0.064763
10.402,0.0647674
10.403,0.0647718
10.404,0.0647762
10.405,0.0647807
10.406,0.0647851
10.407,0.0647895
10.408,0.0647939
10.409,0.0647984
10.41,0.0648028
10.411,0.0648072
10.412,0.0648116
10.413,0.064816
10.414,0.0648205
10.415,0.0648249
10.416,0.0648293
10.417,0.0648337
10.418,0.0648382
10.419,0.0648426
10.42,0.064847
10.421,0.0648514
10.422,0.0648558
10.423,0.0648603
10.424,0.0648647
10.425,0.0648691
10.426,0.0648735
10.427,0.0648779
10.428,0.0648823
10.429,0.0648868
10.43,0.0648912
10.431,0.0648956
10.432,0.0649
10.433,0.0649044
10.434,0.0649088
10.435,0.0649132
10.436,0.0649177
10.437,0.0649221
10.438,0.0649265
10.439,0.0649309
10.44,0.0649353
10.441,0.0649397
10.442,0.0649441
10.443,0.0649485
10.444,0.064953
10.445,0.0649574
10.446,0.0649618
10.447,0.0649662
10.448,0.0649706
10.449,0.064975
10.45,0.0649794
10.451,0.0649838
10.452,0.0649882
10.453,0.0649926
10.454,0.064997
10.455,0.0650015
10.456,0.0650059
10.457,0.0650103
10.458,0.0650147
10.459,0.0650191
10.46,0.0650235
10.461,0.0650279
10.462,0.0650323
10.463,0.0650367
10.464,0.0650411
10.465,0.0650455
10.466,0.0650499
10.467,0.0650543
10.468,0.0650587
10.469,0.0650631
10.47,0.0650675
10.471,0.0650719
10.472,0.0650763
10.473,0.0650807
10.474,0.0650851
10.475,0.0650895
10.476,0.0650939
10.477,0.0650983
10.478,0.0651027
10.479,0.0651071
10.48,0.0651115
10.481,0.0651159
10.482,0.0651203
10.483,0.0651247
10.484,0.0651291
10.485,0.0651335
10.486,0.0651379
10.487,0.0651423
10.488,0.0651467
10.489,0.0651511
10.49,0.0651555
10.491,0.0651599
10.492,0.0651642
10.493,0.0651686
10.494,0.065173
10.495,0.0651774
10.496,0.0651818
10.497,0.0651862
10.498,0.0651906
10.499,0.065195
10.5,0.0651994
10.501,0.0652038
10.502,0.0652082
10.503,0.0652125
10.504,0.0652169
10.505,0.0652213
10.506,0.0652257
10.507,0.0652301
10.508,0.0652345
10.509,0.0652389
10.51,0.0652433
10.511,0.0652476
10.512,0.065252
10.513,0.0652564
10.514,0.0652608
10.515,0.0652652
10.516,0.0652696
10.517,0.065274
10.518,0.0652783
10.519,0.0652827
10.52,0.0652871
10.521,0.0652915
10.522,0.0652959
10.523,0.0653003
10.524,0.0653046
10.525,0.065309
10.526,0.0653134
10.527,0.0653178
10.528,0.0653222
10.529,0.0653265
10.53,0.0653309
10.531,0.0653353
10.532,0.0653397
10.533,0.065344
10.534,0.0653484
10.535,0.0653528
10.536,0.0653572
10.537,0.0653616
10.538,0.0653659
10.539,0.0653703
10.54,0.0653747
10.541,0.0653791
10.542,0.0653834
10.543,0.0653878
10.544,0.0653922
10.545,0.0653966
10.546,0.0654009
10.547,0.0654053
10.548,0.0654097
10.549,0.065414
10.55,0.0654184
10.551,0.0654228
10.552,0.0654272
10.553,0.0654315
10.554,0.0654359
10.555,0.0654403
10.556,0.0654446
10.557,0.065449
10.558,0.0654534
10.559,0.0654577
10.56,0.0654621
10.561,0.0654665
10.562,0.0654709
10.563,0.0654752
10.564,0.0654796
10.565,0.065484
10.566,0.0654883
10.567,0.0654927
10.568,0.065497
10.569,0.0655014
10.57,0.0655058
10.571,0.0655101
10.572,0.0655145
10.573,0.0655189
10.574,0.0655232
10.575,0.0655276
10.576,0.065532
10.577,0.0655363
10.578,0.0655407
10.579,0.065545
10.58,0.0655494
10.581,0.0655538
10.582,0.0655581
10.583,0.0655625
10.584,0.0655668
10.585,0.0655712
10.586,0.0655756
10.587,0.0655799
10.588,0.0655843
10.589,0.0655886
10.59,0.065593
10.591,0.0655973
10.592,0.0656017
10.593,0.0656061
10.594,0.0656104
10.595,0.0656148
10.596,0.0656191
10.597,0.0656235
10.598,0.0656278
10.599,0.0656322
10.6,0.0656365
10.601,0.0656409
10.602,0.0656452
10.603,0.0656496
10.604,0.065654
10.605,0.0656583
10.606,0.0656627
10.607,0.065667
10.608,0.0656714
10.609,0.0656757
10.61,0.0656801
10.611,0.0656844
10.612,0.0656888
10.613,0.0656931
10.614,0.0656975
10.615,0.0657018
10.616,0.0657061
10.617,0.0657105
10.618,0.0657148
10.619,0.0657192
10.62,0.0657235
10.621,0.0657279
10.622,0.0657322
10.623,0.0657366
10.624,0.0657409
10.625,0.0657453
10.626,0.0657496
10.627,0.0657539
10.628,0.0657583
10.629,0.0657626
10.63,0.065767
10.631,0.0657713
10.632,0.0657757
10.633,0.06578
10.634,0.0657843
10.635,0.0657887
10.636,0.065793
10.637,0.0657974
10.638,0.0658017
10.639,0.065806
10.64,0.0658104
10.641,0.0658147
10.642,0.0658191
10.643,0.0658234
10.644,0.0658277
10.645,0.0658321
10.646,0.0658364
10.647,0.0658407
10.648,0.0658451
10.649,0.0658494
10.65,0.0658537
10.651,0.0658581
10.652,0.0658624
10.653,0.0658668
10.654,0.0658711
10.655,0.0658754
10.656,0.0658798
10.657,0.0658841
10.658,0.0658884
10.659,0.0658927
10.66,0.0658971
10.661,0.0659014
10.662,0.0659057
10.663,0.0659101
10.664,0.0659144
10.665,0.0659187
10.666,0.0659231
10.667,0.0659274
10.668,0.0659317
10.669,0.065936
10.67,0.0659404
10.671,0.0659447
10.672,0.065949
10.673,0.0659534
10.674,0.0659577
10.675,0.065962
10.676,0.0659663
10.677,0.0659707
10.678,0.065975
10.679,0.0659793
10.68,0.0659836
10.681,0.065988
10.682,0.0659923
10.683,0.0659966
10.684,0.0660009
10.685,0.0660052
10.686,0.0660096
10.687,0.0660139
10.688,0.0660182
10.689,0.0660225
10.69,0.0660269
10.691,0.0660312
10.692,0.0660355
10.693,0.0660398
10.694,0.0660441
10.695,0.0660485
10.696,0.0660528
10.697,0.0660571
10.698,0.0660614
10.699,0.0660657
10.7,0.06607
10.701,0.0660744
10.702,0.0660787
10.703,0.066083
10.704,0.0660873
10.705,0.0660916
10.706,0.0660959
10.707,0.0661002
10.708,0.0661046
10.709,0.0661089
10.71,0.0661132
10.711,0.0661175
10.712,0.0661218
10.713,0.0661261
10.714,0.0661304
10.715,0.0661348
10.716,0.0661391
10.717,0.0661434
10.718,0.0661477
10.719,0.066152
10.72,0.0661563
10.721,0.0661606
10.722,0.0661649
10.723,0.0661692
10.724,0.0661735
10.725,0.0661778
10.726,0.0661822
10.727,0.0661865
10.728,0.0661908
10.729,0.0661951
10.73,0.0661994
10.731,0.0662037
10.732,0.066208
10.733,0.0662123
10.734,0.0662166
10.735,0.0662209
10.736,0.0662252
10.737,0.0662295
10.738,0.0662338
10.739,0.0662381
10.74,0.0662424
10.741,0.0662467
10.742,0.066251
10.743,0.0662553
10.744,0.0662596
10.745,0.0662639
10.746,0.0662682
10.747,0.0662725
10.748,0.0662768
10.749,0.0662811
10.75,0.0662854
10.751,0.0662897
10.752,0.066294
10.753,0.0662983
10.754,0.0663026
10.755,0.0663069
10.756,0.0663112
10.757,0.0663155
10.758,0.0663198
10.759,0.0663241
10.76,0.0663284
10.761,0.0663327
10.762,0.066337
10.763,0.0663413
10.764,0.0663456
10.765,0.0663499
10.766,0.0663542
10.767,0.0663584
10.768,0.0663627
10.769,0.066367
10.77,0.0663713
10.771,0.0663756
10.772,0.0663799
10.773,0.0663842
10.774,0.0663885
10.775,0.0663928
10.776,0.0663971
10.777,0.0664014
10.778,0.0664056
10.779,0.0664099
10.78,0.0664142
10.781,0.0664185
10.782,0.0664228
10.783,0.0664271
10.784,0.0664314
10.785,0.0664357
10.786,0.0664399
10.787,0.0664442
10.788,0.0664485
10.789,0.0664528
10.79,0.0664571
10.791,0.0664614
10.792,0.0664656
10.793,0.0664699
10.794,0.0664742
10.795,0.0664785
10.796,0.0664828
10.797,0.0664871
10.798,0.0664913
10.799,0.0664956
10.8,0.0664999
10.801,0.0665042
10.802,0.0665085
10.803,0.0665127
10.804,0.066517
10.805,0.0665213
10.806,0.0665256
10.807,0.0665299
10.808,0.0665341
10.809,0.0665384
10.81,0.0665427
10.811,0.066547
10.812,0.0665512
10.813,0.0665555
10.814,0.0665598
10.815,0.0665641
10.816,0.0665683
10.817,0.0665726
10.818,0.0665769
10.819,0.0665812
10.82,0.0665854
10.821,0.0665897
10.822,0.066594
10.823,0.0665983
10.824,0.0666025
10.825,0.0666068
10.826,0.0666111
10.827,0.0666153
10.828,0.0666196
10.829,0.0666239
10.83,0.0666282
10.831,0.0666324
10.832,0.0666367
10.833,0.066641
10.834,0.0666452
10.835,0.0666495
10.836,0.0666538
10.837,0.066658
10.838,0.0666623
10.839,0.0666666
10.84,0.0666708
10.841,0.0666751
10.842,0.0666794
10.843,0.0666836
10.844,0.0666879
10.845,0.0666922
10.846,0.0666964
10.847,0.0667007
10.848,0.0667049
10.849,0.0667092
10.85,0.0667135
10.851,0.0667177
10.852,0.066722
10.853,0.0667263
10.854,0.0667305
10.855,0.0667348
10.856,0.066739
10.857,0.0667433
10.858,0.0667476
10.859,0.0667518
10.86,0.0667561
10.861,0.0667603
10.862,0.0667646
10.863,0.0667689
10.864,0.0667731
10.865,0.0667774
10.866,0.0667816
10.867,0.0667859
10.868,0.0667901
10.869,0.0667944
10.87,0.0667986
10.871,0.0668029
10.872,0.0668072
10.873,0.0668114
10.874,0.0668157
10.875,0.0668199
10.876,0.0668242
10.877,0.0668284
10.878,0.0668327
10.879,0.0668369
10.88,0.0668412
10.881,0.0668454
10.882,0.0668497
10.883,0.0668539
10.884,0.0668582
10.885,0.0668624
10.886,0.0668667
10.887,0.0668709
10.888,0.0668752
10.889,0.0668794
10.89,0.0668837
10.891,0.0668879
10.892,0.0668922
10.893,0.0668964
10.894,0.0669007
10.895,0.0669049
10.896,0.0669092
10.897,0.0669134
10.898,0.0669177
10.899,0.0669219
10.9,0.0669261
10.901,0.0669304
10.902,0.0669346
10.903,0.0669389
10.904,0.0669431
10.905,0.0669474
10.906,0.0669516
10.907,0.0669558
10.908,0.0669601
10.909,0.0669643
10.91,0.0669686
10.911,0.0669728
10.912,0.066977
10.913,0.0669813
10.914,0.0669855
10.915,0.0669898
10.916,0.066994
10.917,0.0669982
10.918,0.0670025
10.919,0.0670067
10.92,0.067011
10.921,0.0670152
10.922,0.0670194
10.923,0.0670237
10.924,0.0670279
10.925,0.0670321
10.926,0.0670364
10.927,0.0670406
10.928,0.0670448
10.929,0.0670491
10.93,0.0670533
10.931,0.0670575
10.932,0.0670618
10.933,0.067066
10.934,0.0670702
10.935,0.0670745
10.936,0.0670787
10.937,0.0670829
10.938,0.0670872
10.939,0.0670914
10.94,0.0670956
10.941,0.0670999
10.942,0.0671041
10.943,0.0671083
10.944,0.0671125
10.945,0.0671168
10.946,0.067121
10.947,0.0671252
10.948,0.0671295
10.949,0.0671337
10.95,0.0671379
10.951,0.0671421
10.952,0.0671464
10.953,0.0671506
10.954,0.0671548
10.955,0.067159
10.956,0.0671633
10.957,0.0671675
10.958,0.0671717
10.959,0.0671759
10.96,0.0671802
10.961,0.0671844
10.962,0.0671886
10.963,0.0671928
10.964,0.067197
10.965,0.0672013
10.966,0.0672055
10.967,0.0672097
10.968,0.0672139
10.969,0.0672182
10.97,0.0672224
10.971,0.0672266
10.972,0.0672308
10.973,0.067235
10.974,0.0672392
10.975,0.0672435
10.976,0.0672477
10.977,0.0672519
10.978,0.0672561
10.979,0.0672603
10.98,0.0672645
10.981,0.0672688
10.982,0.067273
10.983,0.0672772
10.984,0.0672814
10.985,0.0672856
10.986,0.0672898
10.987,0.067294
10.988,0.0672983
10.989,0.0673025
10.99,0.0673067
10.991,0.0673109
10.992,0.0673151
10.993,0.0673193
10.994,0.0673235
10.995,0.0673277
10.996,0.067332
10.997,0.0673362
10.998,0.0673404
10.999,0.0673446
11,0.0673488
11.001,0.067353
11.002,0.0673572
11.003,0.0673614
11.004,0.0673656
11.005,0.0673698
11.006,0.067374
11.007,0.0673782
11.008,0.0673824
11.009,0.0673867
11.01,0.0673909
11.011,0.0673951
11.012,0.0673993
11.013,0.0674035
11.014,0.0674077
11.015,0.0674119
11.016,0.0674161
11.017,0.0674203
11.018,0.0674245
11.019,0.0674287
11.02,0.0674329
11.021,0.0674371
11.022,0.0674413
11.023,0.0674455
11.024,0.0674497
11.025,0.0674539
11.026,0.0674581
11.027,0.0674623
11.028,0.0674665
11.029,0.0674707
11.03,0.0674749
11.031,0.0674791
11.032,0.0674833
11.033,0.0674875
11.034,0.0674917
11.035,0.0674959
11.036,0.0675001
11.037,0.0675043
11.038,0.0675085
11.039,0.0675127
11.04,0.0675168
11.041,0.067521
11.042,0.0675252
11.043,0.0675294
11.044,0.0675336
11.045,0.0675378
11.046,0.067542
11.047,0.0675462
11.048,0.0675504
11.049,0.0675546
11.05,0.0675588
11.051,0.067563
11.052,0.0675672
11.053,0.0675713
11.054,0.0675755
11.055,0.0675797
11.056,0.0675839
11.057,0.0675881
11.058,0.0675923
11.059,0.0675965
11.06,0.0676007
11.061,0.0676049
11.062,0.067609
11.063,0.0676132
11.064,0.0676174
11.065,0.0676216
11.066,0.0676258
11.067,0.06763
11.068,0.0676341
11.069,0.0676383
11.07,0.0676425
11.071,0.0676467
11.072,0.0676509
11.073,0.0676551
11.074,0.0676592
11.075,0.0676634
11.076,0.0676676
11.077,0.0676718
11.078,0.067676
11.079,0.0676802
11.08,0.0676843
11.081,0.0676885
11.082,0.0676927
11.083,0.0676969
11.084,0.0677011
11.085,0.0677052
11.086,0.0677094
11.087,0.0677136
11.088,0.0677178
11.089,0.0677219
11.09,0.0677261
11.091,0.0677303
11.092,0.0677345
11.093,0.0677386
11.094,0.0677428
11.095,0.067747
11.096,0.0677512
11.097,0.0677553
11.098,0.0677595
11.099,0.0677637
11.1,0.0677679
11.101,0.067772
11.102,0.0677762
11.103,0.0677804
11.104,0.0677846
11.105,0.0677887
11.106,0.0677929
11.107,0.0677971
11.108,0.0678012
11.109,0.0678054
11.11,0.0678096
11.111,0.0678137
11.112,0.0678179
11.113,0.0678221
11.114,0.0678263
11.115,0.0678304
11.116,0.0678346
11.117,0.0678388
11.118,0.0678429
11.119,0.0678471
11.12,0.0678513
11.121,0.0678554
11.122,0.0678596
11.123,0.0678638
11.124,0.0678679
11.125,0.0678721
11.126,0.0678762
11.127,0.0678804
11.128,0.0678846
11.129,0.0678887
11.13,0.0678929
11.131,0.0678971
11.132,0.0679012
11.133,0.0679054
11.134,0.0679095
11.135,0.0679137
11.136,0.0679179
11.137,0.067922
11.138,0.0679262
11.139,0.0679303
11.14,0.0679345
11.141,0.0679387
11.142,0.0679428
11.143,0.067947
11.144,0.0679511
11.145,0.0679553
11.146,0.0679595
11.147,0.0679636
11.148,0.0679678
11.149,0.0679719
11.15,0.0679761
11.151,0.0679802
11.152,0.0679844
11.153,0.0679885
11.154,0.0679927
11.155,0.0679968
11.156,0.068001
11.157,0.0680052
11.158,0.0680093
11.159,0.0680135
11.16,0.0680176
11.161,0.0680218
11.162,0.0680259
11.163,0.0680301
11.164,0.0680342
11.165,0.0680384
11.166,0.0680425
11.167,0.0680467
11.168,0.0680508
11.169,0.068055
11.17,0.0680591
11.171,0.0680633
11.172,0.0680674
11.173,0.0680716
11.174,0.0680757
11.175,0.0680798
11.176,0.068084
11.177,0.0680881
11.178,0.0680923
11.179,0.0680964
11.18,0.0681006
11.181,0.0681047
11.182,0.0681089
11.183,0.068113
11.184,0.0681172
11.185,0.0681213
11.186,0.0681254
11.187,0.0681296
11.188,0.0681337
11.189,0.0681379
11.19,0.068142
11.191,0.0681461
11.192,0.0681503
11.193,0.0681544
11.194,0.0681586
11.195,0.0681627
11.196,0.0681668
11.197,0.068171
11.198,0.0681751
11.199,0.0681793
11.2,0.0681834
11.201,0.0681875
11.202,0.0681917
11.203,0.0681958
11.204,0.0681999
11.205,0.0682041
11.206,0.0682082
11.207,0.0682124
11.208,0.0682165
11.209,0.0682206
11.21,0.0682248
11.211,0.0682289
11.212,0.068233
11.213,0.0682372
11.214,0.0682413
11.215,0.0682454
11.216,0.0682496
11.217,0.0682537
11.218,0.0682578
11.219,0.068262
11.22,0.0682661
11.221,0.0682702
11.222,0.0682743
11.223,0.0682785
11.224,0.0682826
11.225,0.0682867
11.226,0.0682909
11.227,0.068295
11.228,0.0682991
11.229,0.0683032
11.23,0.0683074
11.231,0.0683115
11.232,0.0683156
11.233,0.0683198
11.234,0.0683239
11.235,0.068328
11.236,0.0683321
11.237,0.0683363
11.238,0.0683404
11.239,0.0683445
11.24,0.0683486
11.241,0.0683527
11.242,0.0683569
11.243,0.068361
11.244,0.0683651
11.245,0.0683692
11.246,0.0683734
11.247,0.0683775
11.248,0.0683816
11.249,0.0683857
11.25,0.0683898
11.251,0.068394
11.252,0.0683981
11.253,0.0684022
11.254,0.0684063
11.255,0.0684104
11.256,0.0684146
11.257,0.0684187
11.258,0.0684228
11.259,0.0684269
11.26,0.068431
11.261,0.0684351
11.262,0.0684393
11.263,0.0684434
11.264,0.0684475
11.265,0.0684516
11.266,0.0684557
11.267,0.0684598
11.268,0.0684639
11.269,0.0684681
11.27,0.0684722
11.271,0.0684763
11.272,0.0684804
11.273,0.0684845
11.274,0.0684886
11.275,0.0684927
11.276,0.0684968
11.277,0.068501
11.278,0.0685051
11.279,0.0685092
11.28,0.0685133
11.281,0.0685174
11.282,0.0685215
11.283,0.0685256
11.284,0.0685297
11.285,0.0685338
11.286,0.0685379
11.287,0.068542
11.288,0.0685462
11.289,0.0685503
11.29,0.0685544
11.291,0.0685585
11.292,0.0685626
11.293,0.0685667
11.294,0.0685708
11.295,0.0685749
11.296,0.068579
11.297,0.0685831
11.298,0.0685872
11.299,0.0685913
11.3,0.0685954
11.301,0.0685995
11.302,0.0686036
11.303,0.0686077
11.304,0.0686118
11.305,0.0686159
11.306,0.06862
11.307,0.0686241
11.308,0.0686282
11.309,0.0686323
11.31,0.0686364
11.311,0.0686405
11.312,0.0686446
11.313,0.0686487
11.314,0.0686528
11.315,0.0686569
11.316,0.068661
11.317,0.0686651
11.318,0.0686692
11.319,0.0686733
11.32,0.0686774
11.321,0.0686815
11.322,0.0686856
11.323,0.0686897
11.324,0.0686938
11.325,0.0686979
11.326,0.068702
11.327,0.0687061
11.328,0.0687101
11.329,0.0687142
11.33,0.0687183
11.331,0.0687224
11.332,0.0687265
11.333,0.0687306
11.334,0.0687347
11.335,0.0687388
11.336,0.0687429
11.337,0.068747
11.338,0.0687511
11.339,0.0687551
11.34,0.0687592
11.341,0.0687633
11.342,0.0687674
11.343,0.0687715
11.344,0.0687756
11.345,0.0687797
11.346,0.0687838
11.347,0.0687878
11.348,0.0687919
11.349,0.068796
11.35,0.0688001
11.351,0.0688042
11.352,0.0688083
11.353,0.0688124
11.354,0.0688164
11.355,0.0688205
11.356,0.0688246
11.357,0.0688287
11.358,0.0688328
11.359,0.0688369
11.36,0.0688409
11.361,0.068845
11.362,0.0688491
11.363,0.0688532
11.364,0.0688573
11.365,0.0688613
11.366,0.0688654
11.367,0.0688695
11.368,0.0688736
11.369,0.0688777
11.37,0.0688817
11.371,0.0688858
11.372,0.0688899
11.373,0.068894
11.374,0.068898
11.375,0.0689021
11.376,0.0689062
11.377,0.0689103
11.378,0.0689144
11.379,0.0689184
11.38,0.0689225
11.381,0.0689266
11.382,0.0689306
11.383,0.0689347
11.384,0.0689388
11.385,0.0689429
11.386,0.0689469
11.387,0.068951
11.388,0.0689551
11.389,0.0689592
11.39,0.0689632
11.391,0.0689673
11.392,0.0689714
11.393,0.0689754
11.394,0.0689795
11.395,0.0689836
11.396,0.0689877
11.397,0.0689917
11.398,0.0689958
11.399,0.0689999
11.4,0.0690039
11.401,0.069008
11.402,0.0690121
11.403,0.0690161
11.404,0.0690202
11.405,0.0690243
11.406,0.0690283
11.407,0.0690324
11.408,0.0690365
11.409,0.0690405
11.41,0.0690446
11.411,0.0690486
11.412,0.0690527
11.413,0.0690568
11.414,0.0690608
11.415,0.0690649
11.416,0.069069
11.417,0.069073
11.418,0.0690771
11.419,0.0690811
11.42,0.0690852
11.421,0.0690893
11.422,0.0690933
11.423,0.0690974
11.424,0.0691015
11.425,0.0691055
11.426,0.0691096
11.427,0.0691136
11.428,0.0691177
11.429,0.0691217
11.43,0.0691258
11.431,0.0691299
11.432,0.0691339
11.433,0.069138
11.434,0.069142
11.435,0.0691461
11.436,0.0691501
11.437,0.0691542
11.438,0.0691582
11.439,0.0691623
11.44,0.0691664
11.441,0.0691704
11.442,0.0691745
11.443,0.0691785
11.444,0.0691826
11.445,0.0691866
11.446,0.0691907
11.447,0.0691947
11.448,0.0691988
11.449,0.0692028
11.45,0.0692069
11.451,0.0692109
11.452,0.069215
11.453,0.069219
11.454,0.0692231
11.455,0.0692271
11.456,0.0692312
11.457,0.0692352
11.458,0.0692393
11.459,0.0692433
11.46,0.0692474
11.461,0.0692514
11.462,0.0692555
11.463,0.0692595
11.464,0.0692635
11.465,0.0692676
11.466,0.0692716
11.467,0.0692757
11.468,0.0692797
11.469,0.0692838
11.47,0.0692878
11.471,0.0692919
11.472,0.0692959
11.473,0.0692999
11.474,0.069304
11.475,0.069308
11.476,0.0693121
11.477,0.0693161
11.478,0.0693202
11.479,0.0693242
11.48,0.0693282
11.481,0.0693323
11.482,0.0693363
11.483,0.0693404
11.484,0.0693444
11.485,0.0693484
11.486,0.0693525
11.487,0.0693565
11.488,0.0693605
11.489,0.0693646
11.49,0.0693686
11.491,0.0693727
11.492,0.0693767
11.493,0.0693807
11.494,0.0693848
11.495,0.0693888
11.496,0.0693928
11.497,0.0693969
11.498,0.0694009
11.499,0.0694049
11.5,0.069409
11.501,0.069413
11.502,0.069417
11.503,0.0694211
11.504,0.0694251
11.505,0.0694291
11.506,0.0694332
11.507,0.0694372
11.508,0.0694412
11.509,0.0694452
11.51,0.0694493
11.511,0.0694533
11.512,0.0694573
11.513,0.0694614
11.514,0.0694654
11.515,0.0694694
11.516,0.0694735
11.517,0.0694775
11.518,0.0694815
11.519,0.0694855
11.52,0.0694896
11.521,0.0694936
11.522,0.0694976
11.523,0.0695016
11.524,0.0695057
11.525,0.0695097
11.526,0.0695137
11.527,0.0695177
11.528,0.0695218
11.529,0.0695258
11.53,0.0695298
11.531,0.0695338
11.532,0.0695378
11.533,0.0695419
11.534,0.0695459
11.535,0.0695499
11.536,0.0695539
11.537,0.069558
11.538,0.069562
11.539,0.069566
11.54,0.06957
11.541,0.069574
11.542,0.0695781
11.543,0.0695821
11.544,0.0695861
11.545,0.0695901
11.546,0.0695941
11.547,0.0695981
11.548,0.0696022
11.549,0.0696062
11.55,0.0696102
11.551,0.0696142
11.552,0.0696182
11.553,0.0696222
11.554,0.0696263
11.555,0.0696303
11.556,0.0696343
11.557,0.0696383
11.558,0.0696423
11.559,0.0696463
11.56,0.0696503
11.561,0.0696543
11.562,0.0696584
11.563,0.0696624
11.564,0.0696664
11.565,0.0696704
11.566,0.0696744
11.567,0.0696784
11.568,0.0696824
11.569,0.0696864
11.57,0.0696904
11.571,0.0696944
11.572,0.0696985
11.573,0.0697025
11.574,0.0697065
11.575,0.0697105
11.576,0.0697145
11.577,0.0697185
11.578,0.0697225
11.579,0.0697265
11.58,0.0697305
11.581,0.0697345
11.582,0.0697385
11.583,0.0697425
11.584,0.0697465
11.585,0.0697505
11.586,0.0697545
11.587,0.0697585
11.588,0.0697625
11.589,0.0697666
11.59,0.0697706
11.591,0.0697746
11.592,0.0697786
11.593,0.0697826
11.594,0.0697866
11.595,0.0697906
11.596,0.0697946
11.597,0.0697986
11.598,0.0698026
11.599,0.0698066
11.6,0.0698106
11.601,0.0698146
11.602,0.0698186
11.603,0.0698226
11.604,0.0698265
11.605,0.0698305
11.606,0.0698345
11.607,0.0698385
11.608,0.0698425
11.609,0.0698465
11.61,0.0698505
11.611,0.0698545
11.612,0.0698585
11.613,0.0698625
11.614,0.0698665
11.615,0.0698705
11.616,0.0698745
11.617,0.0698785
11.618,0.0698825
11.619,0.0698865
11.62,0.0698905
11.621,0.0698945
11.622,0.0698984
11.623,0.0699024
11.624,0.0699064
11.625,0.0699104
11.626,0.0699144
11.627,0.0699184
11.628,0.0699224
11.629,0.0699264
11.63,0.0699304
11.631,0.0699344
11.632,0.0699383
11.633,0.0699423
11.634,0.0699463
11.635,0.0699503
11.636,0.0699543
11.637,0.0699583
11.638,0.0699623
11.639,0.0699662
11.64,0.0699702
11.641,0.0699742
11.642,0.0699782
11.643,0.0699822
11.644,0.0699862
11.645,0.0699902
11.646,0.0699941
11.647,0.0699981
11.648,0.0700021
11.649,0.0700061
11.65,0.0700101
11.651,0.070014
11.652,0.070018
11.653,0.070022
11.654,0.070026
11.655,0.07003
11.656,0.070034
11.657,0.0700379
11.658,0.0700419
11.659,0.0700459
11.66,0.0700499
11.661,0.0700538
11.662,0.0700578
11.663,0.0700618
11.664,0.0700658
11.665,0.0700698
11.666,0.0700737
11.667,0.0700777
11.668,0.0700817
11.669,0.0700857
11.67,0.0700896
11.671,0.0700936
11.672,0.0700976
11.673,0.0701016
11.674,0.0701055
11.675,0.0701095
11.676,0.0701135
11.677,0.0701174
11.678,0.0701214
11.679,0.0701254
11.68,0.0701294
11.681,0.0701333
11.682,0.0701373
11.683,0.0701413
11.684,0.0701452
11.685,0.0701492
11.686,0.0701532
11.687,0.0701572
11.688,0.0701611
11.689,0.0701651
11.69,0.0701691
11.691,0.070173
11.692,0.070177
11.693,0.070181
11.694,0.0701849
11.695,0.0701889
11.696,0.0701929
11.697,0.0701968
11.698,0.0702008
11.699,0.0702048
11.7,0.0702087
11.701,0.0702127
11.702,0.0702167
11.703,0.0702206
11.704,0.0702246
11.705,0.0702285
11.706,0.0702325
11.707,0.0702365
11.708,0.0702404
11.709,0.0702444
11.71,0.0702484
11.711,0.0702523
11.712,0.0702563
11.713,0.0702602
11.714,0.0702642
11.715,0.0702682
11.716,0.0702721
11.717,0.0702761
11.718,0.07028
11.719,0.070284
11.72,0.0702879
11.721,0.0702919
11.722,0.0702959
11.723,0.0702998
11.724,0.0703038
11.725,0.0703077
11.726,0.0703117
11.727,0.0703156
11.728,0.0703196
11.729,0.0703236
11.73,0.0703275
11.731,0.0703315
11.732,0.0703354
11.733,0.0703394
11.734,0.0703433
11.735,0.0703473
11.736,0.0703512
11.737,0.0703552
11.738,0.0703591
11.739,0.0703631
11.74,0.070367
11.741,0.070371
11.742,0.0703749
11.743,0.0703789
11.744,0.0703828
11.745,0.0703868
11.746,0.0703907
11.747,0.0703947
11.748,0.0703986
11.749,0.0704026
11.75,0.0704065
11.751,0.0704105
11.752,0.0704144
11.753,0.0704184
11.754,0.0704223
11.755,0.0704263
11.756,0.0704302
11.757,0.0704342
11.758,0.0704381
11.759,0.070442
11.76,0.070446
11.761,0.0704499
11.762,0.0704539
11.763,0.0704578
11.764,0.0704618
11.765,0.0704657
11.766,0.0704697
11.767,0.0704736
11.768,0.0704775
11.769,0.0704815
11.77,0.0704854
11.771,0.0704894
11.772,0.0704933
11.773,0.0704972
11.774,0.0705012
11.775,0.0705051
11.776,0.0705091
11.777,0.070513
11.778,0.0705169
11.779,0.0705209
11.78,0.0705248
11.781,0.0705287
11.782,0.0705327
11.783,0.0705366
11.784,0.0705406
11.785,0.0705445
11.786,0.0705484
11.787,0.0705524
11.788,0.0705563
11.789,0.0705602
11.79,0.0705642
11.791,0.0705681
11.792,0.070572
11.793,0.070576
11.794,0.0705799
11.795,0.0705838
11.796,0.0705878
11.797,0.0705917
11.798,0.0705956
11.799,0.0705996
11.8,0.0706035
11.801,0.0706074
11.802,0.0706114
11.803,0.0706153
11.804,0.0706192
11.805,0.0706231
11.806,0.0706271
11.807,0.070631
11.808,0.0706349
11.809,0.0706389
11.81,0.0706428
11.811,0.0706467
11.812,0.0706506
11.813,0.0706546
11.814,0.0706585
11.815,0.0706624
11.816,0.0706663
11.817,0.0706703
11.818,0.0706742
11.819,0.0706781
11.82,0.070682
11.821,0.070686
11.822,0.0706899
11.823,0.0706938
11.824,0.0706977
11.825,0.0707017
11.826,0.0707056
11.827,0.0707095
11.828,0.0707134
11.829,0.0707173
11.83,0.0707213
11.831,0.0707252
11.832,0.0707291
11.833,0.070733
11.834,0.0707369
11.835,0.0707409
11.836,0.0707448
11.837,0.0707487
11.838,0.0707526
11.839,0.0707565
11.84,0.0707605
11.841,0.0707644
11.842,0.0707683
11.843,0.0707722
11.844,0.0707761
11.845,0.07078
11.846,0.070784
11.847,0.0707879
11.848,0.0707918
11.849,0.0707957
11.85,0.0707996
11.851,0.0708035
11.852,0.0708074
11.853,0.0708113
11.854,0.0708153
11.855,0.0708192
11.856,0.0708231
11.857,0.070827
11.858,0.0708309
11.859,0.0708348
11.86,0.0708387
11.861,0.0708426
11.862,0.0708466
11.863,0.0708505
11.864,0.0708544
11.865,0.0708583
11.866,0.0708622
11.867,0.0708661
11.868,0.07087
11.869,0.0708739
11.87,0.0708778
11.871,0.0708817
11.872,0.0708856
11.873,0.0708895
11.874,0.0708934
11.875,0.0708974
11.876,0.0709013
11.877,0.0709052
11.878,0.0709091
11.879,0.070913
11.88,0.0709169
11.881,0.0709208
11.882,0.0709247
11.883,0.0709286
11.884,0.0709325
11.885,0.0709364
11.886,0.0709403
11.887,0.0709442
11.888,0.0709481
11.889,0.070952
11.89,0.0709559
11.891,0.0709598
11.892,0.0709637
11.893,0.0709676
11.894,0.0709715
11.895,0.0709754
11.896,0.0709793
11.897,0.0709832
11.898,0.0709871
11.899,0.070991
11.9,0.0709949
11.901,0.0709988
11.902,0.0710027
11.903,0.0710066
11.904,0.0710105
11.905,0.0710144
11.906,0.0710183
11.907,0.0710222
11.908,0.0710261
11.909,0.0710299
11.91,0.0710338
11.911,0.0710377
11.912,0.0710416
11.913,0.0710455
11.914,0.0710494
11.915,0.0710533
11.916,0.0710572
11.917,0.0710611
11.918,0.071065
11.919,0.0710689
11.92,0.0710728
11.921,0.0710767
11.922,0.0710805
11.923,0.0710844
11.924,0.0710883
11.925,0.0710922
11.926,0.0710961
11.927,0.0711
11.928,0.0711039
11.929,0.0711078
11.93,0.0711116
11.931,0.0711155
11.932,0.0711194
11.933,0.0711233
11.934,0.0711272
11.935,0.0711311
11.936,0.071135
11.937,0.0711388
11.938,0.0711427
11.939,0.0711466
11.94,0.0711505
11.941,0.0711544
11.942,0.0711583
11.943,0.0711622
11.944,0.071166
11.945,0.0711699
11.946,0.0711738
11.947,0.0711777
11.948,0.0711816
11.949,0.0711854
11.95,0.0711893
11.951,0.0711932
11.952,0.0711971
11.953,0.071201
11.954,0.0712048
11.955,0.0712087
11.956,0.0712126
11.957,0.0712165
11.958,0.0712204
11.959,0.0712242
11.96,0.0712281
11.961,0.071232
11.962,0.0712359
11.963,0.0712397
11.964,0.0712436
11.965,0.0712475
11.966,0.0712514
11.967,0.0712552
11.968,0.0712591
11.969,0.071263
11.97,0.0712669
11.971,0.0712707
11.972,0.0712746
11.973,0.0712785
11.974,0.0712824
11.975,0.0712862
11.976,0.0712901
11.977,0.071294
11.978,0.0712978
11.979,0.0713017
11.98,0.0713056
11.981,0.0713095
11.982,0.0713133
11.983,0.0713172
11.984,0.0713211
11.985,0.0713249
11.986,0.0713288
11.987,0.0713327
11.988,0.0713365
11.989,0.0713404
11.99,0.0713443
11.991,0.0713481
11.992,0.071352
11.993,0.0713559
11.994,0.0713597
11.995,0.0713636
11.996,0.0713675
11.997,0.0713713
11.998,0.0713752
11.999,0.0713791
12,0.0713829
12.001,0.0713868
12.002,0.0713907
12.003,0.0713945
12.004,0.0713984
12.005,0.0714022
12.006,0.0714061
12.007,0.07141
12.008,0.0714138
12.009,0.0714177
12.01,0.0714215
12.011,0.0714254
12.012,0.0714293
12.013,0.0714331
12.014,0.071437
12.015,0.0714408
12.016,0.0714447
12.017,0.0714486
12.018,0.0714524
12.019,0.0714563
12.02,0.0714601
12.021,0.071464
12.022,0.0714678
12.023,0.0714717
12.024,0.0714756
12.025,0.0714794
12.026,0.0714833
12.027,0.0714871
12.028,0.071491
12.029,0.0714948
12.03,0.0714987
12.031,0.0715025
12.032,0.0715064
12.033,0.0715102
12.034,0.0715141
12.035,0.071518
12.036,0.0715218
12.037,0.0715257
12.038,0.0715295
12.039,0.0715334
12.04,0.0715372
12.041,0.0715411
12.042,0.0715449
12.043,0.0715488
12.044,0.0715526
12.045,0.0715565
12.046,0.0715603
12.047,0.0715642
12.048,0.071568
12.049,0.0715719
12.05,0.0715757
12.051,0.0715795
12.052,0.0715834
12.053,0.0715872
12.054,0.0715911
12.055,0.0715949
12.056,0.0715988
12.057,0.0716026
12.058,0.0716065
12.059,0.0716103
12.06,0.0716142
12.061,0.071618
12.062,0.0716218
12.063,0.0716257
12.064,0.0716295
12.065,0.0716334
12.066,0.0716372
12.067,0.0716411
12.068,0.0716449
12.069,0.0716487
12.07,0.0716526
12.071,0.0716564
12.072,0.0716603
12.073,0.0716641
12.074,0.0716679
12.075,0.0716718
12.076,0.0716756
12.077,0.0716795
12.078,0.0716833
12.079,0.0716871
12.08,0.071691
12.081,0.0716948
12.082,0.0716986
12.083,0.0717025
12.084,0.0717063
12.085,0.0717101
12.086,0.071714
12.087,0.0717178
12.088,0.0717217
12.089,0.0717255
12.09,0.0717293
12.091,0.0717332
12.092,0.071737
12.093,0.0717408
12.094,0.0717447
12.095,0.0717485
12.096,0.0717523
12.097,0.0717561
12.098,0.07176
12.099,0.0717638
12.1,0.0717676
12.101,0.0717715
12.102,0.0717753
12.103,0.0717791
12.104,0.071783
12.105,0.0717868
12.106,0.0717906
12.107,0.0717944
12.108,0.0717983
12.109,0.0718021
12.11,0.0718059
12.111,0.0718098
12.112,0.0718136
12.113,0.0718174
12.114,0.0718212
12.115,0.0718251
12.116,0.0718289
12.117,0.0718327
12.118,0.0718365
12.119,0.0718404
12.12,0.0718442
12.121,0.071848
12.122,0.0718518
12.123,0.0718557
12.124,0.0718595
12.125,0.0718633
12.126,0.0718671
12.127,0.0718709
12.128,0.0718748
12.129,0.0718786
12.13,0.0718824
12.131,0.0718862
12.132,0.0718901
12.133,0.0718939
12.134,0.0718977
12.135,0.0719015
12.136,0.0719053
12.137,0.0719091
12.138,0.071913
12.139,0.0719168
12.14,0.0719206
12.141,0.0719244
12.142,0.0719282
12.143,0.0719321
12.144,0.0719359
12.145,0.0719397
12.146,0.0719435
12.147,0.0719473
12.148,0.0719511
12.149,0.0719549
12.15,0.0719588
12.151,0.0719626
12.152,0.0719664
12.153,0.0719702
12.154,0.071974
12.155,0.0719778
12.156,0.0719816
12.157,0.0719855
12.158,0.0719893
12.159,0.0719931
12.16,0.0719969
12.161,0.0720007
12.162,0.0720045
12.163,0.0720083
12.164,0.0720121
12.165,0.0720159
12.166,0.0720197
12.167,0.0720236
12.168,0.0720274
12.169,0.0720312
12.17,0.072035
12.171,0.0720388
12.172,0.0720426
12.173,0.0720464
12.174,0.0720502
12.175,0.072054
12.176,0.0720578
12.177,0.0720616
12.178,0.0720654
12.179,0.0720692
12.18,0.072073
12.181,0.0720768
12.182,0.0720806
12.183,0.0720844
12.184,0.0720882
12.185,0.0720921
12.186,0.0720959
12.187,0.0720997
12.188,0.0721035
12.189,0.0721073
12.19,0.0721111
12.191,0.0721149
12.192,0.0721187
12.193,0.0721225
12.194,0.0721263
12.195,0.0721301
12.196,0.0721339
12.197,0.0721377
12.198,0.0721415
12.199,0.0721453
12.2,0.0721491
12.201,0.0721529
12.202,0.0721566
12.203,0.0721604
12.204,0.0721642
12.205,0.072168
12.206,0.0721718
12.207,0.0721756
12.208,0.0721794
12.209,0.0721832
12.21,0.072187
12.211,0.0721908
12.212,0.0721946
12.213,0.0721984
12.214,0.0722022
12.215,0.072206
12.216,0.0722098
12.217,0.0722136
12.218,0.0722174
12.219,0.0722212
12.22,0.0722249
12.221,0.0722287
12.222,0.0722325
12.223,0.0722363
12.224,0.0722401
12.225,0.0722439
12.226,0.0722477
12.227,0.0722515
12.228,0.0722553
12.229,0.0722591
12.23,0.0722628
12.231,0.0722666
12.232,0.0722704
12.233,0.0722742
12.234,0.072278
12.235,0.0722818
12.236,0.0722856
12.237,0.0722893
12.238,0.0722931
12.239,0.0722969
12.24,0.0723007
12.241,0.0723045
12.242,0.0723083
12.243,0.0723121
12.244,0.0723158
12.245,0.0723196
12.246,0.0723234
12.247,0.0723272
12.248,0.072331
12.249,0.0723348
12.25,0.0723385
12.251,0.0723423
12.252,0.0723461
12.253,0.0723499
12.254,0.0723537
12.255,0.0723574
12.256,0.0723612
12.257,0.072365
12.258,0.0723688
12.259,0.0723726
12.26,0.0723763
12.261,0.0723801
12.262,0.0723839
12.263,0.0723877
12.264,0.0723914
12.265,0.0723952
12.266,0.072399
12.267,0.0724028
12.268,0.0724065
12.269,0.0724103
12.27,0.0724141
12.271,0.0724179
12.272,0.0724216
12.273,0.0724254
12.274,0.0724292
12.275,0.072433
12.276,0.0724367
12.277,0.0724405
12.278,0.0724443
12.279,0.0724481
12.28,0.0724518
12.281,0.0724556
12.282,0.0724594
12.283,0.0724631
12.284,0.0724669
12.285,0.0724707
12.286,0.0724744
12.287,0.0724782
12.288,0.072482
12.289,0.0724858
12.29,0.0724895
12.291,0.0724933
12.292,0.0724971
12.293,0.0725008
12.294,0.0725046
12.295,0.0725084
12.296,0.0725121
12.297,0.0725159
12.298,0.0725197
12.299,0.0725234
12.3,0.0725272
12.301,0.072531
12.302,0.0725347
12.303,0.0725385
12.304,0.0725422
12.305,0.072546
12.306,0.0725498
12.307,0.0725535
12.308,0.0725573
12.309,0.0725611
12.31,0.0725648
12.311,0.0725686
12.312,0.0725723
12.313,0.0725761
12.314,0.0725799
12.315,0.0725836
12.316,0.0725874
12.317,0.0725912
12.318,0.0725949
12.319,0.0725987
12.32,0.0726024
12.321,0.0726062
12.322,0.0726099
12.323,0.0726137
12.324,0.0726175
12.325,0.0726212
12.326,0.072625
12.327,0.0726287
12.328,0.0726325
12.329,0.0726362
12.33,0.07264
12.331,0.0726438
12.332,0.0726475
12.333,0.0726513
12.334,0.072655
12.335,0.0726588
12.336,0.0726625
12.337,0.0726663
12.338,0.07267
12.339,0.0726738
12.34,0.0726775
12.341,0.0726813
12.342,0.072685
12.343,0.0726888
12.344,0.0726925
12.345,0.0726963
12.346,0.0727
12.347,0.0727038
12.348,0.0727075
12.349,0.0727113
12.35,0.072715
12.351,0.0727188
12.352,0.0727225
12.353,0.0727263
12.354,0.07273
12.355,0.0727338
12.356,0.0727375
12.357,0.0727413
12.358,0.072745
12.359,0.0727488
12.36,0.0727525
12.361,0.0727563
12.362,0.07276
12.363,0.0727637
12.364,0.0727675
12.365,0.0727712
12.366,0.072775
12.367,0.0727787
12.368,0.0727825
12.369,0.0727862
12.37,0.07279
12.371,0.0727937
12.372,0.0727974
12.373,0.0728012
12.374,0.0728049
12.375,0.0728087
12.376,0.0728124
12.377,0.0728161
12.378,0.0728199
12.379,0.0728236
12.38,0.0728274
12.381,0.0728311
12.382,0.0728348
12.383,0.0728386
12.384,0.0728423
12.385,0.072846
12.386,0.0728498
12.387,0.0728535
12.388,0.0728573
12.389,0.072861
12.39,0.0728647
12.391,0.0728685
12.392,0.0728722
12.393,0.0728759
12.394,0.0728797
12.395,0.0728834
12.396,0.0728871
12.397,0.0728909
12.398,0.0728946
12.399,0.0728983
12.4,0.0729021
12.401,0.0729058
12.402,0.0729095
12.403,0.0729133
12.404,0.072917
12.405,0.0729207
12.406,0.0729245
12.407,0.0729282
12.408,0.0729319
12.409,0.0729357
12.41,0.0729394
12.411,0.0729431
12.412,0.0729468
12.413,0.0729506
12.414,0.0729543
12.415,0.072958
12.416,0.0729618
12.417,0.0729655
12.418,0.0729692
12.419,0.0729729
12.42,0.0729767
12.421,0.0729804
12.422,0.0729841
12.423,0.0729878
12.424,0.0729916
12.425,0.0729953
12.426,0.072999
12.427,0.0730027
12.428,0.0730065
12.429,0.0730102
12.43,0.0730139
12.431,0.0730176
12.432,0.0730214
12.433,0.0730251
12.434,0.0730288
12.435,0.0730325
12.436,0.0730362
12.437,0.07304
12.438,0.0730437
12.439,0.0730474
12.44,0.0730511
12.441,0.0730548
12.442,0.0730586
12.443,0.0730623
12.444,0.073066
12.445,0.0730697
12.446,0.0730734
12.447,0.0730772
12.448,0.0730809
12.449,0.0730846
12.45,0.0730883
12.451,0.073092
12.452,0.0730957
12.453,0.0730995
12.454,0.0731032
12.455,0.0731069
12.456,0.0731106
12.457,0.0731143
12.458,0.073118
12.459,0.0731217
12.46,0.0731255
12.461,0.0731292
12.462,0.0731329
12.463,0.0731366
12.464,0.0731403
12.465,0.073144
12.466,0.0731477
12.467,0.0731514
12.468,0.0731552
12.469,0.0731589
12.47,0.0731626
12.471,0.0731663
12.472,0.07317
12.473,0.0731737
12.474,0.0731774
12.475,0.0731811
12.476,0.0731848
12.477,0.0731885
12.478,0.0731922
12.479,0.073196
12.48,0.0731997
12.481,0.0732034
12.482,0.0732071
12.483,0.0732108
12.484,0.0732145
12.485,0.0732182
12.486,0.0732219
12.487,0.0732256
12.488,0.0732293
12.489,0.073233
12.49,0.0732367
12.491,0.0732404
12.492,0.0732441
12.493,0.0732478
12.494,0.0732515
12.495,0.0732552
12.496,0.0732589
12.497,0.0732626
12.498,0.0732663
12.499,0.07327
12.5,0.0732737
12.501,0.0732774
12.502,0.0732811
12.503,0.0732848
12.504,0.0732885
12.505,0.0732922
12.506,0.0732959
12.507,0.0732996
12.508,0.0733033
12.509,0.073307
12.51,0.0733107
12.511,0.0733144
12.512,0.0733181
12.513,0.0733218
12.514,0.0733255
12.515,0.0733292
12.516,0.0733329
12.517,0.0733366
12.518,0.0733403
12.519,0.073344
12.52,0.0733477
12.521,0.0733514
12.522,0.0733551
12.523,0.0733588
12.524,0.0733625
12.525,0.0733661
12.526,0.0733698
12.527,0.0733735
12.528,0.0733772
12.529,0.0733809
12.53,0.0733846
12.531,0.0733883
12.532,0.073392
12.533,0.0733957
12.534,0.0733994
12.535,0.0734031
12.536,0.0734067
12.537,0.0734104
12.538,0.0734141
12.539,0.0734178
12.54,0.0734215
12.541,0.0734252
12.542,0.0734289
12.543,0.0734326
12.544,0.0734362
12.545,0.0734399
12.546,0.0734436
12.547,0.0734473
12.548,0.073451
12.549,0.0734547
12.55,0.0734584
12.551,0.073462
12.552,0.0734657
12.553,0.0734694
12.554,0.0734731
12.555,0.0734768
12.556,0.0734805
12.557,0.0734841
12.558,0.0734878
12.559,0.0734915
12.56,0.0734952
12.561,0.0734989
12.562,0.0735025
12.563,0.0735062
12.564,0.0735099
12.565,0.0735136
12.566,0.0735173
12.567,0.0735209
12.568,0.0735246
12.569,0.0735283
12.57,0.073532
12.571,0.0735357
12.572,0.0735393
12.573,0.073543
12.574,0.0735467
12.575,0.0735504
12.576,0.073554
12.577,0.0735577
12.578,0.0735614
12.579,0.0735651
12.58,0.0735687
12.581,0.0735724
12.582,0.0735761
12.583,0.0735798
12.584,0.0735834
12.585,0.0735871
12.586,0.0735908
12.587,0.0735945
12.588,0.0735981
12.589,0.0736018
12.59,0.0736055
12.591,0.0736092
12.592,0.0736128
12.593,0.0736165
12.594,0.0736202
12.595,0.0736238
12.596,0.0736275
12.597,0.0736312
12.598,0.0736348
12.599,0.0736385
12.6,0.0736422
12.601,0.0736459
12.602,0.0736495
12.603,0.0736532
12.604,0.0736569
12.605,0.0736605
12.606,0.0736642
12.607,0.0736679
12.608,0.0736715
12.609,0.0736752
12.61,0.0736789
12.611,0.0736825
12.612,0.0736862
12.613,0.0736898
12.614,0.0736935
12.615,0.0736972
12.616,0.0737008
12.617,0.0737045
12.618,0.0737082
12.619,0.0737118
12.62,0.0737155
12.621,0.0737192
12.622,0.0737228
12.623,0.0737265
12.624,0.0737301
12.625,0.0737338
12.626,0.0737375
12.627,0.0737411
12.628,0.0737448
12.629,0.0737484
12.63,0.0737521
12.631,0.0737558
12.632,0.0737594
12.633,0.0737631
12.634,0.0737667
12.635,0.0737704
12.636,0.073774
12.637,0.0737777
12.638,0.0737814
12.639,0.073785
12.64,0.0737887
12.641,0.0737923
12.642,0.073796
12.643,0.0737996
12.644,0.0738033
12.645,0.0738069
12.646,0.0738106
12.647,0.0738143
12.648,0.0738179
12.649,0.0738216
12.65,0.0738252
12.651,0.0738289
12.652,0.0738325
12.653,0.0738362
12.654,0.0738398
12.655,0.0738435
12.656,0.0738471
12.657,0.0738508
12.658,0.0738544
12.659,0.0738581
12.66,0.0738617
12.661,0.0738654
12.662,0.073869
12.663,0.0738727
12.664,0.0738763
12.665,0.07388
12.666,0.0738836
12.667,0.0738873
12.668,0.0738909
12.669,0.0738946
12.67,0.0738982
12.671,0.0739019
12.672,0.0739055
12.673,0.0739091
12.674,0.0739128
12.675,0.0739164
12.676,0.0739201
12.677,0.0739237
12.678,0.0739274
12.679,0.073931
12.68,0.0739347
12.681,0.0739383
12.682,0.0739419
12.683,0.0739456
12.684,0.0739492
12.685,0.0739529
12.686,0.0739565
12.687,0.0739602
12.688,0.0739638
12.689,0.0739674
12.69,0.0739711
12.691,0.0739747
12.692,0.0739784
12.693,0.073982
12.694,0.0739856
12.695,0.0739893
12.696,0.0739929
12.697,0.0739965
12.698,0.0740002
12.699,0.0740038
12.7,0.0740075
12.701,0.0740111
12.702,0.0740147
12.703,0.0740184
12.704,0.074022
12.705,0.0740256
12.706,0.0740293
12.707,0.0740329
12.708,0.0740365
12.709,0.0740402
12.71,0.0740438
12.711,0.0740474
12.712,0.0740511
12.713,0.0740547
12.714,0.0740583
12.715,0.074062
12.716,0.0740656
12.717,0.0740692
12.718,0.0740729
12.719,0.0740765
12.72,0.0740801
12.721,0.0740838
12.722,0.0740874
12.723,0.074091
12.724,0.0740947
12.725,0.0740983
12.726,0.0741019
12.727,0.0741055
12.728,0.0741092
12.729,0.0741128
12.73,0.0741164
12.731,0.0741201
12.732,0.0741237
12.733,0.0741273
12.734,0.0741309
12.735,0.0741346
12.736,0.0741382
12.737,0.0741418
12.738,0.0741454
12.739,0.0741491
12.74,0.0741527
12.741,0.0741563
12.742,0.0741599
12.743,0.0741636
12.744,0.0741672
12.745,0.0741708
12.746,0.0741744
12.747,0.074178
12.748,0.0741817
12.749,0.0741853
12.75,0.0741889
12.751,0.0741925
12.752,0.0741962
12.753,0.0741998
12.754,0.0742034
12.755,0.074207
12.756,0.0742106
12.757,0.0742143
12.758,0.0742179
12.759,0.0742215
12.76,0.0742251
12.761,0.0742287
12.762,0.0742323
12.763,0.074236
12.764,0.0742396
12.765,0.0742432
12.766,0.0742468
12.767,0.0742504
12.768,0.074254
12.769,0.0742577
12.77,0.0742613
12.771,0.0742649
12.772,0.0742685
12.773,0.0742721
12.774,0.0742757
12.775,0.0742793
12.776,0.074283
12.777,0.0742866
12.778,0.0742902
12.779,0.0742938
12.78,0.0742974
12.781,0.074301
12.782,0.0743046
12.783,0.0743082
12.784,0.0743118
12.785,0.0743155
12.786,0.0743191
12.787,0.0743227
12.788,0.0743263
12.789,0.0743299
12.79,0.0743335
12.791,0.0743371
12.792,0.0743407
12.793,0.0743443
12.794,0.0743479
12.795,0.0743515
12.796,0.0743552
12.797,0.0743588
12.798,0.0743624
12.799,0.074366
12.8,0.0743696
12.801,0.0743732
12.802,0.0743768
12.803,0.0743804
12.804,0.074384
12.805,0.0743876
12.806,0.0743912
12.807,0.0743948
12.808,0.0743984
12.809,0.074402
12.81,0.0744056
12.811,0.0744092
12.812,0.0744128
12.813,0.0744164
12.814,0.07442
12.815,0.0744236
12.816,0.0744272
12.817,0.0744308
12.818,0.0744344
12.819,0.074438
12.82,0.0744416
12.821,0.0744452
12.822,0.0744488
12.823,0.0744524
12.824,0.074456
12.825,0.0744596
12.826,0.0744632
12.827,0.0744668
12.828,0.0744704
12.829,0.074474
12.83,0.0744776
12.831,0.0744812
12.832,0.0744848
12.833,0.0744884
12.834,0.074492
12.835,0.0744956
12.836,0.0744992
12.837,0.0745028
12.838,0.0745064
12.839,0.07451
12.84,0.0745135
12.841,0.0745171
12.842,0.0745207
12.843,0.0745243
12.844,0.0745279
12.845,0.0745315
12.846,0.0745351
12.847,0.0745387
12.848,0.0745423
12.849,0.0745459
12.85,0.0745495
12.851,0.0745531
12.852,0.0745566
12.853,0.0745602
12.854,0.0745638
12.855,0.0745674
12.856,0.074571
12.857,0.0745746
12.858,0.0745782
12.859,0.0745818
12.86,0.0745853
12.861,0.0745889
12.862,0.0745925
12.863,0.0745961
12.864,0.0745997
12.865,0.0746033
12.866,0.0746069
12.867,0.0746104
12.868,0.074614
12.869,0.0746176
12.87,0.0746212
12.871,0.0746248
12.872,0.0746284
12.873,0.0746319
12.874,0.0746355
12.875,0.0746391
12.876,0.0746427
12.877,0.0746463
12.878,0.0746499
12.879,0.0746534
12.88,0.074657
12.881,0.0746606
12.882,0.0746642
12.883,0.0746678
12.884,0.0746713
12.885,0.0746749
12.886,0.0746785
12.887,0.0746821
12.888,0.0746857
12.889,0.0746892
12.89,0.0746928
12.891,0.0746964
12.892,0.0747
12.893,0.0747035
12.894,0.0747071
12.895,0.0747107
12.896,0.0747143
12.897,0.0747178
12.898,0.0747214
12.899,0.074725
12.9,0.0747286
12.901,0.0747321
12.902,0.0747357
12.903,0.0747393
12.904,0.0747429
12.905,0.0747464
12.906,0.07475
12.907,0.0747536
12.908,0.0747572
12.909,0.0747607
12.91,0.0747643
12.911,0.0747679
12.912,0.0747714
12.913,0.074775
12.914,0.0747786
12.915,0.0747821
12.916,0.0747857
12.917,0.0747893
12.918,0.0747929
12.919,0.0747964
12.92,0.0748
12.921,0.0748036
12.922,0.0748071
12.923,0.0748107
12.924,0.0748143
12.925,0.0748178
12.926,0.0748214
12.927,0.074825
12.928,0.0748285
12.929,0.0748321
12.93,0.0748357
12.931,0.0748392
12.932,0.0748428
12.933,0.0748463
12.934,0.0748499
12.935,0.0748535
12.936,0.074857
12.937,0.0748606
12.938,0.0748642
12.939,0.0748677
12.94,0.0748713
12.941,0.0748749
12.942,0.0748784
12.943,0.074882
12.944,0.0748855
12.945,0.0748891
12.946,0.0748927
12.947,0.0748962
12.948,0.0748998
12.949,0.0749033
12.95,0.0749069
12.951,0.0749105
12.952,0.074914
12.953,0.0749176
12.954,0.0749211
12.955,0.0749247
12.956,0.0749282
12.957,0.0749318
12.958,0.0749354
12.959,0.0749389
12.96,0.0749425
12.961,0.074946
12.962,0.0749496
12.963,0.0749531
12.964,0.0749567
12.965,0.0749602
12.966,0.0749638
12.967,0.0749673
12.968,0.0749709
12.969,0.0749745
12.97,0.074978
12.971,0.0749816
12.972,0.0749851
12.973,0.0749887
12.974,0.0749922
12.975,0.0749958
12.976,0.0749993
12.977,0.0750029
12.978,0.0750064
12.979,0.07501
12.98,0.0750135
12.981,0.0750171
12.982,0.0750206
12.983,0.0750242
12.984,0.0750277
12.985,0.0750313
12.986,0.0750348
12.987,0.0750384
12.988,0.0750419
12.989,0.0750455
12.99,0.075049
12.991,0.0750525
12.992,0.0750561
12.993,0.0750596
12.994,0.0750632
12.995,0.0750667
12.996,0.0750703
12.997,0.0750738
12.998,0.0750774
12.999,0.0750809
13,0.0750844
13.001,0.075088
13.002,0.0750915
13.003,0.0750951
13.004,0.0750986
13.005,0.0751022
13.006,0.0751057
13.007,0.0751092
13.008,0.0751128
13.009,0.0751163
13.01,0.0751199
13.011,0.0751234
13.012,0.0751269
13.013,0.0751305
13.014,0.075134
13.015,0.0751376
13.016,0.0751411
13.017,0.0751446
13.018,0.0751482
13.019,0.0751517
13.02,0.0751553
13.021,0.0751588
13.022,0.0751623
13.023,0.0751659
13.024,0.0751694
13.025,0.0751729
13.026,0.0751765
13.027,0.07518
13.028,0.0751835
13.029,0.0751871
13.03,0.0751906
13.031,0.0751941
13.032,0.0751977
13.033,0.0752012
13.034,0.0752047
13.035,0.0752083
13.036,0.0752118
13.037,0.0752153
13.038,0.0752189
13.039,0.0752224
13.04,0.0752259
13.041,0.0752295
13.042,0.075233
13.043,0.0752365
13.044,0.0752401
13.045,0.0752436
13.046,0.0752471
13.047,0.0752506
13.048,0.0752542
13.049,0.0752577
13.05,0.0752612
13.051,0.0752648
13.052,0.0752683
13.053,0.0752718
13.054,0.0752753
13.055,0.0752789
13.056,0.0752824
13.057,0.0752859
13.058,0.0752894
13.059,0.075293
13.06,0.0752965
13.061,0.0753
13.062,0.0753035
13.063,0.0753071
13.064,0.0753106
13.065,0.0753141
13.066,0.0753176
13.067,0.0753212
13.068,0.0753247
13.069,0.0753282
13.07,0.0753317
13.071,0.0753353
13.072,0.0753388
13.073,0.0753423
13.074,0.0753458
13.075,0.0753493
13.076,0.0753529
13.077,0.0753564
13.078,0.0753599
13.079,0.0753634
13.08,0.0753669
13.081,0.0753705
13.082,0.075374
13.083,0.0753775
13.084,0.075381
13.085,0.0753845
13.086,0.075388
13.087,0.0753916
13.088,0.0753951
13.089,0.0753986
13.09,0.0754021
13.091,0.0754056
13.092,0.0754091
13.093,0.0754127
13.094,0.0754162
13.095,0.0754197
13.096,0.0754232
13.097,0.0754267
13.098,0.0754302
13.099,0.0754337
13.1,0.0754372
13.101,0.0754408
13.102,0.0754443
13.103,0.0754478
13.104,0.0754513
13.105,0.0754548
13.106,0.0754583
13.107,0.0754618
13.108,0.0754653
13.109,0.0754689
13.11,0.0754724
13.111,0.0754759
13.112,0.0754794
13.113,0.0754829
13.114,0.0754864
13.115,0.0754899
13.116,0.0754934
13.117,0.0754969
13.118,0.0755004
13.119,0.0755039
13.12,0.0755074
13.121,0.0755109
13.122,0.0755145
13.123,0.075518
13.124,0.0755215
13.125,0.075525
13.126,0.0755285
13.127,0.075532
13.128,0.0755355
13.129,0.075539
13.13,0.0755425
13.131,0.075546
13.132,0.0755495
13.133,0.075553
13.134,0.0755565
13.135,0.07556
13.136,0.0755635
13.137,0.075567
13.138,0.0755705
13.139,0.075574
13.14,0.0755775
13.141,0.075581
13.142,0.0755845
13.143,0.075588
13.144,0.0755915
13.145,0.075595
13.146,0.0755985
13.147,0.075602
13.148,0.0756055
13.149,0.075609
13.15,0.0756125
13.151,0.075616
13.152,0.0756195
13.153,0.075623
13.154,0.0756265
13.155,0.07563
13.156,0.0756335
13.157,0.075637
13.158,0.0756405
13.159,0.075644
13.16,0.0756475
13.161,0.075651
13.162,0.0756544
13.163,0.0756579
13.164,0.0756614
13.165,0.0756649
13.166,0.0756684
13.167,0.0756719
13.168,0.0756754
13.169,0.0756789
13.17,0.0756824
13.171,0.0756859
13.172,0.0756894
13.173,0.0756929
13.174,0.0756964
13.175,0.0756998
13.176,0.0757033
13.177,0.0757068
13.178,0.0757103
13.179,0.0757138
13.18,0.0757173
13.181,0.0757208
13.182,0.0757243
13.183,0.0757278
13.184,0.0757312
13.185,0.0757347
13.186,0.0757382
13.187,0.0757417
13.188,0.0757452
13.189,0.0757487
13.19,0.0757522
13.191,0.0757556
13.192,0.0757591
13.193,0.0757626
13.194,0.0757661
13.195,0.0757696
13.196,0.0757731
13.197,0.0757765
13.198,0.07578
13.199,0.0757835
13.2,0.075787
13.201,0.0757905
13.202,0.075794
13.203,0.0757974
13.204,0.0758009
13.205,0.0758044
13.206,0.0758079
13.207,0.0758114
13.208,0.0758148
13.209,0.0758183
13.21,0.0758218
13.211,0.0758253
13.212,0.0758288
13.213,0.0758322
13.214,0.0758357
13.215,0.0758392
13.216,0.0758427
13.217,0.0758461
13.218,0.0758496
13.219,0.0758531
13.22,0.0758566
13.221,0.0758601
13.222,0.0758635
13.223,0.075867
13.224,0.0758705
13.225,0.075874
13.226,0.0758774
13.227,0.0758809
13.228,0.0758844
13.229,0.0758878
13.23,0.0758913
13.231,0.0758948
13.232,0.0758983
13.233,0.0759017
13.234,0.0759052
13.235,0.0759087
13.236,0.0759122
13.237,0.0759156
13.238,0.0759191
13.239,0.0759226
13.24,0.075926
13.241,0.0759295
13.242,0.075933
13.243,0.0759364
13.244,0.0759399
13.245,0.0759434
13.246,0.0759469
13.247,0.0759503
13.248,0.0759538
13.249,0.0759573
13.25,0.0759607
13.251,0.0759642
13.252,0.0759677
13.253,0.0759711
13.254,0.0759746
13.255,0.0759781
13.256,0.0759815
13.257,0.075985
13.258,0.0759885
13.259,0.0759919
13.26,0.0759954
13.261,0.0759988
13.262,0.0760023
13.263,0.0760058
13.264,0.0760092
13.265,0.0760127
13.266,0.0760162
13.267,0.0760196
13.268,0.0760231
13.269,0.0760265
13.27,0.07603
13.271,0.0760335
13.272,0.0760369
13.273,0.0760404
13.274,0.0760438
13.275,0.0760473
13.276,0.0760508
13.277,0.0760542
13.278,0.0760577
13.279,0.0760611
13.28,0.0760646
13.281,0.0760681
13.282,0.0760715
13.283,0.076075
13.284,0.0760784
13.285,0.0760819
13.286,0.0760853
13.287,0.0760888
13.288,0.0760923
13.289,0.0760957
13.29,0.0760992
13.291,0.0761026
13.292,0.0761061
13.293,0.0761095
13.294,0.076113
13.295,0.0761164
13.296,0.0761199
13.297,0.0761233
13.298,0.0761268
13.299,0.0761302
13.3,0.0761337
13.301,0.0761372
13.302,0.0761406
13.303,0.0761441
13.304,0.0761475
13.305,0.076151
13.306,0.0761544
13.307,0.0761579
13.308,0.0761613
13.309,0.0761648
13.31,0.0761682
13.311,0.0761717
13.312,0.0761751
13.313,0.0761786
13.314,0.076182
13.315,0.0761854
13.316,0.0761889
13.317,0.0761923
13.318,0.0761958
13.319,0.0761992
13.32,0.0762027
13.321,0.0762061
13.322,0.0762096
13.323,0.076213
13.324,0.0762165
13.325,0.0762199
13.326,0.0762234
13.327,0.0762268
13.328,0.0762302
13.329,0.0762337
13.33,0.0762371
13.331,0.0762406
13.332,0.076244
13.333,0.0762475
13.334,0.0762509
13.335,0.0762543
13.336,0.0762578
13.337,0.0762612
13.338,0.0762647
13.339,0.0762681
13.34,0.0762715
13.341,0.076275
13.342,0.0762784
13.343,0.0762819
13.344,0.0762853
13.345,0.0762887
13.346,0.0762922
13.347,0.0762956
13.348,0.0762991
13.349,0.0763025
13.35,0.0763059
13.351,0.0763094
13.352,0.0763128
13.353,0.0763162
13.354,0.0763197
13.355,0.0763231
13.356,0.0763265
13.357,0.07633
13.358,0.0763334
13.359,0.0763368
13.36,0.0763403
13.361,0.0763437
13.362,0.0763471
13.363,0.0763506
13.364,0.076354
13.365,0.0763574
13.366,0.0763609
13.367,0.0763643
13.368,0.0763677
13.369,0.0763712
13.37,0.0763746
13.371,0.076378
13.372,0.0763815
13.373,0.0763849
13.374,0.0763883
13.375,0.0763918
13.376,0.0763952
13.377,0.0763986
13.378,0.076402
13.379,0.0764055
13.38,0.0764089
13.381,0.0764123
13.382,0.0764158
13.383,0.0764192
13.384,0.0764226
13.385,0.076426
13.386,0.0764295
13.387,0.0764329
13.388,0.0764363
13.389,0.0764397
13.39,0.0764432
13.391,0.0764466
13.392,0.07645
13.393,0.0764534
13.394,0.0764569
13.395,0.0764603
13.396,0.0764637
13.397,0.0764671
13.398,0.0764706
13.399,0.076474
13.4,0.0764774
13.401,0.0764808
13.402,0.0764842
13.403,0.0764877
13.404,0.0764911
13.405,0.0764945
13.406,0.0764979
13.407,0.0765013
13.408,0.0765048
13.409,0.0765082
13.41,0.0765116
13.411,0.076515
13.412,0.0765184
13.413,0.0765219
13.414,0.0765253
13.415,0.0765287
13.416,0.0765321
13.417,0.0765355
13.418,0.076539
13.419,0.0765424
13.42,0.0765458
13.421,0.0765492
13.422,0.0765526
13.423,0.076556
13.424,0.0765594
13.425,0.0765629
13.426,0.0765663
13.427,0.0765697
13.428,0.0765731
13.429,0.0765765
13.43,0.0765799
13.431,0.0765833
13.432,0.0765868
13.433,0.0765902
13.434,0.0765936
13.435,0.076597
13.436,0.0766004
13.437,0.0766038
13.438,0.0766072
13.439,0.0766106
13.44,0.076614
13.441,0.0766175
13.442,0.0766209
13.443,0.0766243
13.444,0.0766277
13.445,0.0766311
13.446,0.0766345
13.447,0.0766379
13.448,0.0766413
13.449,0.0766447
13.45,0.0766481
13.451,0.0766515
13.452,0.0766549
13.453,0.0766584
13.454,0.0766618
13.455,0.0766652
13.456,0.0766686
13.457,0.076672
13.458,0.0766754
13.459,0.0766788
13.46,0.0766822
13.461,0.0766856
13.462,0.076689
13.463,0.0766924
13.464,0.0766958
13.465,0.0766992
13.466,0.0767026
13.467,0.076706
13.468,0.0767094
13.469,0.0767128
13.47,0.0767162
13.471,0.0767196
13.472,0.076723
13.473,0.0767264
13.474,0.0767298
13.475,0.0767332
13.476,0.0767366
13.477,0.07674
13.478,0.0767434
13.479,0.0767468
13.48,0.0767502
13.481,0.0767536
13.482,0.076757
13.483,0.0767604
13.484,0.0767638
13.485,0.0767672
13.486,0.0767706
13.487,0.076774
13.488,0.0767774
13.489,0.0767808
13.49,0.0767842
13.491,0.0767876
13.492,0.076791
13.493,0.0767944
13.494,0.0767978
13.495,0.0768012
13.496,0.0768045
13.497,0.0768079
13.498,0.0768113
13.499,0.0768147
13.5,0.0768181
13.501,0.0768215
13.502,0.0768249
13.503,0.0768283
13.504,0.0768317
13.505,0.0768351
13.506,0.0768385
13.507,0.0768419
13.508,0.0768452
13.509,0.0768486
13.51,0.076852
13.511,0.0768554
13.512,0.0768588
13.513,0.0768622
13.514,0.0768656
13.515,0.076869
13.516,0.0768724
13.517,0.0768757
13.518,0.0768791
13.519,0.0768825
13.52,0.0768859
13.521,0.0768893
13.522,0.0768927
13.523,0.0768961
13.524,0.0768994
13.525,0.0769028
13.526,0.0769062
13.527,0.0769096
13.528,0.076913
13.529,0.0769164
13.53,0.0769198
13.531,0.0769231
13.532,0.0769265
13.533,0.0769299
13.534,0.0769333
13.535,0.0769367
13.536,0.07694
13.537,0.0769434
13.538,0.0769468
13.539,0.0769502
13.54,0.0769536
13.541,0.076957
13.542,0.0769603
13.543,0.0769637
13.544,0.0769671
13.545,0.0769705
13.546,0.0769738
13.547,0.0769772
13.548,0.0769806
13.549,0.076984
13.55,0.0769874
13.551,0.0769907
13.552,0.0769941
13.553,0.0769975
13.554,0.0770009
13.555,0.0770042
13.556,0.0770076
13.557,0.077011
13.558,0.0770144
13.559,0.0770177
13.56,0.0770211
13.561,0.0770245
13.562,0.0770279
13.563,0.0770312
13.564,0.0770346
13.565,0.077038
13.566,0.0770414
13.567,0.0770447
13.568,0.0770481
13.569,0.0770515
13.57,0.0770549
13.571,0.0770582
13.572,0.0770616
13.573,0.077065
13.574,0.0770683
13.575,0.0770717
13.576,0.0770751
13.577,0.0770784
13.578,0.0770818
13.579,0.0770852
13.58,0.0770886
13.581,0.0770919
13.582,0.0770953
13.583,0.0770987
13.584,0.077102
13.585,0.0771054
13.586,0.0771088
13.587,0.0771121
13.588,0.0771155
13.589,0.0771189
13.59,0.0771222
13.591,0.0771256
13.592,0.077129
13.593,0.0771323
13.594,0.0771357
13.595,0.0771391
13.596,0.0771424
13.597,0.0771458
13.598,0.0771491
13.599,0.0771525
13.6,0.0771559
13.601,0.0771592
13.602,0.0771626
13.603,0.077166
13.604,0.0771693
13.605,0.0771727
13.606,0.077176
13.607,0.0771794
13.608,0.0771828
13.609,0.0771861
13.61,0.0771895
13.611,0.0771928
13.612,0.0771962
13.613,0.0771996
13.614,0.0772029
13.615,0.0772063
13.616,0.0772096
13.617,0.077213
13.618,0.0772164
13.619,0.0772197
13.62,0.0772231
13.621,0.0772264
13.622,0.0772298
13.623,0.0772331
13.624,0.0772365
13.625,0.0772398
13.626,0.0772432
13.627,0.0772466
13.628,0.0772499
13.629,0.0772533
13.63,0.0772566
13.631,0.07726
13.632,0.0772633
13.633,0.0772667
13.634,0.07727
13.635,0.0772734
13.636,0.0772767
13.637,0.0772801
13.638,0.0772834
13.639,0.0772868
13.64,0.0772901
13.641,0.0772935
13.642,0.0772968
13.643,0.0773002
13.644,0.0773035
13.645,0.0773069
13.646,0.0773102
13.647,0.0773136
13.648,0.0773169
13.649,0.0773203
13.65,0.0773236
13.651,0.077327
13.652,0.0773303
13.653,0.0773337
13.654,0.077337
13.655,0.0773404
13.656,0.0773437
13.657,0.0773471
13.658,0.0773504
13.659,0.0773538
13.66,0.0773571
13.661,0.0773605
13.662,0.0773638
13.663,0.0773671
13.664,0.0773705
13.665,0.0773738
13.666,0.0773772
13.667,0.0773805
13.668,0.0773839
13.669,0.0773872
13.67,0.0773905
13.671,0.0773939
13.672,0.0773972
13.673,0.0774006
13.674,0.0774039
13.675,0.0774073
13.676,0.0774106
13.677,0.0774139
13.678,0.0774173
13.679,0.0774206
13.68,0.077424
13.681,0.0774273
13.682,0.0774306
13.683,0.077434
13.684,0.0774373
13.685,0.0774406
13.686,0.077444
13.687,0.0774473
13.688,0.0774507
13.689,0.077454
13.69,0.0774573
13.691,0.0774607
13.692,0.077464
13.693,0.0774673
13.694,0.0774707
13.695,0.077474
13.696,0.0774773
13.697,0.0774807
13.698,0.077484
13.699,0.0774874
13.7,0.0774907
13.701,0.077494
13.702,0.0774974
13.703,0.0775007
13.704,0.077504
13.705,0.0775073
13.706,0.0775107
13.707,0.077514
13.708,0.0775173
13.709,0.0775207
13.71,0.077524
13.711,0.0775273
13.712,0.0775307
13.713,0.077534
13.714,0.0775373
13.715,0.0775407
13.716,0.077544
13.717,0.0775473
13.718,0.0775506
13.719,0.077554
13.72,0.0775573
13.721,0.0775606
13.722,0.077564
13.723,0.0775673
13.724,0.0775706
13.725,0.0775739
13.726,0.0775773
13.727,0.0775806
13.728,0.0775839
13.729,0.0775872
13.73,0.0775906
13.731,0.0775939
13.732,0.0775972
13.733,0.0776005
13.734,0.0776039
13.735,0.0776072
13.736,0.0776105
13.737,0.0776138
13.738,0.0776171
13.739,0.0776205
13.74,0.0776238
13.741,0.0776271
13.742,0.0776304
13.743,0.0776338
13.744,0.0776371
13.745,0.0776404
13.746,0.0776437
13.747,0.077647
13.748,0.0776504
13.749,0.0776537
13.75,0.077657
13.751,0.0776603
13.752,0.0776636
13.753,0.077667
13.754,0.0776703
13.755,0.0776736
13.756,0.0776769
13.757,0.0776802
13.758,0.0776835
13.759,0.0776869
13.76,0.0776902
13.761,0.0776935
13.762,0.0776968
13.763,0.0777001
13.764,0.0777034
13.765,0.0777067
13.766,0.0777101
13.767,0.0777134
13.768,0.0777167
13.769,0.07772
13.77,0.0777233
13.771,0.0777266
13.772,0.0777299
13.773,0.0777333
13.774,0.0777366
13.775,0.0777399
13.776,0.0777432
13.777,0.0777465
13.778,0.0777498
13.779,0.0777531
13.78,0.0777564
13.781,0.0777597
13.782,0.0777631
13.783,0.0777664
13.784,0.0777697
13.785,0.077773
13.786,0.0777763
13.787,0.0777796
13.788,0.0777829
13.789,0.0777862
13.79,0.0777895
13.791,0.0777928
13.792,0.0777961
13.793,0.0777994
13.794,0.0778028
13.795,0.0778061
13.796,0.0778094
13.797,0.0778127
13.798,0.077816
13.799,0.0778193
13.8,0.0778226
13.801,0.0778259
13.802,0.0778292
13.803,0.0778325
13.804,0.0778358
13.805,0.0778391
13.806,0.0778424
13.807,0.0778457
13.808,0.077849
13.809,0.0778523
13.81,0.0778556
13.811,0.0778589
13.812,0.0778622
13.813,0.0778655
13.814,0.0778688
13.815,0.0778721
13.816,0.0778754
13.817,0.0778787
13.818,0.077882
13.819,0.0778853
13.82,0.0778886
13.821,0.0778919
13.822,0.0778952
13.823,0.0778985
13.824,0.0779018
13.825,0.0779051
13.826,0.0779084
13.827,0.0779117
13.828,0.077915
13.829,0.0779183
13.83,0.0779216
13.831,0.0779249
13.832,0.0779282
13.833,0.0779315
13.834,0.0779348
13.835,0.0779381
13.836,0.0779414
13.837,0.0779447
13.838,0.0779479
13.839,0.0779512
13.84,0.0779545
13.841,0.0779578
13.842,0.0779611
13.843,0.0779644
13.844,0.0779677
13.845,0.077971
13.846,0.0779743
13.847,0.0779776
13.848,0.0779809
13.849,0.0779842
13.85,0.0779874
13.851,0.0779907
13.852,0.077994
13.853,0.0779973
13.854,0.0780006
13.855,0.0780039
13.856,0.0780072
13.857,0.0780105
13.858,0.0780138
13.859,0.078017
13.86,0.0780203
13.861,0.0780236
13.862,0.0780269
13.863,0.0780302
13.864,0.0780335
13.865,0.0780368
13.866,0.0780401
13.867,0.0780433
13.868,0.0780466
13.869,0.0780499
13.87,0.0780532
13.871,0.0780565
13.872,0.0780598
13.873,0.078063
13.874,0.0780663
13.875,0.0780696
13.876,0.0780729
13.877,0.0780762
13.878,0.0780795
13.879,0.0780827
13.88,0.078086
13.881,0.0780893
13.882,0.0780926
13.883,0.0780959
13.884,0.0780991
13.885,0.0781024
13.886,0.0781057
13.887,0.078109
13.888,0.0781123
13.889,0.0781155
13.89,0.0781188
13.891,0.0781221
13.892,0.0781254
13.893,0.0781287
13.894,0.0781319
13.895,0.0781352
13.896,0.0781385
13.897,0.0781418
13.898,0.078145
13.899,0.0781483
13.9,0.0781516
13.901,0.0781549
13.902,0.0781581
13.903,0.0781614
13.904,0.0781647
13.905,0.078168
13.906,0.0781712
13.907,0.0781745
13.908,0.0781778
13.909,0.0781811
13.91,0.0781843
13.911,0.0781876
13.912,0.0781909
13.913,0.0781942
13.914,0.0781974
13.915,0.0782007
13.916,0.078204
13.917,0.0782072
13.918,0.0782105
13.919,0.0782138
13.92,0.0782171
13.921,0.0782203
13.922,0.0782236
13.923,0.0782269
13.924,0.0782301
13.925,0.0782334
13.926,0.0782367
13.927,0.0782399
13.928,0.0782432
13.929,0.0782465
13.93,0.0782497
13.931,0.078253
13.932,0.0782563
13.933,0.0782595
13.934,0.0782628
13.935,0.0782661
13.936,0.0782693
13.937,0.0782726
13.938,0.0782759
13.939,0.0782791
13.94,0.0782824
13.941,0.0782857
13.942,0.0782889
13.943,0.0782922
13.944,0.0782954
13.945,0.0782987
13.946,0.078302
13.947,0.0783052
13.948,0.0783085
13.949,0.0783118
13.95,0.078315
13.951,0.0783183
13.952,0.0783215
13.953,0.0783248
13.954,0.0783281
13.955,0.0783313
13.956,0.0783346
13.957,0.0783378
13.958,0.0783411
13.959,0.0783444
13.96,0.0783476
13.961,0.0783509
13.962,0.0783541
13.963,0.0783574
13.964,0.0783607
13.965,0.0783639
13.966,0.0783672
13.967,0.0783704
13.968,0.0783737
13.969,0.0783769
13.97,0.0783802
13.971,0.0783834
13.972,0.0783867
13.973,0.07839
13.974,0.0783932
13.975,0.0783965
13.976,0.0783997
13.977,0.078403
13.978,0.0784062
13.979,0.0784095
13.98,0.0784127
13.981,0.078416
13.982,0.0784192
13.983,0.0784225
13.984,0.0784257
13.985,0.078429
13.986,0.0784322
13.987,0.0784355
13.988,0.0784387
13.989,0.078442
13.99,0.0784452
13.991,0.0784485
13.992,0.0784517
13.993,0.078455
13.994,0.0784582
13.995,0.0784615
13.996,0.0784647
13.997,0.078468
13.998,0.0784712
13.999,0.0784745
14,0.0784777
14.001,0.078481
14.002,0.0784842
14.003,0.0784875
14.004,0.0784907
14.005,0.078494
14.006,0.0784972
14.007,0.0785005
14.008,0.0785037
14.009,0.0785069
14.01,0.0785102
14.011,0.0785134
14.012,0.0785167
14.013,0.0785199
14.014,0.0785232
14.015,0.0785264
14.016,0.0785297
14.017,0.0785329
14.018,0.0785361
14.019,0.0785394
14.02,0.0785426
14.021,0.0785459
14.022,0.0785491
14.023,0.0785523
14.024,0.0785556
14.025,0.0785588
14.026,0.0785621
14.027,0.0785653
14.028,0.0785685
14.029,0.0785718
14.03,0.078575
14.031,0.0785783
14.032,0.0785815
14.033,0.0785847
14.034,0.078588
14.035,0.0785912
14.036,0.0785944
14.037,0.0785977
14.038,0.0786009
14.039,0.0786042
14.04,0.0786074
14.041,0.0786106
14.042,0.0786139
14.043,0.0786171
14.044,0.0786203
14.045,0.0786236
14.046,0.0786268
14.047,0.07863
14.048,0.0786333
14.049,0.0786365
14.05,0.0786397
14.051,0.078643
14.052,0.0786462
14.053,0.0786494
14.054,0.0786527
14.055,0.0786559
14.056,0.0786591
14.057,0.0786624
14.058,0.0786656
14.059,0.0786688
14.06,0.0786721
14.061,0.0786753
14.062,0.0786785
14.063,0.0786817
14.064,0.078685
14.065,0.0786882
14.066,0.0786914
14.067,0.0786947
14.068,0.0786979
14.069,0.0787011
14.07,0.0787043
14.071,0.0787076
14.072,0.0787108
14.073,0.078714
14.074,0.0787172
14.075,0.0787205
14.076,0.0787237
14.077,0.0787269
14.078,0.0787302
14.079,0.0787334
14.08,0.0787366
14.081,0.0787398
14.082,0.078743
14.083,0.0787463
14.084,0.0787495
14.085,0.0787527
14.086,0.0787559
14.087,0.0787592
14.088,0.0787624
14.089,0.0787656
14.09,0.0787688
14.091,0.0787721
14.092,0.0787753
14.093,0.0787785
14.094,0.0787817
14.095,0.0787849
14.096,0.0787882
14.097,0.0787914
14.098,0.0787946
14.099,0.0787978
14.1,0.078801
14.101,0.0788043
14.102,0.0788075
14.103,0.0788107
14.104,0.0788139
14.105,0.0788171
14.106,0.0788203
14.107,0.0788236
14.108,0.0788268
14.109,0.07883
14.11,0.0788332
14.111,0.0788364
14.112,0.0788396
14.113,0.0788429
14.114,0.0788461
14.115,0.0788493
14.116,0.0788525
14.117,0.0788557
14.118,0.0788589
14.119,0.0788621
14.12,0.0788654
14.121,0.0788686
14.122,0.0788718
14.123,0.078875
14.124,0.0788782
14.125,0.0788814
14.126,0.0788846
14.127,0.0788878
14.128,0.078891
14.129,0.0788943
14.13,0.0788975
14.131,0.0789007
14.132,0.0789039
14.133,0.0789071
14.134,0.0789103
14.135,0.0789135
14.136,0.0789167
14.137,0.0789199
14.138,0.0789231
14.139,0.0789264
14.14,0.0789296
14.141,0.0789328
14.142,0.078936
14.143,0.0789392
14.144,0.0789424
14.145,0.0789456
14.146,0.0789488
14.147,0.078952
14.148,0.0789552
14.149,0.0789584
14.15,0.0789616
14.151,0.0789648
14.152,0.078968
14.153,0.0789712
14.154,0.0789744
14.155,0.0789776
14.156,0.0789808
14.157,0.078984
14.158,0.0789873
14.159,0.0789905
14.16,0.0789937
14.161,0.0789969
14.162,0.0790001
14.163,0.0790033
14.164,0.0790065
14.165,0.0790097
14.166,0.0790129
14.167,0.0790161
14.168,0.0790193
14.169,0.0790225
14.17,0.0790257
14.171,0.0790289
14.172,0.0790321
14.173,0.0790353
14.174,0.0790385
14.175,0.0790417
14.176,0.0790449
14.177,0.079048
14.178,0.0790512
14.179,0.0790544
14.18,0.0790576
14.181,0.0790608
14.182,0.079064
14.183,0.0790672
14.184,0.0790704
14.185,0.0790736
14.186,0.0790768
14.187,0.07908
14.188,0.0790832
14.189,0.0790864
14.19,0.0790896
14.191,0.0790928
14.192,0.079096
14.193,0.0790992
14.194,0.0791024
14.195,0.0791056
14.196,0.0791087
14.197,0.0791119
14.198,0.0791151
14.199,0.0791183
14.2,0.0791215
14.201,0.0791247
14.202,0.0791279
14.203,0.0791311
14.204,0.0791343
14.205,0.0791375
14.206,0.0791406
14.207,0.0791438
14.208,0.079147
14.209,0.0791502
14.21,0.0791534
14.211,0.0791566
14.212,0.0791598
14.213,0.079163
14.214,0.0791662
14.215,0.0791693
14.216,0.0791725
14.217,0.0791757
14.218,0.0791789
14.219,0.0791821
14.22,0.0791853
14.221,0.0791885
14.222,0.0791916
14.223,0.0791948
14.224,0.079198
14.225,0.0792012
14.226,0.0792044
14.227,0.0792076
14.228,0.0792107
14.229,0.0792139
14.23,0.0792171
14.231,0.0792203
14.232,0.0792235
14.233,0.0792267
14.234,0.0792298
14.235,0.079233
14.236,0.0792362
14.237,0.0792394
14.238,0.0792426
14.239,0.0792457
14.24,0.0792489
14.241,0.0792521
14.242,0.0792553
14.243,0.0792585
14.244,0.0792616
14.245,0.0792648
14.246,0.079268
14.247,0.0792712
14.248,0.0792743
14.249,0.0792775
14.25,0.0792807
14.251,0.0792839
14.252,0.0792871
14.253,0.0792902
14.254,0.0792934
14.255,0.0792966
14.256,0.0792998
14.257,0.0793029
14.258,0.0793061
14.259,0.0793093
14.26,0.0793125
14.261,0.0793156
14.262,0.0793188
14.263,0.079322
14.264,0.0793251
14.265,0.0793283
14.266,0.0793315
14.267,0.0793347
14.268,0.0793378
14.269,0.079341
14.27,0.0793442
14.271,0.0793473
14.272,0.0793505
14.273,0.0793537
14.274,0.0793569
14.275,0.07936
14.276,0.0793632
14.277,0.0793664
14.278,0.0793695
14.279,0.0793727
14.28,0.0793759
14.281,0.079379
14.282,0.0793822
14.283,0.0793854
14.284,0.0793885
14.285,0.0793917
14.286,0.0793949
14.287,0.079398
14.288,0.0794012
14.289,0.0794044
14.29,0.0794075
14.291,0.0794107
14.292,0.0794139
14.293,0.079417
14.294,0.0794202
14.295,0.0794234
14.296,0.0794265
14.297,0.0794297
14.298,0.0794329
14.299,0.079436
14.3,0.0794392
14.301,0.0794424
14.302,0.0794455
14.303,0.0794487
14.304,0.0794518
14.305,0.079455
14.306,0.0794582
14.307,0.0794613
14.308,0.0794645
14.309,0.0794676
14.31,0.0794708
14.311,0.079474
14.312,0.0794771
14.313,0.0794803
14.314,0.0794834
14.315,0.0794866
14.316,0.0794898
14.317,0.0794929
14.318,0.0794961
14.319,0.0794992
14.32,0.0795024
14.321,0.0795055
14.322,0.0795087
14.323,0.0795119
14.324,0.079515
14.325,0.0795182
14.326,0.0795213
14.327,0.0795245
14.328,0.0795276
14.329,0.0795308
14.33,0.0795339
14.331,0.0795371
14.332,0.0795403
14.333,0.0795434
14.334,0.0795466
14.335,0.0795497
14.336,0.0795529
14.337,0.079556
14.338,0.0795592
14.339,0.0795623
14.34,0.0795655
14.341,0.0795686
14.342,0.0795718
14.343,0.0795749
14.344,0.0795781
14.345,0.0795812
14.346,0.0795844
14.347,0.0795875
14.348,0.0795907
14.349,0.0795938
14.35,0.079597
14.351,0.0796001
14.352,0.0796033
14.353,0.0796064
14.354,0.0796096
14.355,0.0796127
14.356,0.0796159
14.357,0.079619
14.358,0.0796222
14.359,0.0796253
14.36,0.0796285
14.361,0.0796316
14.362,0.0796348
14.363,0.0796379
14.364,0.079641
14.365,0.0796442
14.366,0.0796473
14.367,0.0796505
14.368,0.0796536
14.369,0.0796568
14.37,0.0796599
14.371,0.0796631
14.372,0.0796662
14.373,0.0796693
14.374,0.0796725
14.375,0.0796756
14.376,0.0796788
14.377,0.0796819
14.378,0.079685
14.379,0.0796882
14.38,0.0796913
14.381,0.0796945
14.382,0.0796976
14.383,0.0797008
14.384,0.0797039
14.385,0.079707
14.386,0.0797102
14.387,0.0797133
14.388,0.0797164
14.389,0.0797196
14.39,0.0797227
14.391,0.0797259
14.392,0.079729
14.393,0.0797321
14.394,0.0797353
14.395,0.0797384
14.396,0.0797415
14.397,0.0797447
14.398,0.0797478
14.399,0.079751
14.4,0.0797541
14.401,0.0797572
14.402,0.0797604
14.403,0.0797635
14.404,0.0797666
14.405,0.0797698
14.406,0.0797729
14.407,0.079776
14.408,0.0797792
14.409,0.0797823
14.41,0.0797854
14.411,0.0797886
14.412,0.0797917
14.413,0.0797948
14.414,0.079798
14.415,0.0798011
14.416,0.0798042
14.417,0.0798074
14.418,0.0798105
14.419,0.0798136
14.42,0.0798167
14.421,0.0798199
14.422,0.079823
14.423,0.0798261
14.424,0.0798293
14.425,0.0798324
14.426,0.0798355
14.427,0.0798386
14.428,0.0798418
14.429,0.0798449
14.43,0.079848
14.431,0.0798512
14.432,0.0798543
14.433,0.0798574
14.434,0.0798605
14.435,0.0798637
14.436,0.0798668
14.437,0.0798699
14.438,0.079873
14.439,0.0798762
14.44,0.0798793
14.441,0.0798824
14.442,0.0798855
14.443,0.0798887
14.444,0.0798918
14.445,0.0798949
14.446,0.079898
14.447,0.0799011
14.448,0.0799043
14.449,0.0799074
14.45,0.0799105
14.451,0.0799136
14.452,0.0799168
14.453,0.0799199
14.454,0.079923
14.455,0.0799261
14.456,0.0799292
14.457,0.0799324
14.458,0.0799355
14.459,0.0799386
14.46,0.0799417
14.461,0.0799448
14.462,0.0799479
14.463,0.0799511
14.464,0.0799542
14.465,0.0799573
14.466,0.0799604
14.467,0.0799635
14.468,0.0799667
14.469,0.0799698
14.47,0.0799729
14.471,0.079976
14.472,0.0799791
14.473,0.0799822
14.474,0.0799853
14.475,0.0799885
14.476,0.0799916
14.477,0.0799947
14.478,0.0799978
14.479,0.0800009
14.48,0.080004
14.481,0.0800071
14.482,0.0800103
14.483,0.0800134
14.484,0.0800165
14.485,0.0800196
14.486,0.0800227
14.487,0.0800258
14.488,0.0800289
14.489,0.080032
14.49,0.0800352
14.491,0.0800383
14.492,0.0800414
14.493,0.0800445
14.494,0.0800476
14.495,0.0800507
14.496,0.0800538
14.497,0.0800569
14.498,0.08006
14.499,0.0800631
14.5,0.0800662
14.501,0.0800694
14.502,0.0800725
14.503,0.0800756
14.504,0.0800787
14.505,0.0800818
14.506,0.0800849
14.507,0.080088
14.508,0.0800911
14.509,0.0800942
14.51,0.0800973
14.511,0.0801004
14.512,0.0801035
14.513,0.0801066
14.514,0.0801097
14.515,0.0801128
14.516,0.0801159
14.517,0.080119
14.518,0.0801221
14.519,0.0801252
14.52,0.0801283
14.521,0.0801314
14.522,0.0801345
14.523,0.0801377
14.524,0.0801408
14.525,0.0801439
14.526,0.080147
14.527,0.0801501
14.528,0.0801532
14.529,0.0801563
14.53,0.0801594
14.531,0.0801625
14.532,0.0801656
14.533,0.0801687
14.534,0.0801718
14.535,0.0801749
14.536,0.0801779
14.537,0.080181
14.538,0.0801841
14.539,0.0801872
14.54,0.0801903
14.541,0.0801934
14.542,0.0801965
14.543,0.0801996
14.544,0.0802027
14.545,0.0802058
14.546,0.0802089
14.547,0.080212
14.548,0.0802151
14.549,0.0802182
14.55,0.0802213
14.551,0.0802244
14.552,0.0802275
14.553,0.0802306
14.554,0.0802337
14.555,0.0802368
14.556,0.0802399
14.557,0.0802429
14.558,0.080246
14.559,0.0802491
14.56,0.0802522
14.561,0.0802553
14.562,0.0802584
14.563,0.0802615
14.564,0.0802646
14.565,0.0802677
14.566,0.0802708
14.567,0.0802739
14.568,0.0802769
14.569,0.08028
14.57,0.0802831
14.571,0.0802862
14.572,0.0802893
14.573,0.0802924
14.574,0.0802955
14.575,0.0802986
14.576,0.0803017
14.577,0.0803047
14.578,0.0803078
14.579,0.0803109
14.58,0.080314
14.581,0.0803171
14.582,0.0803202
14.583,0.0803233
14.584,0.0803263
14.585,0.0803294
14.586,0.0803325
14.587,0.0803356
14.588,0.0803387
14.589,0.0803418
14.59,0.0803448
14.591,0.0803479
14.592,0.080351
14.593,0.0803541
14.594,0.0803572
14.595,0.0803603
14.596,0.0803633
14.597,0.0803664
14.598,0.0803695
14.599,0.0803726
14.6,0.0803757
14.601,0.0803787
14.602,0.0803818
14.603,0.0803849
14.604,0.080388
14.605,0.0803911
14.606,0.0803941
14.607,0.0803972
14.608,0.0804003
14.609,0.0804034
14.61,0.0804065
14.611,0.0804095
14.612,0.0804126
14.613,0.0804157
14.614,0.0804188
14.615,0.0804218
14.616,0.0804249
14.617,0.080428
14.618,0.0804311
14.619,0.0804341
14.62,0.0804372
14.621,0.0804403
14.622,0.0804434
14.623,0.0804464
14.624,0.0804495
14.625,0.0804526
14.626,0.0804557
14.627,0.0804587
14.628,0.0804618
14.629,0.0804649
14.63,0.080468
14.631,0.080471
14.632,0.0804741
14.633,0.0804772
14.634,0.0804803
14.635,0.0804833
14.636,0.0804864
14.637,0.0804895
14.638,0.0804925
14.639,0.0804956
14.64,0.0804987
14.641,0.0805017
14.642,0.0805048
14.643,0.0805079
14.644,0.080511
14.645,0.080514
14.646,0.0805171
14.647,0.0805202
14.648,0.0805232
14.649,0.0805263
14.65,0.0805294
14.651,0.0805324
14.652,0.0805355
14.653,0.0805386
14.654,0.0805416
14.655,0.0805447
14.656,0.0805478
14.657,0.0805508
14.658,0.0805539
14.659,0.080557
14.66,0.08056
14.661,0.0805631
14.662,0.0805661
14.663,0.0805692
14.664,0.0805723
14.665,0.0805753
14.666,0.0805784
14.667,0.0805815
14.668,0.0805845
14.669,0.0805876
14.67,0.0805906
14.671,0.0805937
14.672,0.0805968
14.673,0.0805998
14.674,0.0806029
14.675,0.080606
14.676,0.080609
14.677,0.0806121
14.678,0.0806151
14.679,0.0806182
14.68,0.0806213
14.681,0.0806243
14.682,0.0806274
14.683,0.0806304
14.684,0.0806335
14.685,0.0806365
14.686,0.0806396
14.687,0.0806427
14.688,0.0806457
14.689,0.0806488
14.69,0.0806518
14.691,0.0806549
14.692,0.0806579
14.693,0.080661
14.694,0.0806641
14.695,0.0806671
14.696,0.0806702
14.697,0.0806732
14.698,0.0806763
14.699,0.0806793
14.7,0.0806824
14.701,0.0806854
14.702,0.0806885
14.703,0.0806915
14.704,0.0806946
14.705,0.0806976
14.706,0.0807007
14.707,0.0807038
14.708,0.0807068
14.709,0.0807099
14.71,0.0807129
14.711,0.080716
14.712,0.080719
14.713,0.0807221
14.714,0.0807251
14.715,0.0807282
14.716,0.0807312
14.717,0.0807343
14.718,0.0807373
14.719,0.0807404
14.72,0.0807434
14.721,0.0807464
14.722,0.0807495
14.723,0.0807525
14.724,0.0807556
14.725,0.0807586
14.726,0.0807617
14.727,0.0807647
14.728,0.0807678
14.729,0.0807708
14.73,0.0807739
14.731,0.0807769
14.732,0.08078
14.733,0.080783
14.734,0.0807861
14.735,0.0807891
14.736,0.0807921
14.737,0.0807952
14.738,0.0807982
14.739,0.0808013
14.74,0.0808043
14.741,0.0808074
14.742,0.0808104
14.743,0.0808134
14.744,0.0808165
14.745,0.0808195
14.746,0.0808226
14.747,0.0808256
14.748,0.0808286
14.749,0.0808317
14.75,0.0808347
14.751,0.0808378
14.752,0.0808408
14.753,0.0808439
14.754,0.0808469
14.755,0.0808499
14.756,0.080853
14.757,0.080856
14.758,0.080859
14.759,0.0808621
14.76,0.0808651
14.761,0.0808682
14.762,0.0808712
14.763,0.0808742
14.764,0.0808773
14.765,0.0808803
14.766,0.0808833
14.767,0.0808864
14.768,0.0808894
14.769,0.0808924
14.77,0.0808955
14.771,0.0808985
14.772,0.0809016
14.773,0.0809046
14.774,0.0809076
14.775,0.0809107
14.776,0.0809137
14.777,0.0809167
14.778,0.0809198
14.779,0.0809228
14.78,0.0809258
14.781,0.0809289
14.782,0.0809319
14.783,0.0809349
14.784,0.0809379
14.785,0.080941
14.786,0.080944
14.787,0.080947
14.788,0.0809501
14.789,0.0809531
14.79,0.0809561
14.791,0.0809592
14.792,0.0809622
14.793,0.0809652
14.794,0.0809682
14.795,0.0809713
14.796,0.0809743
14.797,0.0809773
14.798,0.0809804
14.799,0.0809834
14.8,0.0809864
14.801,0.0809894
14.802,0.0809925
14.803,0.0809955
14.804,0.0809985
14.805,0.0810015
14.806,0.0810046
14.807,0.0810076
14.808,0.0810106
14.809,0.0810136
14.81,0.0810167
14.811,0.0810197
14.812,0.0810227
14.813,0.0810257
14.814,0.0810288
14.815,0.0810318
14.816,0.0810348
14.817,0.0810378
14.818,0.0810409
14.819,0.0810439
14.82,0.0810469
14.821,0.0810499
14.822,0.0810529
14.823,0.081056
14.824,0.081059
14.825,0.081062
14.826,0.081065
14.827,0.081068
14.828,0.0810711
14.829,0.0810741
14.83,0.0810771
14.831,0.0810801
14.832,0.0810831
14.833,0.0810862
14.834,0.0810892
14.835,0.0810922
14.836,0.0810952
14.837,0.0810982
14.838,0.0811012
14.839,0.0811043
14.84,0.0811073
14.841,0.0811103
14.842,0.0811133
14.843,0.0811163
14.844,0.0811193
14.845,0.0811224
14.846,0.0811254
14.847,0.0811284
14.848,0.0811314
14.849,0.0811344
14.85,0.0811374
14.851,0.0811404
14.852,0.0811435
14.853,0.0811465
14.854,0.0811495
14.855,0.0811525
14.856,0.0811555
14.857,0.0811585
14.858,0.0811615
14.859,0.0811645
14.86,0.0811676
14.861,0.0811706
14.862,0.0811736
14.863,0.0811766
14.864,0.0811796
14.865,0.0811826
14.866,0.0811856
14.867,0.0811886
14.868,0.0811916
14.869,0.0811946
14.87,0.0811976
14.871,0.0812007
14.872,0.0812037
14.873,0.0812067
14.874,0.0812097
14.875,0.0812127
14.876,0.0812157
14.877,0.0812187
14.878,0.0812217
14.879,0.0812247
14.88,0.0812277
14.881,0.0812307
14.882,0.0812337
14.883,0.0812367
14.884,0.0812397
14.885,0.0812427
14.886,0.0812457
14.887,0.0812488
14.888,0.0812518
14.889,0.0812548
14.89,0.0812578
14.891,0.0812608
14.892,0.0812638
14.893,0.0812668
14.894,0.0812698
14.895,0.0812728
14.896,0.0812758
14.897,0.0812788
14.898,0.0812818
14.899,0.0812848
14.9,0.0812878
14.901,0.0812908
14.902,0.0812938
14.903,0.0812968
14.904,0.0812998
14.905,0.0813028
14.906,0.0813058
14.907,0.0813088
14.908,0.0813118
14.909,0.0813148
14.91,0.0813178
14.911,0.0813208
14.912,0.0813238
14.913,0.0813268
14.914,0.0813298
14.915,0.0813328
14.916,0.0813358
14.917,0.0813387
14.918,0.0813417
14.919,0.0813447
14.92,0.0813477
14.921,0.0813507
14.922,0.0813537
14.923,0.0813567
14.924,0.0813597
14.925,0.0813627
14.926,0.0813657
14.927,0.0813687
14.928,0.0813717
14.929,0.0813747
14.93,0.0813777
14.931,0.0813807
14.932,0.0813837
14.933,0.0813867
14.934,0.0813896
14.935,0.0813926
14.936,0.0813956
14.937,0.0813986
14.938,0.0814016
14.939,0.0814046
14.94,0.0814076
14.941,0.0814106
14.942,0.0814136
14.943,0.0814166
14.944,0.0814195
14.945,0.0814225
14.946,0.0814255
14.947,0.0814285
14.948,0.0814315
14.949,0.0814345
14.95,0.0814375
14.951,0.0814405
14.952,0.0814434
14.953,0.0814464
14.954,0.0814494
14.955,0.0814524
14.956,0.0814554
14.957,0.0814584
14.958,0.0814614
14.959,0.0814643
14.96,0.0814673
14.961,0.0814703
14.962,0.0814733
14.963,0.0814763
14.964,0.0814793
14.965,0.0814823
14.966,0.0814852
14.967,0.0814882
14.968,0.0814912
14.969,0.0814942
14.97,0.0814972
14.971,0.0815001
14.972,0.0815031
14.973,0.0815061
14.974,0.0815091
14.975,0.0815121
14.976,0.0815151
14.977,0.081518
14.978,0.081521
14.979,0.081524
14.98,0.081527
14.981,0.08153
14.982,0.0815329
14.983,0.0815359
14.984,0.0815389
14.985,0.0815419
14.986,0.0815448
14.987,0.0815478
14.988,0.0815508
14.989,0.0815538
14.99,0.0815568
14.991,0.0815597
14.992,0.0815627
14.993,0.0815657
14.994,0.0815687
14.995,0.0815716
14.996,0.0815746
14.997,0.0815776
14.998,0.0815806
14.999,0.0815835
15,0.0815865
15.001,0.0815895
15.002,0.0815925
15.003,0.0815954
15.004,0.0815984
15.005,0.0816014
15.006,0.0816043
15.007,0.0816073
15.008,0.0816103
15.009,0.0816133
15.01,0.0816162
15.011,0.0816192
15.012,0.0816222
15.013,0.0816252
15.014,0.0816281
15.015,0.0816311
15.016,0.0816341
15.017,0.081637
15.018,0.08164
15.019,0.081643
15.02,0.0816459
15.021,0.0816489
15.022,0.0816519
15.023,0.0816548
15.024,0.0816578
15.025,0.0816608
15.026,0.0816637
15.027,0.0816667
15.028,0.0816697
15.029,0.0816726
15.03,0.0816756
15.031,0.0816786
15.032,0.0816815
15.033,0.0816845
15.034,0.0816875
15.035,0.0816904
15.036,0.0816934
15.037,0.0816964
15.038,0.0816993
15.039,0.0817023
15.04,0.0817053
15.041,0.0817082
15.042,0.0817112
15.043,0.0817142
15.044,0.0817171
15.045,0.0817201
15.046,0.081723
15.047,0.081726
15.048,0.081729
15.049,0.0817319
15.05,0.0817349
15.051,0.0817379
15.052,0.0817408
15.053,0.0817438
15.054,0.0817467
15.055,0.0817497
15.056,0.0817527
15.057,0.0817556
15.058,0.0817586
15.059,0.0817615
15.06,0.0817645
15.061,0.0817674
15.062,0.0817704
15.063,0.0817734
15.064,0.0817763
15.065,0.0817793
15.066,0.0817822
15.067,0.0817852
15.068,0.0817881
15.069,0.0817911
15.07,0.0817941
15.071,0.081797
15.072,0.0818
15.073,0.0818029
15.074,0.0818059
15.075,0.0818088
15.076,0.0818118
15.077,0.0818147
15.078,0.0818177
15.079,0.0818207
15.08,0.0818236
15.081,0.0818266
15.082,0.0818295
15.083,0.0818325
15.084,0.0818354
15.085,0.0818384
15.086,0.0818413
15.087,0.0818443
15.088,0.0818472
15.089,0.0818502
15.09,0.0818531
15.091,0.0818561
15.092,0.081859
15.093,0.081862
15.094,0.0818649
15.095,0.0818679
15.096,0.0818708
15.097,0.0818738
15.098,0.0818767
15.099,0.0818797
15.1,0.0818826
15.101,0.0818856
15.102,0.0818885
15.103,0.0818915
15.104,0.0818944
15.105,0.0818974
15.106,0.0819003
15.107,0.0819033
15.108,0.0819062
15.109,0.0819091
15.11,0.0819121
15.111,0.081915
15.112,0.081918
15.113,0.0819209
15.114,0.0819239
15.115,0.0819268
15.116,0.0819298
15.117,0.0819327
15.118,0.0819356
15.119,0.0819386
15.12,0.0819415
15.121,0.0819445
15.122,0.0819474
15.123,0.0819504
15.124,0.0819533
15.125,0.0819562
15.126,0.0819592
15.127,0.0819621
15.128,0.0819651
15.129,0.081968
15.13,0.0819709
15.131,0.0819739
15.132,0.0819768
15.133,0.0819798
15.134,0.0819827
15.135,0.0819856
15.136,0.0819886
15.137,0.0819915
15.138,0.0819945
15.139,0.0819974
15.14,0.0820003
15.141,0.0820033
15.142,0.0820062
15.143,0.0820091
15.144,0.0820121
15.145,0.082015
15.146,0.082018
15.147,0.0820209
15.148,0.0820238
15.149,0.0820268
15.15,0.0820297
15.151,0.0820326
15.152,0.0820356
15.153,0.0820385
15.154,0.0820414
15.155,0.0820444
15.156,0.0820473
15.157,0.0820502
15.158,0.0820532
15.159,0.0820561
15.16,0.082059
15.161,0.082062
15.162,0.0820649
15.163,0.0820678
15.164,0.0820708
15.165,0.0820737
15.166,0.0820766
15.167,0.0820796
15.168,0.0820825
15.169,0.0820854
15.17,0.0820884
15.171,0.0820913
15.172,0.0820942
15.173,0.0820971
15.174,0.0821001
15.175,0.082103
15.176,0.0821059
15.177,0.0821089
15.178,0.0821118
15.179,0.0821147
15.18,0.0821176
15.181,0.0821206
15.182,0.0821235
15.183,0.0821264
15.184,0.0821293
15.185,0.0821323
15.186,0.0821352
15.187,0.0821381
15.188,0.082141
15.189,0.082144
15.19,0.0821469
15.191,0.0821498
15.192,0.0821527
15.193,0.0821557
15.194,0.0821586
15.195,0.0821615
15.196,0.0821644
15.197,0.0821674
15.198,0.0821703
15.199,0.0821732
15.2,0.0821761
15.201,0.0821791
15.202,0.082182
15.203,0.0821849
15.204,0.0821878
15.205,0.0821907
15.206,0.0821937
15.207,0.0821966
15.208,0.0821995
15.209,0.0822024
15.21,0.0822053
15.211,0.0822083
15.212,0.0822112
15.213,0.0822141
15.214,0.082217
15.215,0.0822199
15.216,0.0822229
15.217,0.0822258
15.218,0.0822287
15.219,0.0822316
15.22,0.0822345
15.221,0.0822374
15.222,0.0822404
15.223,0.0822433
15.224,0.0822462
15.225,0.0822491
15.226,0.082252
15.227,0.0822549
15.228,0.0822579
15.229,0.0822608
15.23,0.0822637
15.231,0.0822666
15.232,0.0822695
15.233,0.0822724
15.234,0.0822753
15.235,0.0822783
15.236,0.0822812
15.237,0.0822841
15.238,0.082287
15.239,0.0822899
15.24,0.0822928
15.241,0.0822957
15.242,0.0822986
15.243,0.0823016
15.244,0.0823045
15.245,0.0823074
15.246,0.0823103
15.247,0.0823132
15.248,0.0823161
15.249,0.082319
15.25,0.0823219
15.251,0.0823248
15.252,0.0823277
15.253,0.0823307
15.254,0.0823336
15.255,0.0823365
15.256,0.0823394
15.257,0.0823423
15.258,0.0823452
15.259,0.0823481
15.26,0.082351
15.261,0.0823539
15.262,0.0823568
15.263,0.0823597
15.264,0.0823626
15.265,0.0823655
15.266,0.0823684
15.267,0.0823713
15.268,0.0823743
15.269,0.0823772
15.27,0.0823801
15.271,0.082383
15.272,0.0823859
15.273,0.0823888
15.274,0.0823917
15.275,0.0823946
15.276,0.0823975
15.277,0.0824004
15.278,0.0824033
15.279,0.0824062
15.28,0.0824091
15.281,0.082412
15.282,0.0824149
15.283,0.0824178
15.284,0.0824207
15.285,0.0824236
15.286,0.0824265
15.287,0.0824294
15.288,0.0824323
15.289,0.0824352
15.29,0.0824381
15.291,0.082441
15.292,0.0824439
15.293,0.0824468
15.294,0.0824497
15.295,0.0824526
15.296,0.0824555
15.297,0.0824584
15.298,0.0824613
15.299,0.0824642
15.3,0.0824671
15.301,0.08247
15.302,0.0824729
15.303,0.0824758
15.304,0.0824787
15.305,0.0824816
15.306,0.0824845
15.307,0.0824873
15.308,0.0824902
15.309,0.0824931
15.31,0.082496
15.311,0.0824989
15.312,0.0825018
15.313,0.0825047
15.314,0.0825076
15.315,0.0825105
15.316,0.0825134
15.317,0.0825163
15.318,0.0825192
15.319,0.0825221
15.32,0.082525
15.321,0.0825278
15.322,0.0825307
15.323,0.0825336
15.324,0.0825365
15.325,0.0825394
15.326,0.0825423
15.327,0.0825452
15.328,0.0825481
15.329,0.082551
15.33,0.0825539
15.331,0.0825567
15.332,0.0825596
15.333,0.0825625
15.334,0.0825654
15.335,0.0825683
15.336,0.0825712
15.337,0.0825741
15.338,0.082577
15.339,0.0825798
15.34,0.0825827
15.341,0.0825856
15.342,0.0825885
15.343,0.0825914
15.344,0.0825943
15.345,0.0825972
15.346,0.0826001
15.347,0.0826029
15.348,0.0826058
15.349,0.0826087
15.35,0.0826116
15.351,0.0826145
15.352,0.0826174
15.353,0.0826202
15.354,0.0826231
15.355,0.082626
15.356,0.0826289
15.357,0.0826318
15.358,0.0826347
15.359,0.0826375
15.36,0.0826404
15.361,0.0826433
15.362,0.0826462
15.363,0.0826491
15.364,0.0826519
15.365,0.0826548
15.366,0.0826577
15.367,0.0826606
15.368,0.0826635
15.369,0.0826663
15.37,0.0826692
15.371,0.0826721
15.372,0.082675
15.373,0.0826778
15.374,0.0826807
15.375,0.0826836
15.376,0.0826865
15.377,0.0826894
15.378,0.0826922
15.379,0.0826951
15.38,0.082698
15.381,0.0827009
15.382,0.0827037
15.383,0.0827066
15.384,0.0827095
15.385,0.0827124
15.386,0.0827152
15.387,0.0827181
15.388,0.082721
15.389,0.0827239
15.39,0.0827267
15.391,0.0827296
15.392,0.0827325
15.393,0.0827354
15.394,0.0827382
15.395,0.0827411
15.396,0.082744
15.397,0.0827468
15.398,0.0827497
15.399,0.0827526
15.4,0.0827555
15.401,0.0827583
15.402,0.0827612
15.403,0.0827641
15.404,0.0827669
15.405,0.0827698
15.406,0.0827727
15.407,0.0827756
15.408,0.0827784
15.409,0.0827813
15.41,0.0827842
15.411,0.082787
15.412,0.0827899
15.413,0.0827928
15.414,0.0827956
15.415,0.0827985
15.416,0.0828014
15.417,0.0828042
15.418,0.0828071
15.419,0.08281
15.42,0.0828128
15.421,0.0828157
15.422,0.0828186
15.423,0.0828214
15.424,0.0828243
15.425,0.0828272
15.426,0.08283
15.427,0.0828329
15.428,0.0828358
15.429,0.0828386
15.43,0.0828415
15.431,0.0828444
15.432,0.0828472
15.433,0.0828501
15.434,0.0828529
15.435,0.0828558
15.436,0.0828587
15.437,0.0828615
15.438,0.0828644
15.439,0.0828673
15.44,0.0828701
15.441,0.082873
15.442,0.0828758
15.443,0.0828787
15.444,0.0828816
15.445,0.0828844
15.446,0.0828873
15.447,0.0828901
15.448,0.082893
15.449,0.0828959
15.45,0.0828987
15.451,0.0829016
15.452,0.0829044
15.453,0.0829073
15.454,0.0829101
15.455,0.082913
15.456,0.0829159
15.457,0.0829187
15.458,0.0829216
15.459,0.0829244
15.46,0.0829273
15.461,0.0829301
15.462,0.082933
15.463,0.0829359
15.464,0.0829387
15.465,0.0829416
15.466,0.0829444
15.467,0.0829473
15.468,0.0829501
15.469,0.082953
15.47,0.0829558
15.471,0.0829587
15.472,0.0829615
15.473,0.0829644
15.474,0.0829673
15.475,0.0829701
15.476,0.082973
15.477,0.0829758
15.478,0.0829787
15.479,0.0829815
15.48,0.0829844
15.481,0.0829872
15.482,0.0829901
15.483,0.0829929
15.484,0.0829958
15.485,0.0829986
15.486,0.0830015
15.487,0.0830043
15.488,0.0830072
15.489,0.08301
15.49,0.0830129
15.491,0.0830157
15.492,0.0830186
15.493,0.0830214
15.494,0.0830243
15.495,0.0830271
15.496,0.08303
15.497,0.0830328
15.498,0.0830357
15.499,0.0830385
15.5,0.0830414
15.501,0.0830442
15.502,0.0830471
15.503,0.0830499
15.504,0.0830527
15.505,0.0830556
15.506,0.0830584
15.507,0.0830613
15.508,0.0830641
15.509,0.083067
15.51,0.0830698
15.511,0.0830727
15.512,0.0830755
15.513,0.0830784
15.514,0.0830812
15.515,0.083084
15.516,0.0830869
15.517,0.0830897
15.518,0.0830926
15.519,0.0830954
15.52,0.0830983
15.521,0.0831011
15.522,0.0831039
15.523,0.0831068
15.524,0.0831096
15.525,0.0831125
15.526,0.0831153
15.527,0.0831182
15.528,0.083121
15.529,0.0831238
15.53,0.0831267
15.531,0.0831295
15.532,0.0831324
15.533,0.0831352
15.534,0.0831381
15.535,0.0831409
15.536,0.0831437
15.537,0.0831466
15.538,0.0831494
15.539,0.0831523
15.54,0.0831551
15.541,0.0831579
15.542,0.0831608
15.543,0.0831636
15.544,0.0831665
15.545,0.0831693
15.546,0.0831721
15.547,0.083175
15.548,0.0831778
15.549,0.0831806
15.55,0.0831835
15.551,0.0831863
15.552,0.0831892
15.553,0.083192
15.554,0.0831948
15.555,0.0831977
15.556,0.0832005
15.557,0.0832034
15.558,0.0832062
15.559,0.083209
15.56,0.0832119
15.561,0.0832147
15.562,0.0832175
15.563,0.0832204
15.564,0.0832232
15.565,0.0832261
15.566,0.0832289
15.567,0.0832317
15.568,0.0832346
15.569,0.0832374
15.57,0.0832402
15.571,0.0832431
15.572,0.0832459
15.573,0.0832487
15.574,0.0832516
15.575,0.0832544
15.576,0.0832573
15.577,0.0832601
15.578,0.0832629
15.579,0.0832658
15.58,0.0832686
15.581,0.0832714
15.582,0.0832743
15.583,0.0832771
15.584,0.0832799
15.585,0.0832828
15.586,0.0832856
15.587,0.0832885
15.588,0.0832913
15.589,0.0832941
15.59,0.083297
15.591,0.0832998
15.592,0.0833026
15.593,0.0833055
15.594,0.0833083
15.595,0.0833112
15.596,0.083314
15.597,0.0833168
15.598,0.0833197
15.599,0.0833225
15.6,0.0833253
15.601,0.0833282
15.602,0.083331
15.603,0.0833339
15.604,0.0833367
15.605,0.0833395
15.606,0.0833424
15.607,0.0833452
15.608,0.083348
15.609,0.0833509
15.61,0.0833537
15.611,0.0833566
15.612,0.0833594
15.613,0.0833622
15.614,0.0833651
15.615,0.0833679
15.616,0.0833708
15.617,0.0833736
15.618,0.0833764
15.619,0.0833793
15.62,0.0833821
15.621,0.083385
15.622,0.0833878
15.623,0.0833907
15.624,0.0833935
15.625,0.0833963
15.626,0.0833992
15.627,0.083402
15.628,0.0834049
15.629,0.0834077
15.63,0.0834106
15.631,0.0834134
15.632,0.0834162
15.633,0.0834191
15.634,0.0834219
15.635,0.0834248
15.636,0.0834276
15.637,0.0834305
15.638,0.0834333
15.639,0.0834362
15.64,0.083439
15.641,0.0834419
15.642,0.0834447
15.643,0.0834476
15.644,0.0834504
15.645,0.0834533
15.646,0.0834561
15.647,0.083459
15.648,0.0834618
15.649,0.0834647
15.65,0.0834675
15.651,0.0834704
15.652,0.0834733
15.653,0.0834761
15.654,0.083479
15.655,0.0834818
15.656,0.0834847
15.657,0.0834875
15.658,0.0834904
15.659,0.0834933
15.66,0.0834961
15.661,0.083499
15.662,0.0835018
15.663,0.0835047
15.664,0.0835076
15.665,0.0835104
15.666,0.0835133
15.667,0.0835162
15.668,0.083519
15.669,0.0835219
15.67,0.0835248
15.671,0.0835276
15.672,0.0835305
15.673,0.0835334
15.674,0.0835363
15.675,0.0835391
15.676,0.083542
15.677,0.0835449
15.678,0.0835478
15.679,0.0835507
15.68,0.0835535
15.681,0.0835564
15.682,0.0835593
15.683,0.0835622
15.684,0.0835651
15.685,0.083568
15.686,0.0835708
15.687,0.0835737
15.688,0.0835766
15.689,0.0835795
15.69,0.0835824
15.691,0.0835853
15.692,0.0835882
15.693,0.0835911
15.694,0.083594
15.695,0.0835969
15.696,0.0835998
15.697,0.0836027
15.698,0.0836056
15.699,0.0836085
15.7,0.0836114
15.701,0.0836143
15.702,0.0836172
15.703,0.0836201
15.704,0.0836231
15.705,0.083626
15.706,0.0836289
15.707,0.0836318
15.708,0.0836347
15.709,0.0836377
15.71,0.0836406
15.711,0.0836435
15.712,0.0836464
15.713,0.0836494
15.714,0.0836523
15.715,0.0836552
15.716,0.0836582
15.717,0.0836611
15.718,0.0836641
15.719,0.083667
15.72,0.0836699
15.721,0.0836729
15.722,0.0836758
15.723,0.0836788
15.724,0.0836817
15.725,0.0836847
15.726,0.0836877
15.727,0.0836906
15.728,0.0836936
15.729,0.0836966
15.73,0.0836995
15.731,0.0837025
15.732,0.0837055
15.733,0.0837084
15.734,0.0837114
15.735,0.0837144
15.736,0.0837174
15.737,0.0837204
15.738,0.0837234
15.739,0.0837264
15.74,0.0837294
15.741,0.0837324
15.742,0.0837354
15.743,0.0837384
15.744,0.0837414
15.745,0.0837444
15.746,0.0837474
15.747,0.0837504
15.748,0.0837534
15.749,0.0837565
15.75,0.0837595
15.751,0.0837625
15.752,0.0837656
15.753,0.0837686
15.754,0.0837716
15.755,0.0837747
15.756,0.0837777
15.757,0.0837808
15.758,0.0837839
15.759,0.0837869
15.76,0.08379
15.761,0.083793
15.762,0.0837961
15.763,0.0837992
15.764,0.0838023
15.765,0.0838054
15.766,0.0838084
15.767,0.0838115
15.768,0.0838146
15.769,0.0838177
15.77,0.0838208
15.771,0.0838239
15.772,0.0838271
15.773,0.0838302
15.774,0.0838333
15.775,0.0838364
15.776,0.0838396
15.777,0.0838427
15.778,0.0838458
15.779,0.083849
15.78,0.0838521
15.781,0.0838553
15.782,0.0838584
15.783,0.0838616
15.784,0.0838648
15.785,0.083868
15.786,0.0838711
15.787,0.0838743
15.788,0.0838775
15.789,0.0838807
15.79,0.0838839
15.791,0.0838871
15.792,0.0838903
15.793,0.0838936
15.794,0.0838968
15.795,0.0839
15.796,0.0839033
15.797,0.0839065
15.798,0.0839098
15.799,0.083913
15.8,0.0839163
15.801,0.0839195
15.802,0.0839228
15.803,0.0839261
15.804,0.0839294
15.805,0.0839327
15.806,0.083936
15.807,0.0839393
15.808,0.0839426
15.809,0.0839459
15.81,0.0839492
15.811,0.0839526
15.812,0.0839559
15.813,0.0839593
15.814,0.0839626
15.815,0.083966
15.816,0.0839693
15.817,0.0839727
15.818,0.0839761
15.819,0.0839795
15.82,0.0839829
15.821,0.0839863
15.822,0.0839897
15.823,0.0839932
15.824,0.0839966
15.825,0.084
15.826,0.0840035
15.827,0.0840069
15.828,0.0840104
15.829,0.0840139
15.83,0.0840173
15.831,0.0840208
15.832,0.0840243
15.833,0.0840278
15.834,0.0840314
15.835,0.0840349
15.836,0.0840384
15.837,0.084042
15.838,0.0840455
15.839,0.0840491
15.84,0.0840527
15.841,0.0840562
15.842,0.0840598
15.843,0.0840634
15.844,0.084067
15.845,0.0840707
15.846,0.0840743
15.847,0.0840779
15.848,0.0840816
15.849,0.0840852
15.85,0.0840889
15.851,0.0840926
15.852,0.0840963
15.853,0.0841
15.854,0.0841037
15.855,0.0841074
15.856,0.0841112
15.857,0.0841149
15.858,0.0841187
15.859,0.0841225
15.86,0.0841262
15.861,0.08413
15.862,0.0841338
15.863,0.0841377
15.864,0.0841415
15.865,0.0841453
15.866,0.0841492
15.867,0.084153
15.868,0.0841569
15.869,0.0841608
15.87,0.0841647
15.871,0.0841686
15.872,0.0841726
15.873,0.0841765
15.874,0.0841805
15.875,0.0841844
15.876,0.0841884
15.877,0.0841924
15.878,0.0841964
15.879,0.0842004
15.88,0.0842045
15.881,0.0842085
15.882,0.0842126
15.883,0.0842167
15.884,0.0842208
15.885,0.0842249
15.886,0.084229
15.887,0.0842331
15.888,0.0842373
15.889,0.0842415
15.89,0.0842456
15.891,0.0842498
15.892,0.0842541
15.893,0.0842583
15.894,0.0842625
15.895,0.0842668
15.896,0.0842711
15.897,0.0842754
15.898,0.0842797
15.899,0.084284
15.9,0.0842884
15.901,0.0842927
15.902,0.0842971
15.903,0.0843015
15.904,0.0843059
15.905,0.0843103
15.906,0.0843148
15.907,0.0843192
15.908,0.0843237
15.909,0.0843282
15.91,0.0843327
15.911,0.0843373
15.912,0.0843418
15.913,0.0843464
15.914,0.084351
15.915,0.0843556
15.916,0.0843603
15.917,0.0843649
15.918,0.0843696
15.919,0.0843743
15.92,0.084379
15.921,0.0843837
15.922,0.0843885
15.923,0.0843932
15.924,0.084398
15.925,0.0844028
15.926,0.0844077
15.927,0.0844125
15.928,0.0844174
15.929,0.0844223
15.93,0.0844272
15.931,0.0844321
15.932,0.0844371
15.933,0.0844421
15.934,0.0844471
15.935,0.0844521
15.936,0.0844572
15.937,0.0844622
15.938,0.0844673
15.939,0.0844724
15.94,0.0844776
15.941,0.0844827
15.942,0.0844879
15.943,0.0844931
15.944,0.0844984
15.945,0.0845036
15.946,0.0845089
15.947,0.0845142
15.948,0.0845196
15.949,0.0845249
15.95,0.0845303
15.951,0.0845357
15.952,0.0845412
15.953,0.0845466
15.954,0.0845521
15.955,0.0845576
15.956,0.0845632
15.957,0.0845687
15.958,0.0845743
15.959,0.0845799
15.96,0.0845856
15.961,0.0845913
15.962,0.084597
15.963,0.0846027
15.964,0.0846085
15.965,0.0846142
15.966,0.0846201
15.967,0.0846259
15.968,0.0846318
15.969,0.0846377
15.97,0.0846436
15.971,0.0846496
15.972,0.0846556
15.973,0.0846616
15.974,0.0846676
15.975,0.0846737
15.976,0.0846798
15.977,0.084686
15.978,0.0846922
15.979,0.0846984
15.98,0.0847046
15.981,0.0847109
15.982,0.0847172
15.983,0.0847235
15.984,0.0847299
15.985,0.0847363
15.986,0.0847427
15.987,0.0847492
15.988,0.0847557
15.989,0.0847622
15.99,0.0847688
15.991,0.0847754
15.992,0.084782
15.993,0.0847887
15.994,0.0847954
15.995,0.0848021
15.996,0.0848089
15.997,0.0848157
15.998,0.0848226
15.999,0.0848295
16,0.0848364
16.001,0.0848434
16.002,0.0848503
16.003,0.0848574
16.004,0.0848645
16.005,0.0848716
16.006,0.0848787
16.007,0.0848859
16.008,0.0848931
16.009,0.0849004
16.01,0.0849077
16.011,0.084915
16.012,0.0849224
16.013,0.0849298
16.014,0.0849373
16.015,0.0849448
16.016,0.0849523
16.017,0.0849599
16.018,0.0849676
16.019,0.0849752
16.02,0.0849829
16.021,0.0849907
16.022,0.0849985
16.023,0.0850063
16.024,0.0850142
16.025,0.0850221
16.026,0.0850301
16.027,0.0850381
16.028,0.0850462
16.029,0.0850543
16.03,0.0850624
16.031,0.0850706
16.032,0.0850789
16.033,0.0850871
16.034,0.0850955
16.035,0.0851038
16.036,0.0851123
16.037,0.0851207
16.038,0.0851293
16.039,0.0851378
16.04,0.0851464
16.041,0.0851551
16.042,0.0851638
16.043,0.0851726
16.044,0.0851814
16.045,0.0851902
16.046,0.0851991
16.047,0.0852081
16.048,0.0852171
16.049,0.0852262
16.05,0.0852353
16.051,0.0852445
16.052,0.0852537
16.053,0.0852629
16.054,0.0852723
16.055,0.0852816
16.056,0.0852911
16.057,0.0853005
16.058,0.0853101
16.059,0.0853197
16.06,0.0853293
16.061,0.085339
16.062,0.0853487
16.063,0.0853586
16.064,0.0853684
16.065,0.0853783
16.066,0.0853883
16.067,0.0853984
16.068,0.0854084
16.069,0.0854186
16.07,0.0854288
16.071,0.0854391
16.072,0.0854494
16.073,0.0854598
16.074,0.0854702
16.075,0.0854807
16.076,0.0854913
16.077,0.0855019
16.078,0.0855126
16.079,0.0855234
16.08,0.0855342
16.081,0.085545
16.082,0.085556
16.083,0.085567
16.084,0.085578
16.085,0.0855892
16.086,0.0856003
16.087,0.0856116
16.088,0.0856229
16.089,0.0856343
16.09,0.0856457
16.091,0.0856573
16.092,0.0856688
16.093,0.0856805
16.094,0.0856922
16.095,0.085704
16.096,0.0857158
16.097,0.0857278
16.098,0.0857397
16.099,0.0857518
16.1,0.0857639
16.101,0.0857761
16.102,0.0857884
16.103,0.0858007
16.104,0.0858131
16.105,0.0858256
16.106,0.0858382
16.107,0.0858508
16.108,0.0858635
16.109,0.0858763
16.11,0.0858891
16.111,0.085902
16.112,0.085915
16.113,0.0859281
16.114,0.0859413
16.115,0.0859545
16.116,0.0859678
16.117,0.0859812
16.118,0.0859946
16.119,0.0860081
16.12,0.0860218
16.121,0.0860354
16.122,0.0860492
16.123,0.0860631
16.124,0.086077
16.125,0.086091
16.126,0.0861051
16.127,0.0861192
16.128,0.0861335
16.129,0.0861478
16.13,0.0861622
16.131,0.0861767
16.132,0.0861913
16.133,0.086206
16.134,0.0862207
16.135,0.0862356
16.136,0.0862505
16.137,0.0862655
16.138,0.0862806
16.139,0.0862958
16.14,0.0863111
16.141,0.0863264
16.142,0.0863419
16.143,0.0863574
16.144,0.086373
16.145,0.0863887
16.146,0.0864045
16.147,0.0864204
16.148,0.0864364
16.149,0.0864525
16.15,0.0864687
16.151,0.0864849
16.152,0.0865013
16.153,0.0865177
16.154,0.0865343
16.155,0.0865509
16.156,0.0865676
16.157,0.0865845
16.158,0.0866014
16.159,0.0866184
16.16,0.0866355
16.161,0.0866528
16.162,0.0866701
16.163,0.0866875
16.164,0.086705
16.165,0.0867226
16.166,0.0867403
16.167,0.0867582
16.168,0.0867761
16.169,0.0867941
16.17,0.0868122
16.171,0.0868304
16.172,0.0868488
16.173,0.0868672
16.174,0.0868858
16.175,0.0869044
16.176,0.0869231
16.177,0.086942
16.178,0.086961
16.179,0.08698
16.18,0.0869992
16.181,0.0870185
16.182,0.0870379
16.183,0.0870574
16.184,0.087077
16.185,0.0870968
16.186,0.0871166
16.187,0.0871366
16.188,0.0871566
16.189,0.0871768
16.19,0.0871971
16.191,0.0872175
16.192,0.087238
16.193,0.0872587
16.194,0.0872794
16.195,0.0873003
16.196,0.0873213
16.197,0.0873424
16.198,0.0873636
16.199,0.0873849
16.2,0.0874064
16.201,0.087428
16.202,0.0874497
16.203,0.0874715
16.204,0.0874935
16.205,0.0875155
16.206,0.0875377
16.207,0.08756
16.208,0.0875825
16.209,0.0876051
16.21,0.0876277
16.211,0.0876506
16.212,0.0876735
16.213,0.0876966
16.214,0.0877198
16.215,0.0877431
16.216,0.0877666
16.217,0.0877902
16.218,0.0878139
16.219,0.0878377
16.22,0.0878617
16.221,0.0878858
16.222,0.0879101
16.223,0.0879345
16.224,0.087959
16.225,0.0879837
16.226,0.0880085
16.227,0.0880334
16.228,0.0880584
16.229,0.0880836
16.23,0.088109
16.231,0.0881345
16.232,0.0881601
16.233,0.0881858
16.234,0.0882118
16.235,0.0882378
16.236,0.088264
16.237,0.0882903
16.238,0.0883168
16.239,0.0883434
16.24,0.0883702
16.241,0.0883971
16.242,0.0884241
16.243,0.0884513
16.244,0.0884787
16.245,0.0885062
16.246,0.0885338
16.247,0.0885616
16.248,0.0885896
16.249,0.0886177
16.25,0.088646
16.251,0.0886744
16.252,0.0887029
16.253,0.0887316
16.254,0.0887605
16.255,0.0887895
16.256,0.0888187
16.257,0.0888481
16.258,0.0888776
16.259,0.0889072
16.26,0.088937
16.261,0.088967
16.262,0.0889972
16.263,0.0890275
16.264,0.0890579
16.265,0.0890885
16.266,0.0891193
16.267,0.0891503
16.268,0.0891814
16.269,0.0892127
16.27,0.0892441
16.271,0.0892758
16.272,0.0893076
16.273,0.0893395
16.274,0.0893716
16.275,0.0894039
16.276,0.0894364
16.277,0.0894691
16.278,0.0895019
16.279,0.0895349
16.28,0.089568
16.281,0.0896014
16.282,0.0896349
16.283,0.0896686
16.284,0.0897024
16.285,0.0897365
16.286,0.0897707
16.287,0.0898051
16.288,0.0898397
16.289,0.0898745
16.29,0.0899094
16.291,0.0899446
16.292,0.0899799
16.293,0.0900154
16.294,0.0900511
16.295,0.090087
16.296,0.090123
16.297,0.0901593
16.298,0.0901957
16.299,0.0902324
16.3,0.0902692
16.301,0.0903062
16.302,0.0903434
16.303,0.0903808
16.304,0.0904184
16.305,0.0904562
16.306,0.0904942
16.307,0.0905324
16.308,0.0905707
16.309,0.0906093
16.31,0.0906481
16.311,0.0906871
16.312,0.0907262
16.313,0.0907656
16.314,0.0908052
16.315,0.090845
16.316,0.090885
16.317,0.0909252
16.318,0.0909656
16.319,0.0910062
16.32,0.091047
16.321,0.091088
16.322,0.0911293
16.323,0.0911707
16.324,0.0912124
16.325,0.0912542
16.326,0.0912963
16.327,0.0913386
16.328,0.0913811
16.329,0.0914238
16.33,0.0914668
16.331,0.0915099
16.332,0.0915533
16.333,0.0915969
16.334,0.0916407
16.335,0.0916848
16.336,0.091729
16.337,0.0917735
16.338,0.0918182
16.339,0.0918632
16.34,0.0919083
16.341,0.0919537
16.342,0.0919993
16.343,0.0920452
16.344,0.0920912
16.345,0.0921375
16.346,0.0921841
16.347,0.0922309
16.348,0.0922779
16.349,0.0923251
16.35,0.0923726
16.351,0.0924203
16.352,0.0924682
16.353,0.0925164
16.354,0.0925648
16.355,0.0926135
16.356,0.0926624
16.357,0.0927115
16.358,0.0927609
16.359,0.0928106
16.36,0.0928605
16.361,0.0929106
16.362,0.092961
16.363,0.0930116
16.364,0.0930625
16.365,0.0931136
16.366,0.093165
16.367,0.0932166
16.368,0.0932685
16.369,0.0933206
16.37,0.093373
16.371,0.0934256
16.372,0.0934785
16.373,0.0935317
16.374,0.0935851
16.375,0.0936388
16.376,0.0936927
16.377,0.093747
16.378,0.0938014
16.379,0.0938562
16.38,0.0939112
16.381,0.0939664
16.382,0.094022
16.383,0.0940778
16.384,0.0941338
16.385,0.0941902
16.386,0.0942468
16.387,0.0943037
16.388,0.0943609
16.389,0.0944183
16.39,0.094476
16.391,0.094534
16.392,0.0945923
16.393,0.0946509
16.394,0.0947097
16.395,0.0947688
16.396,0.0948282
16.397,0.0948879
16.398,0.0949479
16.399,0.0950081
16.4,0.0950687
16.401,0.0951295
16.402,0.0951906
16.403,0.095252
16.404,0.0953137
16.405,0.0953757
16.406,0.095438
16.407,0.0955006
16.408,0.0955635
16.409,0.0956267
16.41,0.0956902
16.411,0.0957539
16.412,0.095818
16.413,0.0958824
16.414,0.0959471
16.415,0.0960121
16.416,0.0960774
16.417,0.096143
16.418,0.0962089
16.419,0.0962751
16.42,0.0963417
16.421,0.0964085
16.422,0.0964757
16.423,0.0965432
16.424,0.0966109
16.425,0.0966791
16.426,0.0967475
16.427,0.0968162
16.428,0.0968853
16.429,0.0969547
16.43,0.0970244
16.431,0.0970944
16.432,0.0971648
16.433,0.0972354
16.434,0.0973064
16.435,0.0973778
16.436,0.0974495
16.437,0.0975215
16.438,0.0975938
16.439,0.0976664
16.44,0.0977394
16.441,0.0978128
16.442,0.0978865
16.443,0.0979605
16.444,0.0980348
16.445,0.0981095
16.446,0.0981846
16.447,0.0982599
16.448,0.0983357
16.449,0.0984117
16.45,0.0984881
16.451,0.0985649
16.452,0.098642
16.453,0.0987195
16.454,0.0987973
16.455,0.0988755
16.456,0.098954
16.457,0.0990329
16.458,0.0991122
16.459,0.0991918
16.46,0.0992717
16.461,0.0993521
16.462,0.0994328
16.463,0.0995138
16.464,0.0995953
16.465,0.099677
16.466,0.0997592
16.467,0.0998417
16.468,0.0999246
16.469,0.100008
16.47,0.100092
16.471,0.100176
16.472,0.10026
16.473,0.100345
16.474,0.10043
16.475,0.100515
16.476,0.100601
16.477,0.100688
16.478,0.100774
16.479,0.100861
16.48,0.100949
16.481,0.101037
16.482,0.101125
16.483,0.101214
16.484,0.101303
16.485,0.101392
16.486,0.101482
16.487,0.101572
16.488,0.101663
16.489,0.101754
16.49,0.101845
16.491,0.101937
16.492,0.102029
16.493,0.102122
16.494,0.102215
16.495,0.102308
16.496,0.102402
16.497,0.102497
16.498,0.102591
16.499,0.102686
16.5,0.102782
16.501,0.102878
16.502,0.102974
16.503,0.103071
16.504,0.103168
16.505,0.103266
16.506,0.103364
16.507,0.103462
16.508,0.103561
16.509,0.103661
16.51,0.103761
16.511,0.103861
16.512,0.103961
16.513,0.104063
16.514,0.104164
16.515,0.104266
16.516,0.104368
16.517,0.104471
16.518,0.104575
16.519,0.104678
16.52,0.104782
16.521,0.104887
16.522,0.104992
16.523,0.105098
16.524,0.105204
16.525,0.10531
16.526,0.105417
16.527,0.105524
16.528,0.105632
16.529,0.105741
16.53,0.105849
16.531,0.105959
16.532,0.106068
16.533,0.106178
16.534,0.106289
16.535,0.1064
16.536,0.106512
16.537,0.106624
16.538,0.106736
16.539,0.106849
16.54,0.106963
16.541,0.107077
16.542,0.107191
16.543,0.107306
16.544,0.107421
16.545,0.107537
16.546,0.107654
16.547,0.107771
16.548,0.107888
16.549,0.108006
16.55,0.108124
16.551,0.108243
16.552,0.108362
16.553,0.108482
16.554,0.108603
16.555,0.108724
16.556,0.108845
16.557,0.108967
16.558,0.109089
16.559,0.109212
16.56,0.109336
16.561,0.10946
16.562,0.109584
16.563,0.109709
16.564,0.109835
16.565,0.109961
16.566,0.110087
16.567,0.110214
16.568,0.110342
16.569,0.11047
16.57,0.110599
16.571,0.110728
16.572,0.110858
16.573,0.110988
16.574,0.111119
16.575,0.11125
16.576,0.111382
16.577,0.111514
16.578,0.111647
16.579,0.111781
16.58,0.111915
16.581,0.11205
16.582,0.112185
16.583,0.112321
16.584,0.112457
16.585,0.112594
16.586,0.112731
16.587,0.112869
16.588,0.113008
16.589,0.113147
16.59,0.113287
16.591,0.113427
16.592,0.113568
16.593,0.113709
16.594,0.113851
16.595,0.113994
16.596,0.114137
16.597,0.114281
16.598,0.114425
16.599,0.11457
16.6,0.114715
16.601,0.114861
16.602,0.115008
16.603,0.115155
16.604,0.115303
16.605,0.115452
16.606,0.115601
16.607,0.11575
16.608,0.115901
16.609,0.116052
16.61,0.116203
16.611,0.116355
16.612,0.116508
16.613,0.116661
16.614,0.116815
16.615,0.11697
16.616,0.117125
16.617,0.117281
16.618,0.117437
16.619,0.117594
16.62,0.117752
16.621,0.11791
16.622,0.118069
16.623,0.118229
16.624,0.118389
16.625,0.11855
16.626,0.118712
16.627,0.118874
16.628,0.119037
16.629,0.1192
16.63,0.119364
16.631,0.119529
16.632,0.119694
16.633,0.11986
16.634,0.120027
16.635,0.120194
16.636,0.120363
16.637,0.120531
16.638,0.120701
16.639,0.120871
16.64,0.121041
16.641,0.121213
16.642,0.121385
16.643,0.121558
16.644,0.121731
16.645,0.121905
16.646,0.12208
16.647,0.122256
16.648,0.122432
16.649,0.122609
16.65,0.122786
16.651,0.122965
16.652,0.123144
16.653,0.123323
16.654,0.123504
16.655,0.123685
16.656,0.123866
16.657,0.124049
16.658,0.124232
16.659,0.124416
16.66,0.124601
16.661,0.124786
16.662,0.124972
16.663,0.125159
16.664,0.125347
16.665,0.125535
16.666,0.125724
16.667,0.125914
16.668,0.126104
16.669,0.126295
16.67,0.126487
16.671,0.12668
16.672,0.126873
16.673,0.127068
16.674,0.127263
16.675,0.127458
16.676,0.127655
16.677,0.127852
16.678,0.12805
16.679,0.128249
16.68,0.128448
16.681,0.128649
16.682,0.12885
16.683,0.129051
16.684,0.129254
16.685,0.129457
16.686,0.129662
16.687,0.129867
16.688,0.130072
16.689,0.130279
16.69,0.130486
16.691,0.130694
16.692,0.130903
16.693,0.131113
16.694,0.131323
16.695,0.131535
16.696,0.131747
16.697,0.13196
16.698,0.132173
16.699,0.132388
16.7,0.132603
16.701,0.132819
16.702,0.133036
16.703,0.133254
16.704,0.133473
16.705,0.133692
16.706,0.133913
16.707,0.134134
16.708,0.134356
16.709,0.134579
16.71,0.134802
16.711,0.135027
16.712,0.135252
16.713,0.135479
16.714,0.135706
16.715,0.135934
16.716,0.136162
16.717,0.136392
16.718,0.136623
16.719,0.136854
16.72,0.137086
16.721,0.13732
16.722,0.137554
16.723,0.137788
16.724,0.138024
16.725,0.138261
16.726,0.138498
16.727,0.138737
16.728,0.138976
16.729,0.139217
16.73,0.139458
16.731,0.1397
16.732,0.139943
16.733,0.140186
16.734,0.140431
16.735,0.140677
16.736,0.140924
16.737,0.141171
16.738,0.14142
16.739,0.141669
16.74,0.141919
16.741,0.14217
16.742,0.142423
16.743,0.142676
16.744,0.14293
16.745,0.143185
16.746,0.143441
16.747,0.143698
16.748,0.143955
16.749,0.144214
16.75,0.144474
16.751,0.144735
16.752,0.144996
16.753,0.145259
16.754,0.145523
16.755,0.145787
16.756,0.146053
16.757,0.146319
16.758,0.146587
16.759,0.146855
16.76,0.147125
16.761,0.147395
16.762,0.147667
16.763,0.147939
16.764,0.148213
16.765,0.148487
16.766,0.148763
16.767,0.149039
16.768,0.149317
16.769,0.149595
16.77,0.149875
16.771,0.150156
16.772,0.150437
16.773,0.15072
16.774,0.151004
16.775,0.151288
16.776,0.151574
16.777,0.151861
16.778,0.152149
16.779,0.152438
16.78,0.152728
16.781,0.153019
16.782,0.153311
16.783,0.153604
16.784,0.153898
16.785,0.154193
16.786,0.15449
16.787,0.154787
16.788,0.155086
16.789,0.155385
16.79,0.155686
16.791,0.155988
16.792,0.156291
16.793,0.156595
16.794,0.1569
16.795,0.157206
16.796,0.157513
16.797,0.157822
16.798,0.158131
16.799,0.158442
16.8,0.158754
16.801,0.159067
16.802,0.159381
16.803,0.159696
16.804,0.160012
16.805,0.16033
16.806,0.160648
16.807,0.160968
16.808,0.161289
16.809,0.161611
16.81,0.161934
16.811,0.162258
16.812,0.162584
16.813,0.16291
16.814,0.163238
16.815,0.163567
16.816,0.163898
16.817,0.164229
16.818,0.164562
16.819,0.164895
16.82,0.16523
16.821,0.165567
16.822,0.165904
16.823,0.166243
16.824,0.166582
16.825,0.166923
16.826,0.167266
16.827,0.167609
16.828,0.167954
16.829,0.1683
16.83,0.168647
16.831,0.168995
16.832,0.169345
16.833,0.169696
16.834,0.170048
16.835,0.170401
16.836,0.170756
16.837,0.171112
16.838,0.171469
16.839,0.171827
16.84,0.172187
16.841,0.172548
16.842,0.17291
16.843,0.173274
16.844,0.173638
16.845,0.174005
16.846,0.174372
16.847,0.174741
16.848,0.175111
16.849,0.175482
16.85,0.175855
16.851,0.176229
16.852,0.176604
16.853,0.176981
16.854,0.177359
16.855,0.177738
16.856,0.178118
16.857,0.1785
16.858,0.178884
16.859,0.179268
16.86,0.179654
16.861,0.180042
16.862,0.18043
16.863,0.180821
16.864,0.181212
16.865,0.181605
16.866,0.181999
16.867,0.182395
16.868,0.182792
16.869,0.18319
16.87,0.18359
16.871,0.183991
16.872,0.184394
16.873,0.184798
16.874,0.185203
16.875,0.18561
16.876,0.186018
16.877,0.186428
16.878,0.186839
16.879,0.187252
16.88,0.187666
16.881,0.188081
16.882,0.188498
16.883,0.188916
16.884,0.189336
16.885,0.189757
16.886,0.19018
16.887,0.190604
16.888,0.19103
16.889,0.191457
16.89,0.191886
16.891,0.192316
16.892,0.192748
16.893,0.193181
16.894,0.193616
16.895,0.194052
16.896,0.19449
16.897,0.194929
16.898,0.19537
16.899,0.195812
16.9,0.196256
16.901,0.196701
16.902,0.197148
16.903,0.197597
16.904,0.198047
16.905,0.198498
16.906,0.198951
16.907,0.199406
16.908,0.199862
16.909,0.20032
16.91,0.20078
16.911,0.201241
16.912,0.201703
16.913,0.202167
16.914,0.202633
16.915,0.203101
16.916,0.20357
16.917,0.204041
16.918,0.204513
16.919,0.204987
16.92,0.205462
16.921,0.205939
16.922,0.206418
16.923,0.206899
16.924,0.207381
16.925,0.207865
16.926,0.20835
16.927,0.208837
16.928,0.209326
16.929,0.209817
16.93,0.210309
16.931,0.210803
16.932,0.211298
16.933,0.211796
16.934,0.212295
16.935,0.212795
16.936,0.213298
16.937,0.213802
16.938,0.214308
16.939,0.214815
16.94,0.215325
16.941,0.215836
16.942,0.216349
16.943,0.216863
16.944,0.21738
16.945,0.217898
16.946,0.218418
16.947,0.218939
16.948,0.219463
16.949,0.219988
16.95,0.220515
16.951,0.221044
16.952,0.221575
16.953,0.222107
16.954,0.222641
16.955,0.223178
16.956,0.223715
16.957,0.224255
16.958,0.224797
16.959,0.22534
16.96,0.225886
16.961,0.226433
16.962,0.226982
16.963,0.227533
16.964,0.228086
16.965,0.22864
16.966,0.229197
16.967,0.229755
16.968,0.230316
16.969,0.230878
16.97,0.231442
16.971,0.232008
16.972,0.232576
16.973,0.233146
16.974,0.233718
16.975,0.234292
16.976,0.234868
16.977,0.235445
16.978,0.236025
16.979,0.236607
16.98,0.23719
16.981,0.237776
16.982,0.238363
16.983,0.238953
16.984,0.239545
16.985,0.240138
16.986,0.240734
16.987,0.241331
16.988,0.241931
16.989,0.242533
16.99,0.243136
16.991,0.243742
16.992,0.24435
16.993,0.24496
16.994,0.245572
16.995,0.246186
16.996,0.246802
16.997,0.24742
16.998,0.24804
16.999,0.248662
17,0.249287
17.001,0.249913
17.002,0.250542
17.003,0.251173
17.004,0.251806
17.005,0.252441
17.006,0.253078
17.007,0.253717
17.008,0.254359
17.009,0.255002
17.01,0.255648
17.011,0.256296
17.012,0.256946
17.013,0.257599
17.014,0.258253
17.015,0.25891
17.016,0.259569
17.017,0.26023
17.018,0.260894
17.019,0.261559
17.02,0.262227
17.021,0.262897
17.022,0.26357
17.023,0.264244
17.024,0.264921
17.025,0.265601
17.026,0.266282
17.027,0.266966
17.028,0.267652
17.029,0.26834
17.03,0.269031
17.031,0.269724
17.032,0.270419
17.033,0.271117
17.034,0.271817
17.035,0.272519
17.036,0.273224
17.037,0.273931
17.038,0.274641
17.039,0.275353
17.04,0.276067
17.041,0.276783
17.042,0.277502
17.043,0.278224
17.044,0.278948
17.045,0.279674
17.046,0.280403
17.047,0.281134
17.048,0.281868
17.049,0.282604
17.05,0.283342
17.051,0.284083
17.052,0.284827
17.053,0.285573
17.054,0.286321
17.055,0.287072
17.056,0.287826
17.057,0.288582
17.058,0.28934
17.059,0.290102
17.06,0.290865
17.061,0.291631
17.062,0.2924
17.063,0.293172
17.064,0.293946
17.065,0.294722
17.066,0.295501
17.067,0.296283
17.068,0.297067
17.069,0.297854
17.07,0.298644
17.071,0.299436
17.072,0.300231
17.073,0.301028
17.074,0.301829
17.075,0.302632
17.076,0.303437
17.077,0.304245
17.078,0.305056
17.079,0.30587
17.08,0.306686
17.081,0.307506
17.082,0.308327
17.083,0.309152
17.084,0.309979
17.085,0.310809
17.086,0.311642
17.087,0.312478
17.088,0.313317
17.089,0.314158
17.09,0.315002
17.091,0.315849
17.092,0.316698
17.093,0.317551
17.094,0.318406
17.095,0.319265
17.096,0.320126
17.097,0.32099
17.098,0.321857
17.099,0.322726
17.1,0.323599
17.101,0.324475
17.102,0.325353
17.103,0.326235
17.104,0.327119
17.105,0.328006
17.106,0.328897
17.107,0.32979
17.108,0.330686
17.109,0.331586
17.11,0.332488
17.111,0.333393
17.112,0.334301
17.113,0.335213
17.114,0.336127
17.115,0.337044
17.116,0.337965
17.117,0.338888
17.118,0.339815
17.119,0.340745
17.12,0.341678
17.121,0.342613
17.122,0.343552
17.123,0.344495
17.124,0.34544
17.125,0.346388
17.126,0.34734
17.127,0.348295
17.128,0.349253
17.129,0.350214
17.13,0.351178
17.131,0.352146
17.132,0.353117
17.133,0.354091
17.134,0.355068
17.135,0.356049
17.136,0.357033
17.137,0.35802
17.138,0.35901
17.139,0.360004
17.14,0.361001
17.141,0.362001
17.142,0.363005
17.143,0.364012
17.144,0.365023
17.145,0.366036
17.146,0.367054
17.147,0.368074
17.148,0.369098
17.149,0.370125
17.15,0.371156
17.151,0.372191
17.152,0.373228
17.153,0.374269
17.154,0.375314
17.155,0.376362
17.156,0.377414
17.157,0.378469
17.158,0.379527
17.159,0.38059
17.16,0.381655
17.161,0.382725
17.162,0.383798
17.163,0.384874
17.164,0.385954
17.165,0.387038
17.166,0.388125
17.167,0.389216
17.168,0.39031
17.169,0.391408
17.17,0.39251
17.171,0.393616
17.172,0.394725
17.173,0.395838
17.174,0.396954
17.175,0.398075
17.176,0.399199
17.177,0.400326
17.178,0.401458
17.179,0.402593
17.18,0.403733
17.181,0.404875
17.182,0.406022
17.183,0.407173
17.184,0.408327
17.185,0.409485
17.186,0.410648
17.187,0.411814
17.188,0.412984
17.189,0.414157
17.19,0.415335
17.191,0.416517
17.192,0.417702
17.193,0.418892
17.194,0.420085
17.195,0.421283
17.196,0.422485
17.197,0.42369
17.198,0.4249
17.199,0.426113
17.2,0.427331
17.201,0.428553
17.202,0.429778
17.203,0.431008
17.204,0.432242
17.205,0.43348
17.206,0.434723
17.207,0.435969
17.208,0.43722
17.209,0.438474
17.21,0.439733
17.211,0.440996
17.212,0.442264
17.213,0.443535
17.214,0.444811
17.215,0.446091
17.216,0.447375
17.217,0.448664
17.218,0.449957
17.219,0.451254
17.22,0.452556
17.221,0.453862
17.222,0.455172
17.223,0.456487
17.224,0.457806
17.225,0.459129
17.226,0.460457
17.227,0.461789
17.228,0.463126
17.229,0.464467
17.23,0.465813
17.231,0.467163
17.232,0.468518
17.233,0.469877
17.234,0.471241
17.235,0.472609
17.236,0.473982
17.237,0.475359
17.238,0.476741
17.239,0.478128
17.24,0.479519
17.241,0.480915
17.242,0.482316
17.243,0.483721
17.244,0.485131
17.245,0.486545
17.246,0.487965
17.247,0.489389
17.248,0.490818
17.249,0.492251
17.25,0.49369
17.251,0.495133
17.252,0.496581
17.253,0.498034
17.254,0.499491
17.255,0.500954
17.256,0.502421
17.257,0.503893
17.258,0.505371
17.259,0.506853
17.26,0.50834
17.261,0.509832
17.262,0.511329
17.263,0.512831
17.264,0.514338
17.265,0.51585
17.266,0.517367
17.267,0.518889
17.268,0.520416
17.269,0.521949
17.27,0.523486
17.271,0.525028
17.272,0.526576
17.273,0.528129
17.274,0.529687
17.275,0.53125
17.276,0.532818
17.277,0.534392
17.278,0.535971
17.279,0.537555
17.28,0.539144
17.281,0.540739
17.282,0.542338
17.283,0.543944
17.284,0.545554
17.285,0.54717
17.286,0.548791
17.287,0.550418
17.288,0.55205
17.289,0.553688
17.29,0.555331
17.291,0.556979
17.292,0.558633
17.293,0.560292
17.294,0.561957
17.295,0.563628
17.296,0.565304
17.297,0.566985
17.298,0.568672
17.299,0.570365
17.3,0.572064
17.301,0.573768
17.302,0.575477
17.303,0.577192
17.304,0.578913
17.305,0.58064
17.306,0.582373
17.307,0.584111
17.308,0.585855
17.309,0.587604
17.31,0.58936
17.311,0.591121
17.312,0.592888
17.313,0.594661
17.314,0.59644
17.315,0.598225
17.316,0.600016
17.317,0.601812
17.318,0.603615
17.319,0.605423
17.32,0.607238
17.321,0.609058
17.322,0.610885
17.323,0.612717
17.324,0.614556
17.325,0.616401
17.326,0.618251
17.327,0.620108
17.328,0.621971
17.329,0.62384
17.33,0.625716
17.331,0.627597
17.332,0.629485
17.333,0.631379
17.334,0.633279
17.335,0.635185
17.336,0.637098
17.337,0.639017
17.338,0.640943
17.339,0.642874
17.34,0.644812
17.341,0.646757
17.342,0.648708
17.343,0.650665
17.344,0.652628
17.345,0.654599
17.346,0.656575
17.347,0.658558
17.348,0.660548
17.349,0.662544
17.35,0.664547
17.351,0.666556
17.352,0.668572
17.353,0.670595
17.354,0.672624
17.355,0.67466
17.356,0.676702
17.357,0.678751
17.358,0.680807
17.359,0.68287
17.36,0.684939
17.361,0.687015
17.362,0.689098
17.363,0.691188
17.364,0.693284
17.365,0.695388
17.366,0.697498
17.367,0.699615
17.368,0.70174
17.369,0.703871
17.37,0.706009
17.371,0.708154
17.372,0.710306
17.373,0.712465
17.374,0.714631
17.375,0.716804
17.376,0.718984
17.377,0.721172
17.378,0.723366
17.379,0.725568
17.38,0.727777
17.381,0.729993
17.382,0.732216
17.383,0.734446
17.384,0.736684
17.385,0.738929
17.386,0.741181
17.387,0.743441
17.388,0.745707
17.389,0.747982
17.39,0.750263
17.391,0.752552
17.392,0.754849
17.393,0.757153
17.394,0.759464
17.395,0.761783
17.396,0.764109
17.397,0.766443
17.398,0.768785
17.399,0.771134
17.4,0.77349
17.401,0.775855
17.402,0.778226
17.403,0.780606
17.404,0.782993
17.405,0.785388
17.406,0.787791
17.407,0.790201
17.408,0.792619
17.409,0.795045
17.41,0.797479
17.411,0.799921
17.412,0.802371
17.413,0.804828
17.414,0.807293
17.415,0.809767
17.416,0.812248
17.417,0.814737
17.418,0.817234
17.419,0.819739
17.42,0.822253
17.421,0.824774
17.422,0.827303
17.423,0.829841
17.424,0.832387
17.425,0.834941
17.426,0.837503
17.427,0.840073
17.428,0.842651
17.429,0.845238
17.43,0.847833
17.431,0.850437
17.432,0.853048
17.433,0.855668
17.434,0.858297
17.435,0.860933
17.436,0.863579
17.437,0.866232
17.438,0.868894
17.439,0.871565
17.44,0.874244
17.441,0.876932
17.442,0.879628
17.443,0.882333
17.444,0.885046
17.445,0.887769
17.446,0.890499
17.447,0.893239
17.448,0.895987
17.449,0.898744
17.45,0.90151
17.451,0.904284
17.452,0.907067
17.453,0.909859
17.454,0.91266
17.455,0.91547
17.456,0.918289
17.457,0.921117
17.458,0.923953
17.459,0.926799
17.46,0.929654
17.461,0.932518
17.462,0.93539
17.463,0.938272
17.464,0.941163
17.465,0.944063
17.466,0.946973
17.467,0.949891
17.468,0.952819
17.469,0.955756
17.47,0.958702
17.471,0.961658
17.472,0.964623
17.473,0.967597
17.474,0.970581
17.475,0.973574
17.476,0.976576
17.477,0.979588
17.478,0.982609
17.479,0.98564
17.48,0.988681
17.481,0.991731
17.482,0.99479
17.483,0.99786
17.484,1.00094
17.485,1.00403
17.486,1.00713
17.487,1.01023
17.488,1.01335
17.489,1.01648
17.49,1.01962
17.491,1.02276
17.492,1.02592
17.493,1.02909
17.494,1.03226
17.495,1.03545
17.496,1.03865
17.497,1.04185
17.498,1.04507
17.499,1.0483
17.5,1.05154
17.501,1.05478
17.502,1.05804
17.503,1.06131
17.504,1.06459
17.505,1.06787
17.506,1.07117
17.507,1.07448
17.508,1.0778
17.509,1.08113
17.51,1.08447
17.511,1.08782
17.512,1.09118
17.513,1.09455
17.514,1.09793
17.515,1.10132
17.516,1.10473
17.517,1.10814
17.518,1.11156
17.519,1.115
17.52,1.11844
17.521,1.1219
17.522,1.12536
17.523,1.12884
17.524,1.13233
17.525,1.13583
17.526,1.13934
17.527,1.14286
17.528,1.14639
17.529,1.14994
17.53,1.15349
17.531,1.15705
17.532,1.16063
17.533,1.16422
17.534,1.16781
17.535,1.17142
17.536,1.17504
17.537,1.17868
17.538,1.18232
17.539,1.18597
17.54,1.18964
17.541,1.19332
17.542,1.19701
17.543,1.2007
17.544,1.20442
17.545,1.20814
17.546,1.21187
17.547,1.21562
17.548,1.21938
17.549,1.22315
17.55,1.22693
17.551,1.23072
17.552,1.23452
17.553,1.23834
17.554,1.24217
17.555,1.24601
17.556,1.24986
17.557,1.25372
17.558,1.2576
17.559,1.26148
17.56,1.26538
17.561,1.2693
17.562,1.27322
17.563,1.27715
17.564,1.2811
17.565,1.28506
17.566,1.28903
17.567,1.29302
17.568,1.29702
17.569,1.30102
17.57,1.30505
17.571,1.30908
17.572,1.31313
17.573,1.31719
17.574,1.32126
17.575,1.32534
17.576,1.32944
17.577,1.33355
17.578,1.33767
17.579,1.3418
17.58,1.34595
17.581,1.35011
17.582,1.35428
17.583,1.35847
17.584,1.36267
17.585,1.36688
17.586,1.3711
17.587,1.37534
17.588,1.37959
17.589,1.38386
17.59,1.38813
17.591,1.39242
17.592,1.39673
17.593,1.40104
17.594,1.40537
17.595,1.40972
17.596,1.41407
17.597,1.41844
17.598,1.42283
17.599,1.42722
17.6,1.43163
17.601,1.43606
17.602,1.4405
17.603,1.44495
17.604,1.44941
17.605,1.45389
17.606,1.45838
17.607,1.46289
17.608,1.46741
17.609,1.47194
17.61,1.47649
17.611,1.48105
17.612,1.48563
17.613,1.49022
17.614,1.49483
17.615,1.49944
17.616,1.50408
17.617,1.50872
17.618,1.51339
17.619,1.51806
17.62,1.52275
17.621,1.52746
17.622,1.53218
17.623,1.53691
17.624,1.54166
17.625,1.54642
17.626,1.5512
17.627,1.55599
17.628,1.5608
17.629,1.56562
17.63,1.57045
17.631,1.5753
17.632,1.58017
17.633,1.58505
17.634,1.58995
17.635,1.59486
17.636,1.59979
17.637,1.60473
17.638,1.60968
17.639,1.61466
17.64,1.61964
17.641,1.62465
17.642,1.62966
17.643,1.6347
17.644,1.63975
17.645,1.64481
17.646,1.64989
17.647,1.65499
17.648,1.6601
17.649,1.66522
17.65,1.67037
17.651,1.67553
17.652,1.6807
17.653,1.68589
17.654,1.6911
17.655,1.69632
17.656,1.70156
17.657,1.70681
17.658,1.71208
17.659,1.71737
17.66,1.72267
17.661,1.72799
17.662,1.73333
17.663,1.73868
17.664,1.74405
17.665,1.74943
17.666,1.75483
17.667,1.76025
17.668,1.76569
17.669,1.77114
17.67,1.77661
17.671,1.78209
17.672,1.78759
17.673,1.79311
17.674,1.79865
17.675,1.8042
17.676,1.80977
17.677,1.81536
17.678,1.82096
17.679,1.82658
17.68,1.83222
17.681,1.83787
17.682,1.84355
17.683,1.84924
17.684,1.85495
17.685,1.86067
17.686,1.86641
17.687,1.87217
17.688,1.87795
17.689,1.88375
17.69,1.88956
17.691,1.89539
17.692,1.90124
17.693,1.90711
17.694,1.913
17.695,1.9189
17.696,1.92482
17.697,1.93076
17.698,1.93672
17.699,1.9427
17.7,1.94869
17.701,1.9547
17.702,1.96074
17.703,1.96679
17.704,1.97285
17.705,1.97894
17.706,1.98505
17.707,1.99117
17.708,1.99731
17.709,2.00348
17.71,2.00966
17.711,2.01586
17.712,2.02208
17.713,2.02831
17.714,2.03457
17.715,2.04085
17.716,2.04714
17.717,2.05346
17.718,2.05979
17.719,2.06614
17.72,2.07252
17.721,2.07891
17.722,2.08532
17.723,2.09175
17.724,2.0982
17.725,2.10467
17.726,2.11116
17.727,2.11768
17.728,2.12421
17.729,2.13076
17.73,2.13733
17.731,2.14392
17.732,2.15053
17.733,2.15716
17.734,2.16381
17.735,2.17048
17.736,2.17717
17.737,2.18388
17.738,2.19062
17.739,2.19737
17.74,2.20414
17.741,2.21094
17.742,2.21775
17.743,2.22459
17.744,2.23145
17.745,2.23832
17.746,2.24522
17.747,2.25214
17.748,2.25908
17.749,2.26604
17.75,2.27303
17.751,2.28003
17.752,2.28706
17.753,2.2941
17.754,2.30117
17.755,2.30826
17.756,2.31538
17.757,2.32251
17.758,2.32966
17.759,2.33684
17.76,2.34404
17.761,2.35126
17.762,2.3585
17.763,2.36577
17.764,2.37305
17.765,2.38036
17.766,2.38769
17.767,2.39505
17.768,2.40242
17.769,2.40982
17.77,2.41724
17.771,2.42468
17.772,2.43215
17.773,2.43964
17.774,2.44715
17.775,2.45468
17.776,2.46224
17.777,2.46982
17.778,2.47742
17.779,2.48505
17.78,2.4927
17.781,2.50037
17.782,2.50806
17.783,2.51578
17.784,2.52352
17.785,2.53129
17.786,2.53908
17.787,2.54689
17.788,2.55473
17.789,2.56258
17.79,2.57047
17.791,2.57838
17.792,2.58631
17.793,2.59426
17.794,2.60224
17.795,2.61024
17.796,2.61827
17.797,2.62632
17.798,2.6344
17.799,2.6425
17.8,2.65062
17.801,2.65877
17.802,2.66695
17.803,2.67515
17.804,2.68337
17.805,2.69162
17.806,2.69989
17.807,2.70819
17.808,2.71651
17.809,2.72486
17.81,2.73323
17.811,2.74163
17.812,2.75006
17.813,2.7585
17.814,2.76698
17.815,2.77548
17.816,2.784
17.817,2.79256
17.818,2.80113
17.819,2.80973
17.82,2.81836
17.821,2.82702
17.822,2.8357
17.823,2.8444
17.824,2.85314
17.825,2.8619
17.826,2.87068
17.827,2.87949
17.828,2.88833
17.829,2.89719
17.83,2.90609
17.831,2.915
17.832,2.92395
17.833,2.93292
17.834,2.94192
17.835,2.95094
17.836,2.95999
17.837,2.96907
17.838,2.97818
17.839,2.98731
17.84,2.99647
17.841,3.00566
17.842,3.01488
17.843,3.02412
17.844,3.03339
17.845,3.04269
17.846,3.05201
17.847,3.06137
17.848,3.07075
17.849,3.08016
17.85,3.0896
17.851,3.09906
17.852,3.10856
17.853,3.11808
17.854,3.12763
17.855,3.13721
17.856,3.14682
17.857,3.15646
17.858,3.16612
17.859,3.17582
17.86,3.18554
17.861,3.19529
17.862,3.20507
17.863,3.21488
17.864,3.22472
17.865,3.23459
17.866,3.24449
17.867,3.25442
17.868,3.26437
17.869,3.27436
17.87,3.28438
17.871,3.29442
17.872,3.3045
17.873,3.3146
17.874,3.32474
17.875,3.33491
17.876,3.3451
17.877,3.35533
17.878,3.36558
17.879,3.37587
17.88,3.38619
17.881,3.39654
17.882,3.40691
17.883,3.41732
17.884,3.42776
17.885,3.43823
17.886,3.44874
17.887,3.45927
17.888,3.46983
17.889,3.48043
17.89,3.49106
17.891,3.50172
17.892,3.51241
17.893,3.52313
17.894,3.53388
17.895,3.54466
17.896,3.55548
17.897,3.56633
17.898,3.57721
17.899,3.58812
17.9,3.59907
17.901,3.61005
17.902,3.62106
17.903,3.6321
17.904,3.64317
17.905,3.65428
17.906,3.66542
17.907,3.6766
17.908,3.6878
17.909,3.69904
17.91,3.71031
17.911,3.72162
17.912,3.73296
17.913,3.74433
17.914,3.75574
17.915,3.76718
17.916,3.77865
17.917,3.79016
17.918,3.8017
17.919,3.81327
17.92,3.82488
17.921,3.83653
17.922,3.8482
17.923,3.85991
17.924,3.87166
17.925,3.88344
17.926,3.89526
17.927,3.90711
17.928,3.91899
17.929,3.93091
17.93,3.94287
17.931,3.95486
17.932,3.96688
17.933,3.97894
17.934,3.99104
17.935,4.00317
17.936,4.01534
17.937,4.02754
17.938,4.03978
17.939,4.05206
17.94,4.06437
17.941,4.07671
17.942,4.0891
17.943,4.10152
17.944,4.11397
17.945,4.12647
17.946,4.139
17.947,4.15156
17.948,4.16417
17.949,4.17681
17.95,4.18949
17.951,4.2022
17.952,4.21495
17.953,4.22774
17.954,4.24057
17.955,4.25343
17.956,4.26634
17.957,4.27928
17.958,4.29226
17.959,4.30527
17.96,4.31833
17.961,4.33142
17.962,4.34455
17.963,4.35772
17.964,4.37093
17.965,4.38418
17.966,4.39747
17.967,4.41079
17.968,4.42416
17.969,4.43756
17.97,4.451
17.971,4.46449
17.972,4.47801
17.973,4.49157
17.974,4.50517
17.975,4.51882
17.976,4.5325
17.977,4.54622
17.978,4.55998
17.979,4.57379
17.98,4.58763
17.981,4.60152
17.982,4.61544
17.983,4.62941
17.984,4.64342
17.985,4.65747
17.986,4.67156
17.987,4.68569
17.988,4.69986
17.989,4.71408
17.99,4.72833
17.991,4.74263
17.992,4.75697
17.993,4.77136
17.994,4.78578
17.995,4.80025
17.996,4.81476
17.997,4.82932
17.998,4.84392
17.999,4.85856
18,4.87324
18.001,4.88797
18.002,4.90274
18.003,4.91755
18.004,4.93241
18.005,4.94731
18.006,4.96226
18.007,4.97725
18.008,4.99228
18.009,5.00736
18.01,5.02248
18.011,5.03765
18.012,5.05287
18.013,5.06812
18.014,5.08343
18.015,5.09878
18.016,5.11417
18.017,5.12961
18.018,5.1451
18.019,5.16063
18.02,5.17621
18.021,5.19184
18.022,5.20751
18.023,5.22323
18.024,5.23899
18.025,5.25481
18.026,5.27067
18.027,5.28657
18.028,5.30253
18.029,5.31853
18.03,5.33458
18.031,5.35068
18.032,5.36683
18.033,5.38302
18.034,5.39926
18.035,5.41556
18.036,5.4319
18.037,5.44829
18.038,5.46472
18.039,5.48121
18.04,5.49775
18.041,5.51434
18.042,5.53098
18.043,5.54767
18.044,5.5644
18.045,5.58119
18.046,5.59803
18.047,5.61492
18.048,5.63186
18.049,5.64886
18.05,5.6659
18.051,5.683
18.052,5.70015
18.053,5.71734
18.054,5.7346
18.055,5.7519
18.056,5.76926
18.057,5.78667
18.058,5.80413
18.059,5.82165
18.06,5.83922
18.061,5.85684
18.062,5.87452
18.063,5.89225
18.064,5.91004
18.065,5.92788
18.066,5.94577
18.067,5.96372
18.068,5.98173
18.069,5.99979
18.07,6.0179
18.071,6.03608
18.072,6.05431
18.073,6.07259
18.074,6.09093
18.075,6.10933
18.076,6.12778
18.077,6.1463
18.078,6.16487
18.079,6.18349
18.08,6.20218
18.081,6.22092
18.082,6.23972
18.083,6.25858
18.084,6.2775
18.085,6.29648
18.086,6.31552
18.087,6.33462
18.088,6.35377
18.089,6.37299
18.09,6.39227
18.091,6.41161
18.092,6.43101
18.093,6.45047
18.094,6.46999
18.095,6.48958
18.096,6.50922
18.097,6.52893
18.098,6.5487
18.099,6.56854
18.1,6.58843
18.101,6.60839
18.102,6.62842
18.103,6.64851
18.104,6.66866
18.105,6.68888
18.106,6.70916
18.107,6.7295
18.108,6.74992
18.109,6.77039
18.11,6.79094
18.111,6.81155
18.112,6.83223
18.113,6.85297
18.114,6.87378
18.115,6.89466
18.116,6.9156
18.117,6.93662
18.118,6.9577
18.119,6.97885
18.12,7.00007
18.121,7.02136
18.122,7.04272
18.123,7.06415
18.124,7.08565
18.125,7.10722
18.126,7.12886
18.127,7.15057
18.128,7.17236
18.129,7.19421
18.13,7.21614
18.131,7.23814
18.132,7.26022
18.133,7.28237
18.134,7.30459
18.135,7.32688
18.136,7.34925
18.137,7.3717
18.138,7.39422
18.139,7.41681
18.14,7.43948
18.141,7.46223
18.142,7.48505
18.143,7.50795
18.144,7.53093
18.145,7.55399
18.146,7.57712
18.147,7.60033
18.148,7.62362
18.149,7.64699
18.15,7.67044
18.151,7.69397
18.152,7.71757
18.153,7.74126
18.154,7.76503
18.155,7.78889
18.156,7.81282
18.157,7.83684
18.158,7.86093
18.159,7.88511
18.16,7.90938
18.161,7.93373
18.162,7.95816
18.163,7.98268
18.164,8.00728
18.165,8.03196
18.166,8.05674
18.167,8.0816
18.168,8.10654
18.169,8.13157
18.17,8.15669
18.171,8.1819
18.172,8.20719
18.173,8.23258
18.174,8.25805
18.175,8.28361
18.176,8.30927
18.177,8.33501
18.178,8.36084
18.179,8.38677
18.18,8.41278
18.181,8.43889
18.182,8.46509
18.183,8.49138
18.184,8.51777
18.185,8.54425
18.186,8.57082
18.187,8.59749
18.188,8.62425
18.189,8.65111
18.19,8.67806
18.191,8.70512
18.192,8.73226
18.193,8.75951
18.194,8.78685
18.195,8.81429
18.196,8.84183
18.197,8.86946
18.198,8.8972
18.199,8.92504
18.2,8.95297
18.201,8.98101
18.202,9.00915
18.203,9.03739
18.204,9.06573
18.205,9.09417
18.206,9.12272
18.207,9.15137
18.208,9.18012
18.209,9.20898
18.21,9.23794
18.211,9.26701
18.212,9.29618
18.213,9.32546
18.214,9.35484
18.215,9.38434
18.216,9.41394
18.217,9.44364
18.218,9.47346
18.219,9.50338
18.22,9.53341
18.221,9.56356
18.222,9.59381
18.223,9.62417
18.224,9.65464
18.225,9.68523
18.226,9.71593
18.227,9.74674
18.228,9.77766
18.229,9.80869
18.23,9.83984
18.231,9.8711
18.232,9.90248
18.233,9.93397
18.234,9.96558
18.235,9.9973
18.236,10.0291
18.237,10.0611
18.238,10.0932
18.239,10.1254
18.24,10.1577
18.241,10.1901
18.242,10.2226
18.243,10.2553
18.244,10.2881
18.245,10.321
18.246,10.354
18.247,10.3872
18.248,10.4204
18.249,10.4538
18.25,10.4873
18.251,10.521
18.252,10.5547
18.253,10.5886
18.254,10.6226
18.255,10.6567
18.256,10.691
18.257,10.7254
18.258,10.7599
18.259,10.7945
18.26,10.8293
18.261,10.8642
18.262,10.8992
18.263,10.9343
18.264,10.9696
18.265,11.005
18.266,11.0405
18.267,11.0762
18.268,11.112
18.269,11.1479
18.27,11.1839
18.271,11.2201
18.272,11.2564
18.273,11.2929
18.274,11.3295
18.275,11.3662
18.276,11.403
18.277,11.44
18.278,11.4771
18.279,11.5144
18.28,11.5518
18.281,11.5893
18.282,11.627
18.283,11.6648
18.284,11.7027
18.285,11.7408
18.286,11.779
18.287,11.8173
18.288,11.8558
18.289,11.8944
18.29,11.9332
18.291,11.9721
18.292,12.0112
18.293,12.0503
18.294,12.0897
18.295,12.1291
18.296,12.1688
18.297,12.2085
18.298,12.2484
18.299,12.2885
18.3,12.3287
18.301,12.369
18.302,12.4095
18.303,12.4501
18.304,12.4909
18.305,12.5318
18.306,12.5728
18.307,12.6141
18.308,12.6554
18.309,12.6969
18.31,12.7386
18.311,12.7804
18.312,12.8223
18.313,12.8645
18.314,12.9067
18.315,12.9491
18.316,12.9917
18.317,13.0344
18.318,13.0773
18.319,13.1203
18.32,13.1634
18.321,13.2068
18.322,13.2502
18.323,13.2939
18.324,13.3377
18.325,13.3816
18.326,13.4257
18.327,13.47
18.328,13.5144
18.329,13.559
18.33,13.6037
18.331,13.6486
18.332,13.6936
18.333,13.7388
18.334,13.7842
18.335,13.8297
18.336,13.8754
18.337,13.9213
18.338,13.9673
18.339,14.0135
18.34,14.0598
18.341,14.1063
18.342,14.153
18.343,14.1999
18.344,14.2469
18.345,14.294
18.346,14.3414
18.347,14.3889
18.348,14.4366
18.349,14.4844
18.35,14.5324
18.351,14.5806
18.352,14.6289
18.353,14.6775
18.354,14.7261
18.355,14.775
18.356,14.824
18.357,14.8733
18.358,14.9226
18.359,14.9722
18.36,15.0219
18.361,15.0718
18.362,15.1219
18.363,15.1722
18.364,15.2226
18.365,15.2733
18.366,15.3241
18.367,15.375
18.368,15.4262
18.369,15.4775
18.37,15.529
18.371,15.5807
18.372,15.6326
18.373,15.6847
18.374,15.737
18.375,15.7894
18.376,15.842
18.377,15.8948
18.378,15.9478
18.379,16.001
18.38,16.0544
18.381,16.1079
18.382,16.1617
18.383,16.2156
18.384,16.2698
18.385,16.3241
18.386,16.3786
18.387,16.4333
18.388,16.4882
18.389,16.5433
18.39,16.5986
18.391,16.6541
18.392,16.7098
18.393,16.7657
18.394,16.8218
18.395,16.8781
18.396,16.9346
18.397,16.9913
18.398,17.0482
18.399,17.1053
18.4,17.1626
18.401,17.2201
18.402,17.2779
18.403,17.3358
18.404,17.3939
18.405,17.4523
18.406,17.5108
18.407,17.5696
18.408,17.6286
18.409,17.6877
18.41,17.7472
18.411,17.8068
18.412,17.8666
18.413,17.9267
18.414,17.9869
18.415,18.0474
18.416,18.1081
18.417,18.169
18.418,18.2302
18.419,18.2916
18.42,18.3532
18.421,18.415
18.422,18.477
18.423,18.5393
18.424,18.6018
18.425,18.6645
18.426,18.7275
18.427,18.7907
18.428,18.8541
18.429,18.9177
18.43,18.9816
18.431,19.0458
18.432,19.1101
18.433,19.1747
18.434,19.2396
18.435,19.3046
18.436,19.37
18.437,19.4355
18.438,19.5013
18.439,19.5674
18.44,19.6337
18.441,19.7002
18.442,19.767
18.443,19.834
18.444,19.9013
18.445,19.9689
18.446,20.0367
18.447,20.1047
18.448,20.173
18.449,20.2416
18.45,20.3104
18.451,20.3795
18.452,20.4489
18.453,20.5185
18.454,20.5883
18.455,20.6585
18.456,20.7289
18.457,20.7995
18.458,20.8705
18.459,20.9417
18.46,21.0132
18.461,21.0849
18.462,21.1569
18.463,21.2292
18.464,21.3018
18.465,21.3747
18.466,21.4478
18.467,21.5212
18.468,21.5949
18.469,21.6689
18.47,21.7431
18.471,21.8177
18.472,21.8925
18.473,21.9677
18.474,22.0431
18.475,22.1188
18.476,22.1948
18.477,22.2711
18.478,22.3477
18.479,22.4246
18.48,22.5018
18.481,22.5793
18.482,22.6571
18.483,22.7351
18.484,22.8135
18.485,22.8922
18.486,22.9713
18.487,23.0506
18.488,23.1302
18.489,23.2102
18.49,23.2904
18.491,23.371
18.492,23.4519
18.493,23.5331
18.494,23.6146
18.495,23.6964
18.496,23.7786
18.497,23.861
18.498,23.9439
18.499,24.027
18.5,24.1104
18.501,24.1942
18.502,24.2783
18.503,24.3628
18.504,24.4475
18.505,24.5326
18.506,24.6181
18.507,24.7038
18.508,24.7899
18.509,24.8764
18.51,24.9632
18.511,25.0503
18.512,25.1378
18.513,25.2256
18.514,25.3137
18.515,25.4022
18.516,25.491
18.517,25.5802
18.518,25.6697
18.519,25.7596
18.52,25.8498
18.521,25.9404
18.522,26.0313
18.523,26.1226
18.524,26.2142
18.525,26.3062
18.526,26.3985
18.527,26.4912
18.528,26.5842
18.529,26.6776
18.53,26.7714
18.531,26.8655
18.532,26.9599
18.533,27.0547
18.534,27.1499
18.535,27.2454
18.536,27.3413
18.537,27.4376
18.538,27.5342
18.539,27.6311
18.54,27.7285
18.541,27.8261
18.542,27.9242
18.543,28.0226
18.544,28.1213
18.545,28.2204
18.546,28.3199
18.547,28.4197
18.548,28.5199
18.549,28.6204
18.55,28.7213
18.551,28.8226
18.552,28.9242
18.553,29.0261
18.554,29.1284
18.555,29.2311
18.556,29.3341
18.557,29.4374
18.558,29.5411
18.559,29.6452
18.56,29.7495
18.561,29.8543
18.562,29.9593
18.563,30.0647
18.564,30.1705
18.565,30.2765
18.566,30.3829
18.567,30.4897
18.568,30.5967
18.569,30.7041
18.57,30.8118
18.571,30.9198
18.572,31.0282
18.573,31.1368
18.574,31.2458
18.575,31.3551
18.576,31.4646
18.577,31.5745
18.578,31.6847
18.579,31.7951
18.58,31.9059
18.581,32.0169
18.582,32.1282
18.583,32.2398
18.584,32.3517
18.585,32.4638
18.586,32.5761
18.587,32.6888
18.588,32.8017
18.589,32.9148
18.59,33.0282
18.591,33.1418
18.592,33.2556
18.593,33.3696
18.594,33.4839
18.595,33.5983
18.596,33.713
18.597,33.8279
18.598,33.9429
18.599,34.0582
18.6,34.1736
18.601,34.2891
18.602,34.4049
18.603,34.5208
18.604,34.6368
18.605,34.7529
18.606,34.8692
18.607,34.9856
18.608,35.1021
18.609,35.2187
18.61,35.3354
18.611,35.4522
18.612,35.5691
18.613,35.686
18.614,35.803
18.615,35.92
18.616,36.037
18.617,36.1541
18.618,36.2712
18.619,36.3883
18.62,36.5053
18.621,36.6224
18.622,36.7394
18.623,36.8564
18.624,36.9734
18.625,37.0902
18.626,37.207
18.627,37.3237
18.628,37.4403
18.629,37.5568
18.63,37.6732
18.631,37.7895
18.632,37.9056
18.633,38.0215
18.634,38.1373
18.635,38.2529
18.636,38.3683
18.637,38.4835
18.638,38.5984
18.639,38.7132
18.64,38.8277
18.641,38.9419
18.642,39.0559
18.643,39.1695
18.644,39.2829
18.645,39.396
18.646,39.5087
18.647,39.6211
18.648,39.7332
18.649,39.8449
18.65,39.9563
18.651,40.0672
18.652,40.1777
18.653,40.2879
18.654,40.3976
18.655,40.5069
18.656,40.6157
18.657,40.7241
18.658,40.832
18.659,40.9394
18.66,41.0463
18.661,41.1527
18.662,41.2586
18.663,41.3639
18.664,41.4687
18.665,41.573
18.666,41.6766
18.667,41.7797
18.668,41.8822
18.669,41.9841
18.67,42.0854
18.671,42.1861
18.672,42.2862
18.673,42.3856
18.674,42.4843
18.675,42.5824
18.676,42.6798
18.677,42.7765
18.678,42.8726
18.679,42.9679
18.68,43.0626
18.681,43.1565
18.682,43.2497
18.683,43.3421
18.684,43.4339
18.685,43.5249
18.686,43.6151
18.687,43.7045
18.688,43.7932
18.689,43.8812
18.69,43.9683
18.691,44.0547
18.692,44.1403
18.693,44.225
18.694,44.309
18.695,44.3922
18.696,44.4745
18.697,44.5561
18.698,44.6368
18.699,44.7167
18.7,44.7958
18.701,44.8741
18.702,44.9515
18.703,45.0281
18.704,45.1039
18.705,45.1788
18.706,45.2529
18.707,45.3261
18.708,45.3985
18.709,45.4701
18.71,45.5408
18.711,45.6107
18.712,45.6797
18.713,45.7479
18.714,45.8153
18.715,45.8818
18.716,45.9475
18.717,46.0123
18.718,46.0763
18.719,46.1395
18.72,46.2018
18.721,46.2633
18.722,46.324
18.723,46.3839
18.724,46.4429
18.725,46.5011
18.726,46.5585
18.727,46.6151
18.728,46.6709
18.729,46.7258
18.73,46.78
18.731,46.8334
18.732,46.886
18.733,46.9378
18.734,46.9888
18.735,47.039
18.736,47.0885
18.737,47.1372
18.738,47.1851
18.739,47.2323
18.74,47.2788
18.741,47.3244
18.742,47.3694
18.743,47.4136
18.744,47.4571
18.745,47.4999
18.746,47.542
18.747,47.5833
18.748,47.624
18.749,47.6639
18.75,47.7032
18.751,47.7418
18.752,47.7797
18.753,47.817
18.754,47.8536
18.755,47.8895
18.756,47.9248
18.757,47.9595
18.758,47.9935
18.759,48.0269
18.76,48.0597
18.761,48.0919
18.762,48.1235
18.763,48.1544
18.764,48.1848
18.765,48.2147
18.766,48.2439
18.767,48.2726
18.768,48.3007
18.769,48.3282
18.77,48.3553
18.771,48.3818
18.772,48.4077
18.773,48.4331
18.774,48.4581
18.775,48.4825
18.776,48.5064
18.777,48.5298
18.778,48.5527
18.779,48.5752
18.78,48.5971
18.781,48.6186
18.782,48.6397
18.783,48.6603
18.784,48.6804
18.785,48.7001
18.786,48.7194
18.787,48.7383
18.788,48.7567
18.789,48.7747
18.79,48.7923
18.791,48.8095
18.792,48.8263
18.793,48.8428
18.794,48.8588
18.795,48.8745
18.796,48.8898
18.797,48.9047
18.798,48.9193
18.799,48.9335
18.8,48.9474
18.801,48.961
18.802,48.9742
18.803,48.987
18.804,48.9996
18.805,49.0118
18.806,49.0237
18.807,49.0353
18.808,49.0466
18.809,49.0576
18.81,49.0684
18.811,49.0788
18.812,49.0889
18.813,49.0988
18.814,49.1084
18.815,49.1177
18.816,49.1267
18.817,49.1355
18.818,49.1441
18.819,49.1523
18.82,49.1604
18.821,49.1682
18.822,49.1757
18.823,49.183
18.824,49.1901
18.825,49.197
18.826,49.2036
18.827,49.21
18.828,49.2162
18.829,49.2222
18.83,49.228
18.831,49.2335
18.832,49.2389
18.833,49.2441
18.834,49.249
18.835,49.2538
18.836,49.2584
18.837,49.2628
18.838,49.267
18.839,49.2711
18.84,49.2749
18.841,49.2786
18.842,49.2821
18.843,49.2855
18.844,49.2886
18.845,49.2916
18.846,49.2945
18.847,49.2972
18.848,49.2997
18.849,49.3021
18.85,49.3043
18.851,49.3064
18.852,49.3084
18.853,49.3102
18.854,49.3118
18.855,49.3133
18.856,49.3147
18.857,49.3159
18.858,49.317
18.859,49.318
18.86,49.3188
18.861,49.3195
18.862,49.3201
18.863,49.3205
18.864,49.3209
18.865,49.3211
18.866,49.3212
18.867,49.3211
18.868,49.321
18.869,49.3207
18.87,49.3204
18.871,49.3199
18.872,49.3193
18.873,49.3186
18.874,49.3178
18.875,49.3168
18.876,49.3158
18.877,49.3147
18.878,49.3134
18.879,49.3121
18.88,49.3106
18.881,49.3091
18.882,49.3075
18.883,49.3057
18.884,49.3039
18.885,49.302
18.886,49.2999
18.887,49.2978
18.888,49.2956
18.889,49.2933
18.89,49.2909
18.891,49.2885
18.892,49.2859
18.893,49.2832
18.894,49.2805
18.895,49.2776
18.896,49.2747
18.897,49.2717
18.898,49.2686
18.899,49.2655
18.9,49.2622
18.901,49.2589
18.902,49.2555
18.903,49.252
18.904,49.2484
18.905,49.2447
18.906,49.241
18.907,49.2372
18.908,49.2333
18.909,49.2293
18.91,49.2252
18.911,49.2211
18.912,49.2169
18.913,49.2126
18.914,49.2083
18.915,49.2038
18.916,49.1993
18.917,49.1947
18.918,49.1901
18.919,49.1854
18.92,49.1805
18.921,49.1757
18.922,49.1707
18.923,49.1657
18.924,49.1606
18.925,49.1555
18.926,49.1502
18.927,49.1449
18.928,49.1395
18.929,49.1341
18.93,49.1286
18.931,49.123
18.932,49.1173
18.933,49.1116
18.934,49.1058
18.935,49.1
18.936,49.094
18.937,49.088
18.938,49.0819
18.939,49.0758
18.94,49.0696
18.941,49.0633
18.942,49.057
18.943,49.0506
18.944,49.0441
18.945,49.0375
18.946,49.0309
18.947,49.0242
18.948,49.0175
18.949,49.0107
18.95,49.0038
18.951,48.9968
18.952,48.9898
18.953,48.9827
18.954,48.9756
18.955,48.9684
18.956,48.9611
18.957,48.9537
18.958,48.9463
18.959,48.9388
18.96,48.9313
18.961,48.9236
18.962,48.916
18.963,48.9082
18.964,48.9004
18.965,48.8925
18.966,48.8845
18.967,48.8765
18.968,48.8684
18.969,48.8603
18.97,48.8521
18.971,48.8438
18.972,48.8354
18.973,48.827
18.974,48.8185
18.975,48.81
18.976,48.8013
18.977,48.7926
18.978,48.7839
18.979,48.7751
18.98,48.7662
18.981,48.7572
18.982,48.7482
18.983,48.7391
18.984,48.7299
18.985,48.7207
18.986,48.7114
18.987,48.7021
18.988,48.6926
18.989,48.6831
18.99,48.6736
18.991,48.6639
18.992,48.6542
18.993,48.6445
18.994,48.6346
18.995,48.6247
18.996,48.6147
18.997,48.6047
18.998,48.5946
18.999,48.5844
19,48.5742
19.001,48.5638
19.002,48.5535
19.003,48.543
19.004,48.5325
19.005,48.5219
19.006,48.5112
19.007,48.5005
19.008,48.4897
19.009,48.4788
19.01,48.4679
19.011,48.4569
19.012,48.4458
19.013,48.4346
19.014,48.4234
19.015,48.4121
19.016,48.4008
19.017,48.3893
19.018,48.3778
19.019,48.3663
19.02,48.3546
19.021,48.3429
19.022,48.3311
19.023,48.3193
19.024,48.3073
19.025,48.2953
19.026,48.2832
19.027,48.2711
19.028,48.2589
19.029,48.2466
19.03,48.2342
19.031,48.2218
19.032,48.2093
19.033,48.1967
19.034,48.1841
19.035,48.1713
19.036,48.1585
19.037,48.1457
19.038,48.1327
19.039,48.1197
19.04,48.1066
19.041,48.0935
19.042,48.0802
19.043,48.0669
19.044,48.0535
19.045,48.0401
19.046,48.0265
19.047,48.0129
19.048,47.9992
19.049,47.9855
19.05,47.9717
19.051,47.9577
19.052,47.9438
19.053,47.9297
19.054,47.9156
19.055,47.9014
19.056,47.8871
19.057,47.8727
19.058,47.8583
19.059,47.8438
19.06,47.8292
19.061,47.8145
19.062,47.7998
19.063,47.785
19.064,47.7701
19.065,47.7551
19.066,47.7401
19.067,47.7249
19.068,47.7097
19.069,47.6945
19.07,47.6791
19.071,47.6637
19.072,47.6482
19.073,47.6326
19.074,47.6169
19.075,47.6012
19.076,47.5854
19.077,47.5695
19.078,47.5535
19.079,47.5374
19.08,47.5213
19.081,47.5051
19.082,47.4888
19.083,47.4724
19.084,47.456
19.085,47.4394
19.086,47.4228
19.087,47.4062
19.088,47.3894
19.089,47.3725
19.09,47.3556
19.091,47.3386
19.092,47.3215
19.093,47.3044
19.094,47.2871
19.095,47.2698
19.096,47.2524
19.097,47.2349
19.098,47.2173
19.099,47.1997
19.1,47.182
19.101,47.1642
19.102,47.1463
19.103,47.1283
19.104,47.1102
19.105,47.0921
19.106,47.0739
19.107,47.0556
19.108,47.0372
19.109,47.0188
19.11,47.0002
19.111,46.9816
19.112,46.9629
19.113,46.9441
19.114,46.9253
19.115,46.9063
19.116,46.8873
19.117,46.8682
19.118,46.849
19.119,46.8297
19.12,46.8103
19.121,46.7909
19.122,46.7714
19.123,46.7517
19.124,46.7321
19.125,46.7123
19.126,46.6924
19.127,46.6725
19.128,46.6525
19.129,46.6324
19.13,46.6122
19.131,46.5919
19.132,46.5715
19.133,46.5511
19.134,46.5306
19.135,46.51
19.136,46.4893
19.137,46.4685
19.138,46.4477
19.139,46.4267
19.14,46.4057
19.141,46.3846
19.142,46.3634
19.143,46.3421
19.144,46.3207
19.145,46.2993
19.146,46.2778
19.147,46.2562
19.148,46.2345
19.149,46.2127
19.15,46.1908
19.151,46.1689
19.152,46.1468
19.153,46.1247
19.154,46.1025
19.155,46.0802
19.156,46.0578
19.157,46.0354
19.158,46.0128
19.159,45.9902
19.16,45.9675
19.161,45.9447
19.162,45.9218
19.163,45.8989
19.164,45.8758
19.165,45.8527
19.166,45.8295
19.167,45.8062
19.168,45.7828
19.169,45.7593
19.17,45.7357
19.171,45.7121
19.172,45.6884
19.173,45.6645
19.174,45.6406
19.175,45.6167
19.176,45.5926
19.177,45.5684
19.178,45.5442
19.179,45.5199
19.18,45.4955
19.181,45.471
19.182,45.4464
19.183,45.4217
19.184,45.397
19.185,45.3721
19.186,45.3472
19.187,45.3222
19.188,45.2971
19.189,45.272
19.19,45.2467
19.191,45.2214
19.192,45.1959
19.193,45.1704
19.194,45.1448
19.195,45.1191
19.196,45.0934
19.197,45.0675
19.198,45.0416
19.199,45.0156
19.2,44.9895
19.201,44.9633
19.202,44.937
19.203,44.9106
19.204,44.8842
19.205,44.8577
19.206,44.831
19.207,44.8043
19.208,44.7776
19.209,44.7507
19.21,44.7237
19.211,44.6967
19.212,44.6696
19.213,44.6424
19.214,44.6151
19.215,44.5877
19.216,44.5603
19.217,44.5327
19.218,44.5051
19.219,44.4774
19.22,44.4496
19.221,44.4217
19.222,44.3938
19.223,44.3657
19.224,44.3376
19.225,44.3094
19.226,44.2811
19.227,44.2527
19.228,44.2243
19.229,44.1957
19.23,44.1671
19.231,44.1384
19.232,44.1096
19.233,44.0807
19.234,44.0518
19.235,44.0227
19.236,43.9936
19.237,43.9644
19.238,43.9351
19.239,43.9057
19.24,43.8763
19.241,43.8468
19.242,43.8171
19.243,43.7874
19.244,43.7577
19.245,43.7278
19.246,43.6978
19.247,43.6678
19.248,43.6377
19.249,43.6075
19.25,43.5772
19.251,43.5469
19.252,43.5165
19.253,43.4859
19.254,43.4553
19.255,43.4247
19.256,43.3939
19.257,43.3631
19.258,43.3322
19.259,43.3012
19.26,43.2701
19.261,43.2389
19.262,43.2077
19.263,43.1763
19.264,43.1449
19.265,43.1135
19.266,43.0819
19.267,43.0503
19.268,43.0185
19.269,42.9867
19.27,42.9549
19.271,42.9229
19.272,42.8909
19.273,42.8588
19.274,42.8266
19.275,42.7943
19.276,42.762
19.277,42.7295
19.278,42.697
19.279,42.6644
19.28,42.6318
19.281,42.599
19.282,42.5662
19.283,42.5333
19.284,42.5003
19.285,42.4673
19.286,42.4342
19.287,42.401
19.288,42.3677
19.289,42.3343
19.29,42.3009
19.291,42.2674
19.292,42.2338
19.293,42.2001
19.294,42.1664
19.295,42.1326
19.296,42.0987
19.297,42.0647
19.298,42.0307
19.299,41.9966
19.3,41.9624
19.301,41.9281
19.302,41.8938
19.303,41.8594
19.304,41.8249
19.305,41.7903
19.306,41.7557
19.307,41.721
19.308,41.6862
19.309,41.6513
19.31,41.6164
19.311,41.5814
19.312,41.5463
19.313,41.5112
19.314,41.4759
19.315,41.4406
19.316,41.4053
19.317,41.3698
19.318,41.3343
19.319,41.2987
19.32,41.2631
19.321,41.2274
19.322,41.1916
19.323,41.1557
19.324,41.1197
19.325,41.0837
19.326,41.0477
19.327,41.0115
19.328,40.9753
19.329,40.939
19.33,40.9026
19.331,40.8662
19.332,40.8297
19.333,40.7931
19.334,40.7565
19.335,40.7198
19.336,40.683
19.337,40.6461
19.338,40.6092
19.339,40.5722
19.34,40.5352
19.341,40.498
19.342,40.4609
19.343,40.4236
19.344,40.3863
19.345,40.3489
19.346,40.3114
19.347,40.2739
19.348,40.2363
19.349,40.1986
19.35,40.1609
19.351,40.1231
19.352,40.0853
19.353,40.0473
19.354,40.0094
19.355,39.9713
19.356,39.9332
19.357,39.895
19.358,39.8567
19.359,39.8184
19.36,39.78
19.361,39.7416
19.362,39.7031
19.363,39.6645
19.364,39.6259
19.365,39.5872
19.366,39.5484
19.367,39.5096
19.368,39.4707
19.369,39.4317
19.37,39.3927
19.371,39.3536
19.372,39.3145
19.373,39.2753
19.374,39.236
19.375,39.1967
19.376,39.1573
19.377,39.1178
19.378,39.0783
19.379,39.0388
19.38,38.9991
19.381,38.9594
19.382,38.9197
19.383,38.8798
19.384,38.84
19.385,38.8
19.386,38.76
19.387,38.72
19.388,38.6799
19.389,38.6397
19.39,38.5994
19.391,38.5591
19.392,38.5188
19.393,38.4784
19.394,38.4379
19.395,38.3974
19.396,38.3568
19.397,38.3161
19.398,38.2754
19.399,38.2347
19.4,38.1938
19.401,38.153
19.402,38.112
19.403,38.071
19.404,38.03
19.405,37.9889
19.406,37.9477
19.407,37.9065
19.408,37.8652
19.409,37.8239
19.41,37.7825
19.411,37.741
19.412,37.6995
19.413,37.658
19.414,37.6164
19.415,37.5747
19.416,37.533
19.417,37.4912
19.418,37.4494
19.419,37.4075
19.42,37.3655
19.421,37.3235
19.422,37.2815
19.423,37.2394
19.424,37.1972
19.425,37.155
19.426,37.1128
19.427,37.0704
19.428,37.0281
19.429,36.9856
19.43,36.9432
19.431,36.9006
19.432,36.858
19.433,36.8154
19.434,36.7727
19.435,36.73
19.436,36.6872
19.437,36.6443
19.438,36.6014
19.439,36.5585
19.44,36.5155
19.441,36.4724
19.442,36.4293
19.443,36.3862
19.444,36.343
19.445,36.2997
19.446,36.2564
19.447,36.213
19.448,36.1696
19.449,36.1262
19.45,36.0826
19.451,36.0391
19.452,35.9955
19.453,35.9518
19.454,35.9081
19.455,35.8643
19.456,35.8205
19.457,35.7766
19.458,35.7327
19.459,35.6888
19.46,35.6448
19.461,35.6007
19.462,35.5566
19.463,35.5124
19.464,35.4682
19.465,35.4239
19.466,35.3796
19.467,35.3353
19.468,35.2909
19.469,35.2464
19.47,35.2019
19.471,35.1574
19.472,35.1128
19.473,35.0681
19.474,35.0234
19.475,34.9787
19.476,34.9339
19.477,34.8891
19.478,34.8442
19.479,34.7992
19.48,34.7542
19.481,34.7092
19.482,34.6641
19.483,34.619
19.484,34.5738
19.485,34.5286
19.486,34.4833
19.487,34.438
19.488,34.3927
19.489,34.3473
19.49,34.3018
19.491,34.2563
19.492,34.2107
19.493,34.1652
19.494,34.1195
19.495,34.0738
19.496,34.0281
19.497,33.9823
19.498,33.9365
19.499,33.8906
19.5,33.8447
19.501,33.7987
19.502,33.7527
19.503,33.7066
19.504,33.6605
19.505,33.6143
19.506,33.5681
19.507,33.5219
19.508,33.4756
19.509,33.4293
19.51,33.3829
19.511,33.3364
19.512,33.29
19.513,33.2434
19.514,33.1969
19.515,33.1503
19.516,33.1036
19.517,33.0569
19.518,33.0101
19.519,32.9633
19.52,32.9165
19.521,32.8696
19.522,32.8227
19.523,32.7757
19.524,32.7286
19.525,32.6816
19.526,32.6345
19.527,32.5873
19.528,32.5401
19.529,32.4928
19.53,32.4455
19.531,32.3982
19.532,32.3508
19.533,32.3033
19.534,32.2559
19.535,32.2083
19.536,32.1608
19.537,32.1131
19.538,32.0655
19.539,32.0178
19.54,31.97
19.541,31.9222
19.542,31.8744
19.543,31.8265
19.544,31.7785
19.545,31.7306
19.546,31.6825
19.547,31.6344
19.548,31.5863
19.549,31.5382
19.55,31.49
19.551,31.4417
19.552,31.3934
19.553,31.3451
19.554,31.2967
19.555,31.2482
19.556,31.1998
19.557,31.1512
19.558,31.1027
19.559,31.054
19.56,31.0054
19.561,30.9567
19.562,30.9079
19.563,30.8591
19.564,30.8103
19.565,30.7614
19.566,30.7124
19.567,30.6635
19.568,30.6144
19.569,30.5654
19.57,30.5163
19.571,30.4671
19.572,30.4179
19.573,30.3686
19.574,30.3193
19.575,30.27
19.576,30.2206
19.577,30.1712
19.578,30.1217
19.579,30.0722
19.58,30.0226
19.581,29.973
19.582,29.9233
19.583,29.8736
19.584,29.8239
19.585,29.7741
19.586,29.7242
19.587,29.6744
19.588,29.6244
19.589,29.5744
19.59,29.5244
19.591,29.4744
19.592,29.4242
19.593,29.3741
19.594,29.3239
19.595,29.2736
19.596,29.2233
19.597,29.173
19.598,29.1226
19.599,29.0722
19.6,29.0217
19.601,28.9712
19.602,28.9206
19.603,28.87
19.604,28.8193
19.605,28.7686
19.606,28.7179
19.607,28.6671
19.608,28.6163
19.609,28.5654
19.61,28.5144
19.611,28.4635
19.612,28.4124
19.613,28.3614
19.614,28.3103
19.615,28.2591
19.616,28.2079
19.617,28.1567
19.618,28.1054
19.619,28.054
19.62,28.0027
19.621,27.9512
19.622,27.8998
19.623,27.8483
19.624,27.7967
19.625,27.7451
19.626,27.6934
19.627,27.6418
19.628,27.59
19.629,27.5382
19.63,27.4864
19.631,27.4345
19.632,27.3826
19.633,27.3307
19.634,27.2786
19.635,27.2266
19.636,27.1745
19.637,27.1224
19.638,27.0702
19.639,27.018
19.64,26.9657
19.641,26.9134
19.642,26.861
19.643,26.8086
19.644,26.7562
19.645,26.7037
19.646,26.6511
19.647,26.5986
19.648,26.5459
19.649,26.4933
19.65,26.4406
19.651,26.3878
19.652,26.335
19.653,26.2822
19.654,26.2293
19.655,26.1764
19.656,26.1234
19.657,26.0704
19.658,26.0174
19.659,25.9643
19.66,25.9111
19.661,25.858
19.662,25.8047
19.663,25.7515
19.664,25.6982
19.665,25.6448
19.666,25.5914
19.667,25.538
19.668,25.4845
19.669,25.431
19.67,25.3775
19.671,25.3239
19.672,25.2702
19.673,25.2166
19.674,25.1629
19.675,25.1091
19.676,25.0553
19.677,25.0015
19.678,24.9476
19.679,24.8937
19.68,24.8397
19.681,24.7857
19.682,24.7317
19.683,24.6776
19.684,24.6235
19.685,24.5694
19.686,24.5152
19.687,24.4609
19.688,24.4067
19.689,24.3524
19.69,24.298
19.691,24.2437
19.692,24.1892
19.693,24.1348
19.694,24.0803
19.695,24.0258
19.696,23.9712
19.697,23.9166
19.698,23.862
19.699,23.8073
19.7,23.7526
19.701,23.6979
19.702,23.6431
19.703,23.5883
19.704,23.5334
19.705,23.4786
19.706,23.4236
19.707,23.3687
19.708,23.3137
19.709,23.2587
19.71,23.2037
19.711,23.1486
19.712,23.0935
19.713,23.0383
19.714,22.9831
19.715,22.9279
19.716,22.8727
19.717,22.8174
19.718,22.7621
19.719,22.7068
19.72,22.6514
19.721,22.596
19.722,22.5406
19.723,22.4852
19.724,22.4297
19.725,22.3742
19.726,22.3187
19.727,22.2631
19.728,22.2075
19.729,22.1519
19.73,22.0962
19.731,22.0406
19.732,21.9849
19.733,21.9292
19.734,21.8734
19.735,21.8176
19.736,21.7618
19.737,21.706
19.738,21.6502
19.739,21.5943
19.74,21.5384
19.741,21.4825
19.742,21.4266
19.743,21.3706
19.744,21.3146
19.745,21.2586
19.746,21.2026
19.747,21.1466
19.748,21.0905
19.749,21.0344
19.75,20.9783
19.751,20.9222
19.752,20.8661
19.753,20.8099
19.754,20.7538
19.755,20.6976
19.756,20.6414
19.757,20.5852
19.758,20.5289
19.759,20.4727
19.76,20.4164
19.761,20.3602
19.762,20.3039
19.763,20.2476
19.764,20.1912
19.765,20.1349
19.766,20.0786
19.767,20.0222
19.768,19.9659
19.769,19.9095
19.77,19.8531
19.771,19.7967
19.772,19.7403
19.773,19.6839
19.774,19.6275
19.775,19.5711
19.776,19.5147
19.777,19.4583
19.778,19.4018
19.779,19.3454
19.78,19.2889
19.781,19.2325
19.782,19.176
19.783,19.1196
19.784,19.0631
19.785,19.0067
19.786,18.9502
19.787,18.8937
19.788,18.8373
19.789,18.7808
19.79,18.7244
19.791,18.6679
19.792,18.6115
19.793,18.555
19.794,18.4986
19.795,18.4421
19.796,18.3857
19.797,18.3292
19.798,18.2728
19.799,18.2164
19.8,18.16
19.801,18.1036
19.802,18.0472
19.803,17.9908
19.804,17.9344
19.805,17.8781
19.806,17.8217
19.807,17.7654
19.808,17.709
19.809,17.6527
19.81,17.5964
19.811,17.5401
19.812,17.4838
19.813,17.4276
19.814,17.3713
19.815,17.3151
19.816,17.2589
19.817,17.2027
19.818,17.1465
19.819,17.0903
19.82,17.0342
19.821,16.9781
19.822,16.922
19.823,16.8659
19.824,16.8098
19.825,16.7538
19.826,16.6978
19.827,16.6418
19.828,16.5859
19.829,16.5299
19.83,16.474
19.831,16.4181
19.832,16.3623
19.833,16.3064
19.834,16.2506
19.835,16.1949
19.836,16.1391
19.837,16.0834
19.838,16.0277
19.839,15.9721
19.84,15.9165
19.841,15.8609
19.842,15.8054
19.843,15.7498
19.844,15.6944
19.845,15.6389
19.846,15.5835
19.847,15.5282
19.848,15.4728
19.849,15.4175
19.85,15.3623
19.851,15.3071
19.852,15.2519
19.853,15.1968
19.854,15.1417
19.855,15.0866
19.856,15.0316
19.857,14.9767
19.858,14.9217
19.859,14.8669
19.86,14.812
19.861,14.7573
19.862,14.7025
19.863,14.6478
19.864,14.5932
19.865,14.5386
19.866,14.4841
19.867,14.4296
19.868,14.3751
19.869,14.3208
19.87,14.2664
19.871,14.2121
19.872,14.1579
19.873,14.1037
19.874,14.0496
19.875,13.9955
19.876,13.9415
19.877,13.8876
19.878,13.8337
19.879,13.7798
19.88,13.726
19.881,13.6723
19.882,13.6186
19.883,13.565
19.884,13.5115
19.885,13.458
19.886,13.4046
19.887,13.3512
19.888,13.2979
19.889,13.2447
19.89,13.1915
19.891,13.1384
19.892,13.0854
19.893,13.0324
19.894,12.9795
19.895,12.9267
19.896,12.8739
19.897,12.8212
19.898,12.7685
19.899,12.716
19.9,12.6635
19.901,12.611
19.902,12.5587
19.903,12.5064
19.904,12.4542
19.905,12.402
19.906,12.35
19.907,12.298
19.908,12.2461
19.909,12.1942
19.91,12.1424
19.911,12.0907
19.912,12.0391
19.913,11.9876
19.914,11.9361
19.915,11.8847
19.916,11.8334
19.917,11.7822
19.918,11.731
19.919,11.6799
19.92,11.6289
19.921,11.578
19.922,11.5272
19.923,11.4764
19.924,11.4258
19.925,11.3752
19.926,11.3247
19.927,11.2742
19.928,11.2239
19.929,11.1736
19.93,11.1235
19.931,11.0734
19.932,11.0234
19.933,10.9735
19.934,10.9236
19.935,10.8739
19.936,10.8242
19.937,10.7747
19.938,10.7252
19.939,10.6758
19.94,10.6265
19.941,10.5773
19.942,10.5281
19.943,10.4791
19.944,10.4301
19.945,10.3813
19.946,10.3325
19.947,10.2838
19.948,10.2353
19.949,10.1868
19.95,10.1384
19.951,10.0901
19.952,10.0418
19.953,9.99371
19.954,9.94568
19.955,9.89774
19.956,9.8499
19.957,9.80215
19.958,9.7545
19.959,9.70694
19.96,9.65947
19.961,9.6121
19.962,9.56483
19.963,9.51765
19.964,9.47057
19.965,9.42358
19.966,9.37669
19.967,9.3299
19.968,9.2832
19.969,9.23661
19.97,9.19011
19.971,9.14371
19.972,9.0974
19.973,9.0512
19.974,9.00509
19.975,8.95908
19.976,8.91317
19.977,8.86736
19.978,8.82165
19.979,8.77604
19.98,8.73053
19.981,8.68512
19.982,8.63981
19.983,8.5946
19.984,8.54949
19.985,8.50448
19.986,8.45957
19.987,8.41476
19.988,8.37006
19.989,8.32545
19.99,8.28095
19.991,8.23655
19.992,8.19225
19.993,8.14805
19.994,8.10396
19.995,8.05996
19.996,8.01607
19.997,7.97228
19.998,7.9286
19.999,7.88501
20,7.84153
20.001,7.79815
20.002,7.75488
20.003,7.71171
20.004,7.66864
20.005,7.62567
20.006,7.58281
20.007,7.54005
20.008,7.4974
20.009,7.45485
20.01,7.4124
20.011,7.37005
20.012,7.32781
20.013,7.28568
20.014,7.24364
20.015,7.20171
20.016,7.15989
20.017,7.11817
20.018,7.07655
20.019,7.03503
20.02,6.99363
20.021,6.95232
20.022,6.91112
20.023,6.87002
20.024,6.82903
20.025,6.78814
20.026,6.74736
20.027,6.70667
20.028,6.6661
20.029,6.62563
20.03,6.58526
20.031,6.54499
20.032,6.50484
20.033,6.46478
20.034,6.42483
20.035,6.38498
20.036,6.34524
20.037,6.3056
20.038,6.26606
20.039,6.22663
20.04,6.1873
20.041,6.14808
20.042,6.10896
20.043,6.06995
20.044,6.03103
20.045,5.99223
20.046,5.95352
20.047,5.91492
20.048,5.87642
20.049,5.83803
20.05,5.79974
20.051,5.76155
20.052,5.72347
20.053,5.68549
20.054,5.64761
20.055,5.60983
20.056,5.57216
20.057,5.53459
20.058,5.49713
20.059,5.45976
20.06,5.4225
20.061,5.38535
20.062,5.34829
20.063,5.31134
20.064,5.27449
20.065,5.23774
20.066,5.20109
20.067,5.16455
20.068,5.12811
20.069,5.09176
20.07,5.05552
20.071,5.01939
20.072,4.98335
20.073,4.94742
20.074,4.91158
20.075,4.87585
20.076,4.84022
20.077,4.80469
20.078,4.76926
20.079,4.73393
20.08,4.6987
20.081,4.66357
20.082,4.62854
20.083,4.59361
20.084,4.55878
20.085,4.52405
20.086,4.48942
20.087,4.4549
20.088,4.42046
20.089,4.38613
20.09,4.3519
20.091,4.31777
20.092,4.28373
20.093,4.2498
20.094,4.21596
20.095,4.18222
20.096,4.14858
20.097,4.11504
20.098,4.08159
20.099,4.04825
20.1,4.015
20.101,3.98185
20.102,3.94879
20.103,3.91583
20.104,3.88297
20.105,3.85021
20.106,3.81754
20.107,3.78497
20.108,3.75249
20.109,3.72012
20.11,3.68783
20.111,3.65565
20.112,3.62355
20.113,3.59156
20.114,3.55966
20.115,3.52785
20.116,3.49614
20.117,3.46453
20.118,3.433
20.119,3.40158
20.12,3.37024
20.121,3.339
20.122,3.30786
20.123,3.27681
20.124,3.24585
20.125,3.21499
20.126,3.18421
20.127,3.15354
20.128,3.12295
20.129,3.09246
20.13,3.06206
20.131,3.03175
20.132,3.00153
20.133,2.97141
20.134,2.94137
20.135,2.91143
20.136,2.88158
20.137,2.85182
20.138,2.82215
20.139,2.79257
20.14,2.76309
20.141,2.73369
20.142,2.70438
20.143,2.67517
20.144,2.64604
20.145,2.617
20.146,2.58805
20.147,2.55919
20.148,2.53042
20.149,2.50174
20.15,2.47315
20.151,2.44465
20.152,2.41623
20.153,2.3879
20.154,2.35966
20.155,2.33151
20.156,2.30344
20.157,2.27546
20.158,2.24757
20.159,2.21977
20.16,2.19205
20.161,2.16442
20.162,2.13688
20.163,2.10942
20.164,2.08204
20.165,2.05476
20.166,2.02755
20.167,2.00044
20.168,1.97341
20.169,1.94646
20.17,1.9196
20.171,1.89282
20.172,1.86613
20.173,1.83952
20.174,1.81299
20.175,1.78655
20.176,1.76019
20.177,1.73392
20.178,1.70773
20.179,1.68162
20.18,1.65559
20.181,1.62965
20.182,1.60379
20.183,1.57801
20.184,1.55231
20.185,1.52669
20.186,1.50116
20.187,1.47571
20.188,1.45033
20.189,1.42504
20.19,1.39983
20.191,1.3747
20.192,1.34965
20.193,1.32468
20.194,1.29979
20.195,1.27498
20.196,1.25025
20.197,1.2256
20.198,1.20103
20.199,1.17654
20.2,1.15212
20.201,1.12779
20.202,1.10353
20.203,1.07935
20.204,1.05525
20.205,1.03123
20.206,1.00728
20.207,0.983412
20.208,0.95962
20.209,0.935906
20.21,0.912268
20.211,0.888706
20.212,0.865221
20.213,0.841813
20.214,0.81848
20.215,0.795223
20.216,0.772041
20.217,0.748935
20.218,0.725904
20.219,0.702948
20.22,0.680067
20.221,0.657261
20.222,0.634529
20.223,0.611871
20.224,0.589287
20.225,0.566777
20.226,0.544341
20.227,0.521978
20.228,0.499688
20.229,0.477472
20.23,0.455328
20.231,0.433257
20.232,0.411259
20.233,0.389333
20.234,0.367478
20.235,0.345696
20.236,0.323986
20.237,0.302347
20.238,0.280779
20.239,0.259283
20.24,0.237858
20.241,0.216503
20.242,0.195219
20.243,0.174005
20.244,0.152862
20.245,0.131789
20.246,0.110785
20.247,0.0898513
20.248,0.0689869
20.249,0.0481918
20.25,0.0274658
20.251,0.00680868
20.252,-0.0137797
20.253,-0.0342995
20.254,-0.054751
20.255,-0.0751343
20.256,-0.0954496
20.257,-0.115697
20.258,-0.135877
20.259,-0.155989
20.26,-0.176035
20.261,-0.196013
20.262,-0.215924
20.263,-0.235769
20.264,-0.255547
20.265,-0.275258
20.266,-0.294904
20.267,-0.314483
20.268,-0.333997
20.269,-0.353445
20.27,-0.372828
20.271,-0.392145
20.272,-0.411398
20.273,-0.430585
20.274,-0.449708
20.275,-0.468766
20.276,-0.48776
20.277,-0.506689
20.278,-0.525555
20.279,-0.544356
20.28,-0.563094
20.281,-0.581769
20.282,-0.60038
20.283,-0.618928
20.284,-0.637414
20.285,-0.655836
20.286,-0.674196
20.287,-0.692493
20.288,-0.710728
20.289,-0.728901
20.29,-0.747012
20.291,-0.765061
20.292,-0.783049
20.293,-0.800976
20.294,-0.818841
20.295,-0.836645
20.296,-0.854388
20.297,-0.87207
20.298,-0.889692
20.299,-0.907254
20.3,-0.924755
20.301,-0.942196
20.302,-0.959577
20.303,-0.976899
20.304,-0.994161
20.305,-1.01136
20.306,-1.02851
20.307,-1.04559
20.308,-1.06262
20.309,-1.07958
20.31,-1.09649
20.311,-1.11334
20.312,-1.13013
20.313,-1.14687
20.314,-1.16354
20.315,-1.18016
20.316,-1.19672
20.317,-1.21323
20.318,-1.22967
20.319,-1.24606
20.32,-1.26239
20.321,-1.27867
20.322,-1.29489
20.323,-1.31105
20.324,-1.32716
20.325,-1.34321
20.326,-1.3592
20.327,-1.37514
20.328,-1.39102
20.329,-1.40685
20.33,-1.42262
20.331,-1.43834
20.332,-1.454
20.333,-1.4696
20.334,-1.48516
20.335,-1.50065
20.336,-1.5161
20.337,-1.53149
20.338,-1.54682
20.339,-1.5621
20.34,-1.57733
20.341,-1.5925
20.342,-1.60762
20.343,-1.62269
20.344,-1.6377
20.345,-1.65267
20.346,-1.66757
20.347,-1.68243
20.348,-1.69723
20.349,-1.71198
20.35,-1.72668
20.351,-1.74133
20.352,-1.75592
20.353,-1.77046
20.354,-1.78495
20.355,-1.79939
20.356,-1.81378
20.357,-1.82812
20.358,-1.84241
20.359,-1.85664
20.36,-1.87082
20.361,-1.88496
20.362,-1.89904
20.363,-1.91307
20.364,-1.92706
20.365,-1.94099
20.366,-1.95487
20.367,-1.96871
20.368,-1.98249
20.369,-1.99622
20.37,-2.00991
20.371,-2.02355
20.372,-2.03713
20.373,-2.05067
20.374,-2.06416
20.375,-2.0776
20.376,-2.09099
20.377,-2.10434
20.378,-2.11763
20.379,-2.13088
20.38,-2.14408
20.381,-2.15723
20.382,-2.17034
20.383,-2.1834
20.384,-2.19641
20.385,-2.20937
20.386,-2.22228
20.387,-2.23515
20.388,-2.24798
20.389,-2.26075
20.39,-2.27348
20.391,-2.28616
20.392,-2.2988
20.393,-2.31139
20.394,-2.32393
20.395,-2.33643
20.396,-2.34889
20.397,-2.36129
20.398,-2.37366
20.399,-2.38597
20.4,-2.39824
20.401,-2.41047
20.402,-2.42265
20.403,-2.43479
20.404,-2.44688
20.405,-2.45893
20.406,-2.47093
20.407,-2.48289
20.408,-2.49481
20.409,-2.50668
20.41,-2.51851
20.411,-2.53029
20.412,-2.54203
20.413,-2.55373
20.414,-2.56538
20.415,-2.57699
20.416,-2.58856
20.417,-2.60009
20.418,-2.61157
20.419,-2.62301
20.42,-2.6344
20.421,-2.64576
20.422,-2.65707
20.423,-2.66834
20.424,-2.67957
20.425,-2.69075
20.426,-2.70189
20.427,-2.713
20.428,-2.72406
20.429,-2.73508
20.43,-2.74605
20.431,-2.75699
20.432,-2.76789
20.433,-2.77874
20.434,-2.78956
20.435,-2.80033
20.436,-2.81106
20.437,-2.82175
20.438,-2.83241
20.439,-2.84302
20.44,-2.85359
20.441,-2.86412
20.442,-2.87461
20.443,-2.88506
20.444,-2.89548
20.445,-2.90585
20.446,-2.91618
20.447,-2.92648
20.448,-2.93673
20.449,-2.94695
20.45,-2.95713
20.451,-2.96727
20.452,-2.97737
20.453,-2.98743
20.454,-2.99745
20.455,-3.00743
20.456,-3.01738
20.457,-3.02729
20.458,-3.03716
20.459,-3.04699
20.46,-3.05679
20.461,-3.06654
20.462,-3.07626
20.463,-3.08594
20.464,-3.09559
20.465,-3.1052
20.466,-3.11477
20.467,-3.1243
20.468,-3.1338
20.469,-3.14326
20.47,-3.15268
20.471,-3.16207
20.472,-3.17142
20.473,-3.18073
20.474,-3.19001
20.475,-3.19925
20.476,-3.20846
20.477,-3.21762
20.478,-3.22676
20.479,-3.23586
20.48,-3.24492
20.481,-3.25395
20.482,-3.26294
20.483,-3.2719
20.484,-3.28082
20.485,-3.2897
20.486,-3.29856
20.487,-3.30737
20.488,-3.31616
20.489,-3.3249
20.49,-3.33362
20.491,-3.34229
20.492,-3.35094
20.493,-3.35955
20.494,-3.36813
20.495,-3.37667
20.496,-3.38518
20.497,-3.39365
20.498,-3.40209
20.499,-3.4105
20.5,-3.41887
20.501,-3.42721
20.502,-3.43552
20.503,-3.4438
20.504,-3.45204
20.505,-3.46024
20.506,-3.46842
20.507,-3.47656
20.508,-3.48467
20.509,-3.49275
20.51,-3.50079
20.511,-3.50881
20.512,-3.51679
20.513,-3.52473
20.514,-3.53265
20.515,-3.54053
20.516,-3.54839
20.517,-3.55621
20.518,-3.56399
20.519,-3.57175
20.52,-3.57948
20.521,-3.58717
20.522,-3.59483
20.523,-3.60247
20.524,-3.61007
20.525,-3.61764
20.526,-3.62517
20.527,-3.63268
20.528,-3.64016
20.529,-3.64761
20.53,-3.65502
20.531,-3.66241
20.532,-3.66976
20.533,-3.67709
20.534,-3.68438
20.535,-3.69165
20.536,-3.69888
20.537,-3.70608
20.538,-3.71326
20.539,-3.7204
20.54,-3.72752
20.541,-3.73461
20.542,-3.74166
20.543,-3.74869
20.544,-3.75569
20.545,-3.76266
20.546,-3.7696
20.547,-3.77651
20.548,-3.78339
20.549,-3.79024
20.55,-3.79706
20.551,-3.80386
20.552,-3.81063
20.553,-3.81737
20.554,-3.82408
20.555,-3.83076
20.556,-3.83741
20.557,-3.84404
20.558,-3.85063
20.559,-3.8572
20.56,-3.86375
20.561,-3.87026
20.562,-3.87675
20.563,-3.8832
20.564,-3.88963
20.565,-3.89604
20.566,-3.90241
20.567,-3.90876
20.568,-3.91509
20.569,-3.92138
20.57,-3.92765
20.571,-3.93389
20.572,-3.9401
20.573,-3.94629
20.574,-3.95245
20.575,-3.95858
20.576,-3.96469
20.577,-3.97077
20.578,-3.97683
20.579,-3.98285
20.58,-3.98886
20.581,-3.99483
20.582,-4.00078
20.583,-4.00671
20.584,-4.0126
20.585,-4.01848
20.586,-4.02432
20.587,-4.03014
20.588,-4.03594
20.589,-4.04171
20.59,-4.04745
20.591,-4.05317
20.592,-4.05886
20.593,-4.06453
20.594,-4.07018
20.595,-4.07579
20.596,-4.08139
20.597,-4.08696
20.598,-4.0925
20.599,-4.09802
20.6,-4.10351
20.601,-4.10898
20.602,-4.11443
20.603,-4.11985
20.604,-4.12525
20.605,-4.13062
20.606,-4.13597
20.607,-4.14129
20.608,-4.14659
20.609,-4.15187
20.61,-4.15712
20.611,-4.16235
20.612,-4.16756
20.613,-4.17274
20.614,-4.17789
20.615,-4.18303
20.616,-4.18814
20.617,-4.19323
20.618,-4.19829
20.619,-4.20333
20.62,-4.20835
20.621,-4.21334
20.622,-4.21831
20.623,-4.22326
20.624,-4.22819
20.625,-4.23309
20.626,-4.23797
20.627,-4.24283
20.628,-4.24766
20.629,-4.25248
20.63,-4.25727
20.631,-4.26203
20.632,-4.26678
20.633,-4.2715
20.634,-4.2762
20.635,-4.28088
20.636,-4.28554
20.637,-4.29017
20.638,-4.29479
20.639,-4.29938
20.64,-4.30395
20.641,-4.30849
20.642,-4.31302
20.643,-4.31752
20.644,-4.32201
20.645,-4.32647
20.646,-4.33091
20.647,-4.33533
20.648,-4.33973
20.649,-4.3441
20.65,-4.34846
20.651,-4.35279
20.652,-4.35711
20.653,-4.3614
20.654,-4.36567
20.655,-4.36992
20.656,-4.37415
20.657,-4.37836
20.658,-4.38255
20.659,-4.38672
20.66,-4.39087
20.661,-4.39499
20.662,-4.3991
20.663,-4.40319
20.664,-4.40725
20.665,-4.4113
20.666,-4.41533
20.667,-4.41933
20.668,-4.42332
20.669,-4.42729
20.67,-4.43124
20.671,-4.43516
20.672,-4.43907
20.673,-4.44296
20.674,-4.44683
20.675,-4.45068
20.676,-4.4545
20.677,-4.45832
20.678,-4.46211
20.679,-4.46588
20.68,-4.46963
20.681,-4.47336
20.682,-4.47708
20.683,-4.48077
20.684,-4.48445
20.685,-4.4881
20.686,-4.49174
20.687,-4.49536
20.688,-4.49896
20.689,-4.50255
20.69,-4.50611
20.691,-4.50965
20.692,-4.51318
20.693,-4.51669
20.694,-4.52018
20.695,-4.52365
20.696,-4.5271
20.697,-4.53054
20.698,-4.53395
20.699,-4.53735
20.7,-4.54073
20.701,-4.54409
20.702,-4.54744
20.703,-4.55077
20.704,-4.55407
20.705,-4.55737
20.706,-4.56064
20.707,-4.56389
20.708,-4.56713
20.709,-4.57035
20.71,-4.57356
20.711,-4.57674
20.712,-4.57991
20.713,-4.58306
20.714,-4.5862
20.715,-4.58931
20.716,-4.59241
20.717,-4.59549
20.718,-4.59856
20.719,-4.60161
20.72,-4.60464
20.721,-4.60765
20.722,-4.61065
20.723,-4.61363
20.724,-4.61659
20.725,-4.61954
20.726,-4.62247
20.727,-4.62539
20.728,-4.62828
20.729,-4.63117
20.73,-4.63403
20.731,-4.63688
20.732,-4.63971
20.733,-4.64253
20.734,-4.64533
20.735,-4.64811
20.736,-4.65088
20.737,-4.65363
20.738,-4.65636
20.739,-4.65908
20.74,-4.66178
20.741,-4.66447
20.742,-4.66714
20.743,-4.6698
20.744,-4.67244
20.745,-4.67506
20.746,-4.67767
20.747,-4.68027
20.748,-4.68284
20.749,-4.68541
20.75,-4.68795
20.751,-4.69048
20.752,-4.693
20.753,-4.6955
20.754,-4.69799
20.755,-4.70046
20.756,-4.70291
20.757,-4.70535
20.758,-4.70778
20.759,-4.71019
20.76,-4.71258
20.761,-4.71496
20.762,-4.71733
20.763,-4.71968
20.764,-4.72201
20.765,-4.72434
20.766,-4.72664
20.767,-4.72893
20.768,-4.73121
20.769,-4.73347
20.77,-4.73572
20.771,-4.73796
20.772,-4.74018
20.773,-4.74238
20.774,-4.74457
20.775,-4.74675
20.776,-4.74891
20.777,-4.75106
20.778,-4.75319
20.779,-4.75531
20.78,-4.75742
20.781,-4.75951
20.782,-4.76159
20.783,-4.76365
20.784,-4.7657
20.785,-4.76774
20.786,-4.76976
20.787,-4.77177
20.788,-4.77377
20.789,-4.77575
20.79,-4.77772
20.791,-4.77967
20.792,-4.78161
20.793,-4.78354
20.794,-4.78545
20.795,-4.78735
20.796,-4.78924
20.797,-4.79112
20.798,-4.79298
20.799,-4.79482
20.8,-4.79666
20.801,-4.79848
20.802,-4.80029
20.803,-4.80208
20.804,-4.80386
20.805,-4.80563
20.806,-4.80739
20.807,-4.80913
20.808,-4.81086
20.809,-4.81258
20.81,-4.81429
20.811,-4.81598
20.812,-4.81766
20.813,-4.81932
20.814,-4.82098
20.815,-4.82262
20.816,-4.82425
20.817,-4.82587
20.818,-4.82747
20.819,-4.82906
20.82,-4.83064
20.821,-4.83221
20.822,-4.83376
20.823,-4.83531
20.824,-4.83684
20.825,-4.83835
20.826,-4.83986
20.827,-4.84135
20.828,-4.84284
20.829,-4.8443
20.83,-4.84576
20.831,-4.84721
20.832,-4.84864
20.833,-4.85006
20.834,-4.85147
20.835,-4.85287
20.836,-4.85426
20.837,-4.85563
20.838,-4.857
20.839,-4.85835
20.84,-4.85969
20.841,-4.86102
20.842,-4.86233
20.843,-4.86364
20.844,-4.86493
20.845,-4.86622
20.846,-4.86749
20.847,-4.86875
20.848,-4.86999
20.849,-4.87123
20.85,-4.87246
20.851,-4.87367
20.852,-4.87487
20.853,-4.87607
20.854,-4.87725
20.855,-4.87842
20.856,-4.87958
20.857,-4.88073
20.858,-4.88186
20.859,-4.88299
20.86,-4.8841
20.861,-4.88521
20.862,-4.8863
20.863,-4.88738
20.864,-4.88846
20.865,-4.88952
20.866,-4.89057
20.867,-4.89161
20.868,-4.89264
20.869,-4.89365
20.87,-4.89466
20.871,-4.89566
20.872,-4.89665
20.873,-4.89762
20.874,-4.89859
20.875,-4.89954
20.876,-4.90049
20.877,-4.90142
20.878,-4.90235
20.879,-4.90326
20.88,-4.90417
20.881,-4.90506
20.882,-4.90594
20.883,-4.90682
20.884,-4.90768
20.885,-4.90853
20.886,-4.90938
20.887,-4.91021
20.888,-4.91103
20.889,-4.91185
20.89,-4.91265
20.891,-4.91344
20.892,-4.91423
20.893,-4.915
20.894,-4.91577
20.895,-4.91652
20.896,-4.91726
20.897,-4.918
20.898,-4.91872
20.899,-4.91944
20.9,-4.92015
20.901,-4.92084
20.902,-4.92153
20.903,-4.92221
20.904,-4.92287
20.905,-4.92353
20.906,-4.92418
20.907,-4.92482
20.908,-4.92545
20.909,-4.92607
20.91,-4.92668
20.911,-4.92728
20.912,-4.92788
20.913,-4.92846
20.914,-4.92903
20.915,-4.9296
20.916,-4.93015
20.917,-4.9307
20.918,-4.93124
20.919,-4.93177
20.92,-4.93229
20.921,-4.9328
20.922,-4.9333
20.923,-4.93379
20.924,-4.93428
20.925,-4.93475
20.926,-4.93522
20.927,-4.93568
20.928,-4.93612
20.929,-4.93656
20.93,-4.93699
20.931,-4.93742
20.932,-4.93783
20.933,-4.93823
20.934,-4.93863
20.935,-4.93902
20.936,-4.9394
20.937,-4.93977
20.938,-4.94013
20.939,-4.94048
20.94,-4.94083
20.941,-4.94116
20.942,-4.94149
20.943,-4.94181
20.944,-4.94212
20.945,-4.94243
20.946,-4.94272
20.947,-4.94301
20.948,-4.94329
20.949,-4.94356
20.95,-4.94382
20.951,-4.94407
20.952,-4.94432
20.953,-4.94455
20.954,-4.94478
20.955,-4.945
20.956,-4.94521
20.957,-4.94542
20.958,-4.94562
20.959,-4.9458
20.96,-4.94599
20.961,-4.94616
20.962,-4.94632
20.963,-4.94648
20.964,-4.94663
20.965,-4.94677
20.966,-4.9469
20.967,-4.94703
20.968,-4.94715
20.969,-4.94726
20.97,-4.94736
20.971,-4.94746
20.972,-4.94754
20.973,-4.94762
20.974,-4.94769
20.975,-4.94776
20.976,-4.94781
20.977,-4.94786
20.978,-4.9479
20.979,-4.94794
20.98,-4.94797
20.981,-4.94798
20.982,-4.948
20.983,-4.948
20.984,-4.948
20.985,-4.94799
20.986,-4.94797
20.987,-4.94794
20.988,-4.94791
20.989,-4.94787
20.99,-4.94782
20.991,-4.94777
20.992,-4.94771
20.993,-4.94764
20.994,-4.94756
20.995,-4.94748
20.996,-4.94739
20.997,-4.94729
20.998,-4.94719
20.999,-4.94708
21,-4.94696
21.001,-4.94683
21.002,-4.9467
21.003,-4.94656
21.004,-4.94642
21.005,-4.94626
21.006,-4.9461
21.007,-4.94594
21.008,-4.94576
21.009,-4.94558
21.01,-4.94539
21.011,-4.9452
21.012,-4.945
21.013,-4.94479
21.014,-4.94458
21.015,-4.94436
21.016,-4.94413
21.017,-4.94389
21.018,-4.94365
21.019,-4.9434
21.02,-4.94315
21.021,-4.94289
21.022,-4.94262
21.023,-4.94235
21.024,-4.94207
21.025,-4.94178
21.026,-4.94148
21.027,-4.94118
21.028,-4.94088
21.029,-4.94057
21.03,-4.94025
21.031,-4.93992
21.032,-4.93959
21.033,-4.93925
21.034,-4.9389
21.035,-4.93855
21.036,-4.9382
21.037,-4.93783
21.038,-4.93746
21.039,-4.93709
21.04,-4.9367
21.041,-4.93631
21.042,-4.93592
21.043,-4.93552
21.044,-4.93511
21.045,-4.9347
21.046,-4.93428
21.047,-4.93385
21.048,-4.93342
21.049,-4.93298
21.05,-4.93254
21.051,-4.93209
21.052,-4.93164
21.053,-4.93117
21.054,-4.93071
21.055,-4.93023
21.056,-4.92975
21.057,-4.92927
21.058,-4.92878
21.059,-4.92828
21.06,-4.92778
21.061,-4.92727
21.062,-4.92675
21.063,-4.92623
21.064,-4.92571
21.065,-4.92518
21.066,-4.92464
21.067,-4.9241
21.068,-4.92355
21.069,-4.92299
21.07,-4.92243
21.071,-4.92187
21.072,-4.92129
21.073,-4.92072
21.074,-4.92013
21.075,-4.91955
21.076,-4.91895
21.077,-4.91835
21.078,-4.91775
21.079,-4.91714
21.08,-4.91652
21.081,-4.9159
21.082,-4.91527
21.083,-4.91464
21.084,-4.914
21.085,-4.91336
21.086,-4.91271
21.087,-4.91206
21.088,-4.9114
21.089,-4.91073
21.09,-4.91006
21.091,-4.90939
21.092,-4.90871
21.093,-4.90802
21.094,-4.90733
21.095,-4.90663
21.096,-4.90593
21.097,-4.90522
21.098,-4.90451
21.099,-4.9038
21.1,-4.90307
21.101,-4.90234
21.102,-4.90161
21.103,-4.90087
21.104,-4.90013
21.105,-4.89938
21.106,-4.89863
21.107,-4.89787
21.108,-4.89711
21.109,-4.89634
21.11,-4.89557
21.111,-4.89479
21.112,-4.894
21.113,-4.89322
21.114,-4.89242
21.115,-4.89162
21.116,-4.89082
21.117,-4.89001
21.118,-4.8892
21.119,-4.88838
21.12,-4.88756
21.121,-4.88673
21.122,-4.8859
21.123,-4.88506
21.124,-4.88422
21.125,-4.88337
21.126,-4.88252
21.127,-4.88167
21.128,-4.8808
21.129,-4.87994
21.13,-4.87907
21.131,-4.87819
21.132,-4.87731
21.133,-4.87643
21.134,-4.87554
21.135,-4.87464
21.136,-4.87374
21.137,-4.87284
21.138,-4.87193
21.139,-4.87102
21.14,-4.8701
21.141,-4.86918
21.142,-4.86826
21.143,-4.86732
21.144,-4.86639
21.145,-4.86545
21.146,-4.8645
21.147,-4.86356
21.148,-4.8626
21.149,-4.86164
21.15,-4.86068
21.151,-4.85972
21.152,-4.85874
21.153,-4.85777
21.154,-4.85679
21.155,-4.8558
21.156,-4.85482
21.157,-4.85382
21.158,-4.85282
21.159,-4.85182
21.16,-4.85082
21.161,-4.84981
21.162,-4.84879
21.163,-4.84777
21.164,-4.84675
21.165,-4.84572
21.166,-4.84469
21.167,-4.84365
21.168,-4.84261
21.169,-4.84157
21.17,-4.84052
21.171,-4.83947
21.172,-4.83841
21.173,-4.83735
21.174,-4.83628
21.175,-4.83521
21.176,-4.83414
21.177,-4.83306
21.178,-4.83198
21.179,-4.83089
21.18,-4.8298
21.181,-4.82871
21.182,-4.82761
21.183,-4.82651
21.184,-4.8254
21.185,-4.82429
21.186,-4.82318
21.187,-4.82206
21.188,-4.82094
21.189,-4.81981
21.19,-4.81868
21.191,-4.81755
21.192,-4.81641
21.193,-4.81526
21.194,-4.81412
21.195,-4.81297
21.196,-4.81182
21.197,-4.81066
21.198,-4.8095
21.199,-4.80833
21.2,-4.80716
21.201,-4.80599
21.202,-4.80481
21.203,-4.80363
21.204,-4.80244
21.205,-4.80126
21.206,-4.80006
21.207,-4.79887
21.208,-4.79767
21.209,-4.79646
21.21,-4.79526
21.211,-4.79405
21.212,-4.79283
21.213,-4.79161
21.214,-4.79039
21.215,-4.78917
21.216,-4.78794
21.217,-4.7867
21.218,-4.78547
21.219,-4.78422
21.22,-4.78298
21.221,-4.78173
21.222,-4.78048
21.223,-4.77923
21.224,-4.77797
21.225,-4.77671
21.226,-4.77544
21.227,-4.77417
21.228,-4.7729
21.229,-4.77162
21.23,-4.77034
21.231,-4.76906
21.232,-4.76777
21.233,-4.76648
21.234,-4.76518
21.235,-4.76389
21.236,-4.76259
21.237,-4.76128
21.238,-4.75997
21.239,-4.75866
21.24,-4.75735
21.241,-4.75603
21.242,-4.75471
21.243,-4.75338
21.244,-4.75205
21.245,-4.75072
21.246,-4.74939
21.247,-4.74805
21.248,-4.7467
21.249,-4.74536
21.25,-4.74401
21.251,-4.74266
21.252,-4.7413
21.253,-4.73994
21.254,-4.73858
21.255,-4.73722
21.256,-4.73585
21.257,-4.73447
21.258,-4.7331
21.259,-4.73172
21.26,-4.73034
21.261,-4.72895
21.262,-4.72756
21.263,-4.72617
21.264,-4.72478
21.265,-4.72338
21.266,-4.72198
21.267,-4.72057
21.268,-4.71917
21.269,-4.71776
21.27,-4.71634
21.271,-4.71492
21.272,-4.7135
21.273,-4.71208
21.274,-4.71065
21.275,-4.70922
21.276,-4.70779
21.277,-4.70635
21.278,-4.70492
21.279,-4.70347
21.28,-4.70203
21.281,-4.70058
21.282,-4.69913
21.283,-4.69767
21.284,-4.69621
21.285,-4.69475
21.286,-4.69329
21.287,-4.69182
21.288,-4.69035
21.289,-4.68888
21.29,-4.6874
21.291,-4.68593
21.292,-4.68444
21.293,-4.68296
21.294,-4.68147
21.295,-4.67998
21.296,-4.67849
21.297,-4.67699
21.298,-4.67549
21.299,-4.67399
21.3,-4.67248
21.301,-4.67097
21.302,-4.66946
21.303,-4.66795
21.304,-4.66643
21.305,-4.66491
21.306,-4.66339
21.307,-4.66186
21.308,-4.66033
21.309,-4.6588
21.31,-4.65726
21.311,-4.65573
21.312,-4.65419
21.313,-4.65264
21.314,-4.6511
21.315,-4.64955
21.316,-4.648
21.317,-4.64644
21.318,-4.64488
21.319,-4.64332
21.32,-4.64176
21.321,-4.6402
21.322,-4.63863
21.323,-4.63706
21.324,-4.63548
21.325,-4.63391
21.326,-4.63233
21.327,-4.63074
21.328,-4.62916
21.329,-4.62757
21.33,-4.62598
21.331,-4.62439
21.332,-4.62279
21.333,-4.62119
21.334,-4.61959
21.335,-4.61799
21.336,-4.61638
21.337,-4.61477
21.338,-4.61316
21.339,-4.61154
21.34,-4.60993
21.341,-4.60831
21.342,-4.60668
21.343,-4.60506
21.344,-4.60343
21.345,-4.6018
21.346,-4.60017
21.347,-4.59853
21.348,-4.59689
21.349,-4.59525
21.35,-4.59361
21.351,-4.59196
21.352,-4.59031
21.353,-4.58866
21.354,-4.58701
21.355,-4.58535
21.356,-4.58369
21.357,-4.58203
21.358,-4.58036
21.359,-4.5787
21.36,-4.57703
21.361,-4.57536
21.362,-4.57368
21.363,-4.572
21.364,-4.57032
21.365,-4.56864
21.366,-4.56696
21.367,-4.56527
21.368,-4.56358
21.369,-4.56189
21.37,-4.5602
21.371,-4.5585
21.372,-4.5568
21.373,-4.5551
21.374,-4.55339
21.375,-4.55169
21.376,-4.54998
21.377,-4.54826
21.378,-4.54655
21.379,-4.54483
21.38,-4.54311
21.381,-4.54139
21.382,-4.53967
21.383,-4.53794
21.384,-4.53621
21.385,-4.53448
21.386,-4.53275
21.387,-4.53101
21.388,-4.52927
21.389,-4.52753
21.39,-4.52579
21.391,-4.52405
21.392,-4.5223
21.393,-4.52055
21.394,-4.51879
21.395,-4.51704
21.396,-4.51528
21.397,-4.51352
21.398,-4.51176
21.399,-4.51
21.4,-4.50823
21.401,-4.50646
21.402,-4.50469
21.403,-4.50292
21.404,-4.50114
21.405,-4.49936
21.406,-4.49758
21.407,-4.4958
21.408,-4.49401
21.409,-4.49223
21.41,-4.49044
21.411,-4.48864
21.412,-4.48685
21.413,-4.48505
21.414,-4.48325
21.415,-4.48145
21.416,-4.47965
21.417,-4.47784
21.418,-4.47604
21.419,-4.47423
21.42,-4.47241
21.421,-4.4706
21.422,-4.46878
21.423,-4.46696
21.424,-4.46514
21.425,-4.46332
21.426,-4.46149
21.427,-4.45967
21.428,-4.45784
21.429,-4.456
21.43,-4.45417
21.431,-4.45233
21.432,-4.45049
21.433,-4.44865
21.434,-4.44681
21.435,-4.44496
21.436,-4.44312
21.437,-4.44127
21.438,-4.43941
21.439,-4.43756
21.44,-4.4357
21.441,-4.43384
21.442,-4.43198
21.443,-4.43012
21.444,-4.42826
21.445,-4.42639
21.446,-4.42452
21.447,-4.42265
21.448,-4.42078
21.449,-4.4189
21.45,-4.41702
21.451,-4.41514
21.452,-4.41326
21.453,-4.41138
21.454,-4.40949
21.455,-4.4076
21.456,-4.40571
21.457,-4.40382
21.458,-4.40192
21.459,-4.40003
21.46,-4.39813
21.461,-4.39623
21.462,-4.39433
21.463,-4.39242
21.464,-4.39051
21.465,-4.3886
21.466,-4.38669
21.467,-4.38478
21.468,-4.38286
21.469,-4.38095
21.47,-4.37903
21.471,-4.37711
21.472,-4.37518
21.473,-4.37326
21.474,-4.37133
21.475,-4.3694
21.476,-4.36747
21.477,-4.36553
21.478,-4.3636
21.479,-4.36166
21.48,-4.35972
21.481,-4.35778
21.482,-4.35584
21.483,-4.35389
21.484,-4.35194
21.485,-4.34999
21.486,-4.34804
21.487,-4.34609
21.488,-4.34413
21.489,-4.34217
21.49,-4.34021
21.491,-4.33825
21.492,-4.33629
21.493,-4.33432
21.494,-4.33235
21.495,-4.33038
21.496,-4.32841
21.497,-4.32644
21.498,-4.32446
21.499,-4.32248
21.5,-4.3205
21.501,-4.31852
21.502,-4.31654
21.503,-4.31455
21.504,-4.31257
21.505,-4.31058
21.506,-4.30859
21.507,-4.30659
21.508,-4.3046
21.509,-4.3026
21.51,-4.3006
21.511,-4.2986
21.512,-4.2966
21.513,-4.29459
21.514,-4.29258
21.515,-4.29057
21.516,-4.28856
21.517,-4.28655
21.518,-4.28454
21.519,-4.28252
21.52,-4.2805
21.521,-4.27848
21.522,-4.27646
21.523,-4.27443
21.524,-4.27241
21.525,-4.27038
21.526,-4.26835
21.527,-4.26632
21.528,-4.26428
21.529,-4.26225
21.53,-4.26021
21.531,-4.25817
21.532,-4.25613
21.533,-4.25409
21.534,-4.25204
21.535,-4.24999
21.536,-4.24794
21.537,-4.24589
21.538,-4.24384
21.539,-4.24179
21.54,-4.23973
21.541,-4.23767
21.542,-4.23561
21.543,-4.23355
21.544,-4.23148
21.545,-4.22942
21.546,-4.22735
21.547,-4.22528
21.548,-4.22321
21.549,-4.22113
21.55,-4.21906
21.551,-4.21698
21.552,-4.2149
21.553,-4.21282
21.554,-4.21074
21.555,-4.20865
21.556,-4.20657
21.557,-4.20448
21.558,-4.20239
21.559,-4.2003
21.56,-4.1982
21.561,-4.19611
21.562,-4.19401
21.563,-4.19191
21.564,-4.18981
21.565,-4.18771
21.566,-4.1856
21.567,-4.18349
21.568,-4.18139
21.569,-4.17927
21.57,-4.17716
21.571,-4.17505
21.572,-4.17293
21.573,-4.17081
21.574,-4.16869
21.575,-4.16657
21.576,-4.16445
21.577,-4.16232
21.578,-4.1602
21.579,-4.15807
21.58,-4.15594
21.581,-4.15381
21.582,-4.15167
21.583,-4.14953
21.584,-4.1474
21.585,-4.14526
21.586,-4.14311
21.587,-4.14097
21.588,-4.13883
21.589,-4.13668
21.59,-4.13453
21.591,-4.13238
21.592,-4.13023
21.593,-4.12807
21.594,-4.12592
21.595,-4.12376
21.596,-4.1216
21.597,-4.11944
21.598,-4.11727
21.599,-4.11511
21.6,-4.11294
21.601,-4.11077
21.602,-4.1086
21.603,-4.10643
21.604,-4.10425
21.605,-4.10208
21.606,-4.0999
21.607,-4.09772
21.608,-4.09554
21.609,-4.09335
21.61,-4.09117
21.611,-4.08898
21.612,-4.08679
21.613,-4.0846
21.614,-4.08241
21.615,-4.08022
21.616,-4.07802
21.617,-4.07582
21.618,-4.07362
21.619,-4.07142
21.62,-4.06922
21.621,-4.06701
21.622,-4.0648
21.623,-4.0626
21.624,-4.06039
21.625,-4.05817
21.626,-4.05596
21.627,-4.05374
21.628,-4.05153
21.629,-4.04931
21.63,-4.04708
21.631,-4.04486
21.632,-4.04264
21.633,-4.04041
21.634,-4.03818
21.635,-4.03595
21.636,-4.03372
21.637,-4.03148
21.638,-4.02925
21.639,-4.02701
21.64,-4.02477
21.641,-4.02253
21.642,-4.02029
21.643,-4.01804
21.644,-4.01579
21.645,-4.01355
21.646,-4.0113
21.647,-4.00904
21.648,-4.00679
21.649,-4.00453
21.65,-4.00228
21.651,-4.00002
21.652,-3.99776
21.653,-3.99549
21.654,-3.99323
21.655,-3.99096
21.656,-3.98869
21.657,-3.98642
21.658,-3.98415
21.659,-3.98188
21.66,-3.9796
21.661,-3.97732
21.662,-3.97505
21.663,-3.97276
21.664,-3.97048
21.665,-3.9682
21.666,-3.96591
21.667,-3.96362
21.668,-3.96133
21.669,-3.95904
21.67,-3.95675
21.671,-3.95445
21.672,-3.95215
21.673,-3.94985
21.674,-3.94755
21.675,-3.94525
21.676,-3.94294
21.677,-3.94064
21.678,-3.93833
21.679,-3.93602
21.68,-3.93371
21.681,-3.93139
21.682,-3.92908
21.683,-3.92676
21.684,-3.92444
21.685,-3.92212
21.686,-3.9198
21.687,-3.91747
21.688,-3.91514
21.689,-3.91282
21.69,-3.91049
21.691,-3.90815
21.692,-3.90582
21.693,-3.90348
21.694,-3.90115
21.695,-3.89881
21.696,-3.89646
21.697,-3.89412
21.698,-3.89178
21.699,-3.88943
21.7,-3.88708
21.701,-3.88473
21.702,-3.88238
21.703,-3.88002
21.704,-3.87767
21.705,-3.87531
21.706,-3.87295
21.707,-3.87059
21.708,-3.86822
21.709,-3.86586
21.71,-3.86349
21.711,-3.86112
21.712,-3.85875
21.713,-3.85637
21.714,-3.854
21.715,-3.85162
21.716,-3.84924
21.717,-3.84686
21.718,-3.84448
21.719,-3.8421
21.72,-3.83971
21.721,-3.83732
21.722,-3.83493
21.723,-3.83254
21.724,-3.83015
21.725,-3.82775
21.726,-3.82535
21.727,-3.82295
21.728,-3.82055
21.729,-3.81815
21.73,-3.81574
21.731,-3.81334
21.732,-3.81093
21.733,-3.80852
21.734,-3.8061
21.735,-3.80369
21.736,-3.80127
21.737,-3.79885
21.738,-3.79643
21.739,-3.79401
21.74,-3.79159
21.741,-3.78916
21.742,-3.78673
21.743,-3.7843
21.744,-3.78187
21.745,-3.77944
21.746,-3.777
21.747,-3.77456
21.748,-3.77212
21.749,-3.76968
21.75,-3.76724
21.751,-3.76479
21.752,-3.76234
21.753,-3.75989
21.754,-3.75744
21.755,-3.75499
21.756,-3.75253
21.757,-3.75008
21.758,-3.74762
21.759,-3.74516
21.76,-3.74269
21.761,-3.74023
21.762,-3.73776
21.763,-3.73529
21.764,-3.73282
21.765,-3.73035
21.766,-3.72787
21.767,-3.72539
21.768,-3.72291
21.769,-3.72043
21.77,-3.71795
21.771,-3.71546
21.772,-3.71298
21.773,-3.71049
21.774,-3.708
21.775,-3.7055
21.776,-3.70301
21.777,-3.70051
21.778,-3.69801
21.779,-3.69551
21.78,-3.69301
21.781,-3.6905
21.782,-3.68799
21.783,-3.68549
21.784,-3.68297
21.785,-3.68046
21.786,-3.67794
21.787,-3.67543
21.788,-3.67291
21.789,-3.67039
21.79,-3.66786
21.791,-3.66534
21.792,-3.66281
21.793,-3.66028
21.794,-3.65775
21.795,-3.65521
21.796,-3.65268
21.797,-3.65014
21.798,-3.6476
21.799,-3.64506
21.8,-3.64251
21.801,-3.63996
21.802,-3.63742
21.803,-3.63486
21.804,-3.63231
21.805,-3.62976
21.806,-3.6272
21.807,-3.62464
21.808,-3.62208
21.809,-3.61951
21.81,-3.61695
21.811,-3.61438
21.812,-3.61181
21.813,-3.60924
21.814,-3.60667
21.815,-3.60409
21.816,-3.60151
21.817,-3.59893
21.818,-3.59635
21.819,-3.59376
21.82,-3.59117
21.821,-3.58858
21.822,-3.58599
21.823,-3.5834
21.824,-3.5808
21.825,-3.57821
21.826,-3.57561
21.827,-3.573
21.828,-3.5704
21.829,-3.56779
21.83,-3.56518
21.831,-3.56257
21.832,-3.55996
21.833,-3.55734
21.834,-3.55472
21.835,-3.5521
21.836,-3.54948
21.837,-3.54686
21.838,-3.54423
21.839,-3.5416
21.84,-3.53897
21.841,-3.53634
21.842,-3.5337
21.843,-3.53106
21.844,-3.52842
21.845,-3.52578
21.846,-3.52313
21.847,-3.52049
21.848,-3.51784
21.849,-3.51518
21.85,-3.51253
21.851,-3.50987
21.852,-3.50721
21.853,-3.50455
21.854,-3.50189
21.855,-3.49922
21.856,-3.49656
21.857,-3.49389
21.858,-3.49121
21.859,-3.48854
21.86,-3.48586
21.861,-3.48318
21.862,-3.4805
21.863,-3.47781
21.864,-3.47513
21.865,-3.47244
21.866,-3.46975
21.867,-3.46705
21.868,-3.46436
21.869,-3.46166
21.87,-3.45896
21.871,-3.45625
21.872,-3.45355
21.873,-3.45084
21.874,-3.44813
21.875,-3.44541
21.876,-3.4427
21.877,-3.43998
21.878,-3.43726
21.879,-3.43454
21.88,-3.43181
21.881,-3.42908
21.882,-3.42635
21.883,-3.42362
21.884,-3.42088
21.885,-3.41815
21.886,-3.41541
21.887,-3.41266
21.888,-3.40992
21.889,-3.40717
21.89,-3.40442
21.891,-3.40167
21.892,-3.39891
21.893,-3.39615
21.894,-3.39339
21.895,-3.39063
21.896,-3.38787
21.897,-3.3851
21.898,-3.38233
21.899,-3.37955
21.9,-3.37678
21.901,-3.374
21.902,-3.37122
21.903,-3.36843
21.904,-3.36565
21.905,-3.36286
21.906,-3.36007
21.907,-3.35728
21.908,-3.35448
21.909,-3.35168
21.91,-3.34888
21.911,-3.34607
21.912,-3.34327
21.913,-3.34046
21.914,-3.33764
21.915,-3.33483
21.916,-3.33201
21.917,-3.32919
21.918,-3.32637
21.919,-3.32354
21.92,-3.32071
21.921,-3.31788
21.922,-3.31505
21.923,-3.31221
21.924,-3.30937
21.925,-3.30653
21.926,-3.30369
21.927,-3.30084
21.928,-3.29799
21.929,-3.29514
21.93,-3.29228
21.931,-3.28942
21.932,-3.28656
21.933,-3.2837
21.934,-3.28083
21.935,-3.27796
21.936,-3.27509
21.937,-3.27221
21.938,-3.26934
21.939,-3.26645
21.94,-3.26357
21.941,-3.26068
21.942,-3.2578
21.943,-3.2549
21.944,-3.25201
21.945,-3.24911
21.946,-3.24621
21.947,-3.24331
21.948,-3.2404
21.949,-3.23749
21.95,-3.23458
21.951,-3.23166
21.952,-3.22874
21.953,-3.22582
21.954,-3.2229
21.955,-3.21997
21.956,-3.21704
21.957,-3.21411
21.958,-3.21117
21.959,-3.20823
21.96,-3.20529
21.961,-3.20235
21.962,-3.1994
21.963,-3.19645
21.964,-3.19349
21.965,-3.19054
21.966,-3.18758
21.967,-3.18461
21.968,-3.18165
21.969,-3.17868
21.97,-3.17571
21.971,-3.17273
21.972,-3.16975
21.973,-3.16677
21.974,-3.16379
21.975,-3.1608
21.976,-3.15781
21.977,-3.15482
21.978,-3.15182
21.979,-3.14882
21.98,-3.14582
21.981,-3.14281
21.982,-3.1398
21.983,-3.13679
21.984,-3.13377
21.985,-3.13075
21.986,-3.12773
21.987,-3.12471
21.988,-3.12168
21.989,-3.11865
21.99,-3.11561
21.991,-3.11257
21.992,-3.10953
21.993,-3.10649
21.994,-3.10344
21.995,-3.10039
21.996,-3.09733
21.997,-3.09427
21.998,-3.09121
21.999,-3.08815
22,-3.08508
22.001,-3.08201
22.002,-3.07894
22.003,-3.07586
22.004,-3.07278
22.005,-3.06969
22.006,-3.0666
22.007,-3.06351
22.008,-3.06042
22.009,-3.05732
22.01,-3.05422
22.011,-3.05111
22.012,-3.04801
22.013,-3.0449
22.014,-3.04178
22.015,-3.03866
22.016,-3.03554
22.017,-3.03241
22.018,-3.02929
22.019,-3.02615
22.02,-3.02302
22.021,-3.01988
22.022,-3.01673
22.023,-3.01359
22.024,-3.01044
22.025,-3.00728
22.026,-3.00413
22.027,-3.00097
22.028,-2.9978
22.029,-2.99463
22.03,-2.99146
22.031,-2.98829
22.032,-2.98511
22.033,-2.98193
22.034,-2.97874
22.035,-2.97555
22.036,-2.97236
22.037,-2.96916
22.038,-2.96596
22.039,-2.96276
22.04,-2.95955
22.041,-2.95634
22.042,-2.95312
22.043,-2.9499
22.044,-2.94668
22.045,-2.94345
22.046,-2.94022
22.047,-2.93699
22.048,-2.93375
22.049,-2.93051
22.05,-2.92727
22.051,-2.92402
22.052,-2.92076
22.053,-2.91751
22.054,-2.91425
22.055,-2.91098
22.056,-2.90771
22.057,-2.90444
22.058,-2.90116
22.059,-2.89788
22.06,-2.8946
22.061,-2.89131
22.062,-2.88802
22.063,-2.88473
22.064,-2.88143
22.065,-2.87812
22.066,-2.87482
22.067,-2.8715
22.068,-2.86819
22.069,-2.86487
22.07,-2.86155
22.071,-2.85822
22.072,-2.85489
22.073,-2.85155
22.074,-2.84821
22.075,-2.84487
22.076,-2.84152
22.077,-2.83817
22.078,-2.83481
22.079,-2.83145
22.08,-2.82809
22.081,-2.82472
22.082,-2.82135
22.083,-2.81797
22.084,-2.81459
22.085,-2.81121
22.086,-2.80782
22.087,-2.80443
22.088,-2.80103
22.089,-2.79763
22.09,-2.79422
22.091,-2.79081
22.092,-2.7874
22.093,-2.78398
22.094,-2.78056
22.095,-2.77713
22.096,-2.7737
22.097,-2.77026
22.098,-2.76682
22.099,-2.76338
22.1,-2.75993
22.101,-2.75648
22.102,-2.75302
22.103,-2.74956
22.104,-2.74609
22.105,-2.74262
22.106,-2.73915
22.107,-2.73567
22.108,-2.73218
22.109,-2.7287
22.11,-2.7252
22.111,-2.72171
22.112,-2.71821
22.113,-2.7147
22.114,-2.71119
22.115,-2.70767
22.116,-2.70415
22.117,-2.70063
22.118,-2.6971
22.119,-2.69357
22.12,-2.69003
22.121,-2.68649
22.122,-2.68294
22.123,-2.67939
22.124,-2.67583
22.125,-2.67227
22.126,-2.66871
22.127,-2.66514
22.128,-2.66156
22.129,-2.65799
22.13,-2.6544
22.131,-2.65081
22.132,-2.64722
22.133,-2.64362
22.134,-2.64002
22.135,-2.63641
22.136,-2.6328
22.137,-2.62918
22.138,-2.62556
22.139,-2.62193
22.14,-2.6183
22.141,-2.61466
22.142,-2.61102
22.143,-2.60738
22.144,-2.60373
22.145,-2.60007
22.146,-2.59641
22.147,-2.59274
22.148,-2.58907
22.149,-2.5854
22.15,-2.58172
22.151,-2.57803
22.152,-2.57434
22.153,-2.57065
22.154,-2.56695
22.155,-2.56324
22.156,-2.55953
22.157,-2.55582
22.158,-2.5521
22.159,-2.54837
22.16,-2.54464
22.161,-2.54091
22.162,-2.53717
22.163,-2.53342
22.164,-2.52967
22.165,-2.52591
22.166,-2.52215
22.167,-2.51839
22.168,-2.51462
22.169,-2.51084
22.17,-2.50706
22.171,-2.50327
22.172,-2.49948
22.173,-2.49568
22.174,-2.49188
22.175,-2.48807
22.176,-2.48426
22.177,-2.48044
22.178,-2.47662
22.179,-2.47279
22.18,-2.46896
22.181,-2.46512
22.182,-2.46127
22.183,-2.45742
22.184,-2.45357
22.185,-2.4497
22.186,-2.44584
22.187,-2.44197
22.188,-2.43809
22.189,-2.43421
22.19,-2.43032
22.191,-2.42643
22.192,-2.42253
22.193,-2.41862
22.194,-2.41471
22.195,-2.4108
22.196,-2.40688
22.197,-2.40295
22.198,-2.39902
22.199,-2.39508
22.2,-2.39114
22.201,-2.38719
22.202,-2.38324
22.203,-2.37928
22.204,-2.37531
22.205,-2.37134
22.206,-2.36736
22.207,-2.36338
22.208,-2.35939
22.209,-2.3554
22.21,-2.3514
22.211,-2.34739
22.212,-2.34338
22.213,-2.33937
22.214,-2.33534
22.215,-2.33132
22.216,-2.32728
22.217,-2.32324
22.218,-2.3192
22.219,-2.31514
22.22,-2.31109
22.221,-2.30702
22.222,-2.30296
22.223,-2.29888
22.224,-2.2948
22.225,-2.29071
22.226,-2.28662
22.227,-2.28252
22.228,-2.27842
22.229,-2.27431
22.23,-2.27019
22.231,-2.26607
22.232,-2.26194
22.233,-2.25781
22.234,-2.25366
22.235,-2.24952
22.236,-2.24537
22.237,-2.24121
22.238,-2.23704
22.239,-2.23287
22.24,-2.22869
22.241,-2.22451
22.242,-2.22032
22.243,-2.21613
22.244,-2.21193
22.245,-2.20772
22.246,-2.2035
22.247,-2.19928
22.248,-2.19506
22.249,-2.19082
22.25,-2.18659
22.251,-2.18234
22.252,-2.17809
22.253,-2.17383
22.254,-2.16957
22.255,-2.1653
22.256,-2.16102
22.257,-2.15674
22.258,-2.15245
22.259,-2.14815
22.26,-2.14385
22.261,-2.13954
22.262,-2.13523
22.263,-2.13091
22.264,-2.12658
22.265,-2.12224
22.266,-2.1179
22.267,-2.11356
22.268,-2.1092
22.269,-2.10484
22.27,-2.10047
22.271,-2.0961
22.272,-2.09172
22.273,-2.08733
22.274,-2.08294
22.275,-2.07854
22.276,-2.07414
22.277,-2.06972
22.278,-2.0653
22.279,-2.06088
22.28,-2.05644
22.281,-2.052
22.282,-2.04756
22.283,-2.0431
22.284,-2.03864
22.285,-2.03418
22.286,-2.02971
22.287,-2.02522
22.288,-2.02074
22.289,-2.01624
22.29,-2.01174
22.291,-2.00724
22.292,-2.00272
22.293,-1.9982
22.294,-1.99367
22.295,-1.98914
22.296,-1.9846
22.297,-1.98005
22.298,-1.97549
22.299,-1.97093
22.3,-1.96636
22.301,-1.96178
22.302,-1.9572
22.303,-1.95261
22.304,-1.94801
22.305,-1.94341
22.306,-1.93879
22.307,-1.93418
22.308,-1.92955
22.309,-1.92492
22.31,-1.92028
22.311,-1.91563
22.312,-1.91097
22.313,-1.90631
22.314,-1.90164
22.315,-1.89697
22.316,-1.89229
22.317,-1.88759
22.318,-1.8829
22.319,-1.87819
22.32,-1.87348
22.321,-1.86876
22.322,-1.86403
22.323,-1.8593
22.324,-1.85456
22.325,-1.84981
22.326,-1.84505
22.327,-1.84029
22.328,-1.83552
22.329,-1.83074
22.33,-1.82595
22.331,-1.82116
22.332,-1.81636
22.333,-1.81155
22.334,-1.80674
22.335,-1.80191
22.336,-1.79708
22.337,-1.79224
22.338,-1.7874
22.339,-1.78255
22.34,-1.77768
22.341,-1.77282
22.342,-1.76794
22.343,-1.76306
22.344,-1.75816
22.345,-1.75327
22.346,-1.74836
22.347,-1.74344
22.348,-1.73852
22.349,-1.73359
22.35,-1.72865
22.351,-1.72371
22.352,-1.71876
22.353,-1.7138
22.354,-1.70883
22.355,-1.70385
22.356,-1.69887
22.357,-1.69387
22.358,-1.68887
22.359,-1.68386
22.36,-1.67885
22.361,-1.67383
22.362,-1.66879
22.363,-1.66375
22.364,-1.65871
22.365,-1.65365
22.366,-1.64859
22.367,-1.64351
22.368,-1.63843
22.369,-1.63335
22.37,-1.62825
22.371,-1.62315
22.372,-1.61803
22.373,-1.61291
22.374,-1.60779
22.375,-1.60265
22.376,-1.5975
22.377,-1.59235
22.378,-1.58719
22.379,-1.58202
22.38,-1.57684
22.381,-1.57166
22.382,-1.56646
22.383,-1.56126
22.384,-1.55605
22.385,-1.55083
22.386,-1.5456
22.387,-1.54037
22.388,-1.53512
22.389,-1.52987
22.39,-1.52461
22.391,-1.51934
22.392,-1.51406
22.393,-1.50878
22.394,-1.50348
22.395,-1.49818
22.396,-1.49287
22.397,-1.48755
22.398,-1.48222
22.399,-1.47688
22.4,-1.47154
22.401,-1.46618
22.402,-1.46082
22.403,-1.45545
22.404,-1.45006
22.405,-1.44468
22.406,-1.43928
22.407,-1.43387
22.408,-1.42846
22.409,-1.42303
22.41,-1.4176
22.411,-1.41216
22.412,-1.40671
22.413,-1.40125
22.414,-1.39578
22.415,-1.3903
22.416,-1.38482
22.417,-1.37932
22.418,-1.37382
22.419,-1.3683
22.42,-1.36278
22.421,-1.35725
22.422,-1.35171
22.423,-1.34616
22.424,-1.34061
22.425,-1.33504
22.426,-1.32946
22.427,-1.32388
22.428,-1.31829
22.429,-1.31268
22.43,-1.30707
22.431,-1.30145
22.432,-1.29582
22.433,-1.29018
22.434,-1.28453
22.435,-1.27887
22.436,-1.2732
22.437,-1.26753
22.438,-1.26184
22.439,-1.25615
22.44,-1.25044
22.441,-1.24473
22.442,-1.239
22.443,-1.23327
22.444,-1.22753
22.445,-1.22178
22.446,-1.21602
22.447,-1.21024
22.448,-1.20446
22.449,-1.19867
22.45,-1.19288
22.451,-1.18707
22.452,-1.18125
22.453,-1.17542
22.454,-1.16958
22.455,-1.16374
22.456,-1.15788
22.457,-1.15201
22.458,-1.14614
22.459,-1.14025
22.46,-1.13435
22.461,-1.12845
22.462,-1.12253
22.463,-1.11661
22.464,-1.11067
22.465,-1.10473
22.466,-1.09877
22.467,-1.09281
22.468,-1.08684
22.469,-1.08085
22.47,-1.07486
22.471,-1.06885
22.472,-1.06284
22.473,-1.05681
22.474,-1.05078
22.475,-1.04474
22.476,-1.03868
22.477,-1.03262
22.478,-1.02654
22.479,-1.02046
22.48,-1.01436
22.481,-1.00826
22.482,-1.00214
22.483,-0.996016
22.484,-0.989881
22.485,-0.983735
22.486,-0.977578
22.487,-0.971411
22.488,-0.965234
22.489,-0.959047
22.49,-0.952849
22.491,-0.946641
22.492,-0.940422
22.493,-0.934193
22.494,-0.927954
22.495,-0.921703
22.496,-0.915443
22.497,-0.909172
22.498,-0.90289
22.499,-0.896598
22.5,-0.890295
22.501,-0.883981
22.502,-0.877657
22.503,-0.871322
22.504,-0.864977
22.505,-0.85862
22.506,-0.852253
22.507,-0.845875
22.508,-0.839487
22.509,-0.833087
22.51,-0.826677
22.511,-0.820256
22.512,-0.813824
22.513,-0.807381
22.514,-0.800927
22.515,-0.794462
22.516,-0.787986
22.517,-0.781499
22.518,-0.775001
22.519,-0.768492
22.52,-0.761972
22.521,-0.755441
22.522,-0.748899
22.523,-0.742346
22.524,-0.735781
22.525,-0.729205
22.526,-0.722618
22.527,-0.71602
22.528,-0.709411
22.529,-0.70279
22.53,-0.696158
22.531,-0.689514
22.532,-0.682859
22.533,-0.676193
22.534,-0.669515
22.535,-0.662826
22.536,-0.656126
22.537,-0.649414
22.538,-0.64269
22.539,-0.635955
22.54,-0.629208
22.541,-0.62245
22.542,-0.61568
22.543,-0.608898
22.544,-0.602105
22.545,-0.5953
22.546,-0.588484
22.547,-0.581655
22.548,-0.574815
22.549,-0.567963
22.55,-0.561099
22.551,-0.554224
22.552,-0.547336
22.553,-0.540437
22.554,-0.533526
22.555,-0.526602
22.556,-0.519667
22.557,-0.51272
22.558,-0.505761
22.559,-0.498789
22.56,-0.491806
22.561,-0.48481
22.562,-0.477803
22.563,-0.470783
22.564,-0.463751
22.565,-0.456707
22.566,-0.449651
22.567,-0.442582
22.568,-0.435501
22.569,-0.428408
22.57,-0.421302
22.571,-0.414184
22.572,-0.407054
22.573,-0.399911
22.574,-0.392756
22.575,-0.385588
22.576,-0.378408
22.577,-0.371215
22.578,-0.36401
22.579,-0.356792
22.58,-0.349562
22.581,-0.342319
22.582,-0.335063
22.583,-0.327795
22.584,-0.320514
22.585,-0.31322
22.586,-0.305913
22.587,-0.298594
22.588,-0.291261
22.589,-0.283916
22.59,-0.276558
22.591,-0.269187
22.592,-0.261804
22.593,-0.254407
22.594,-0.246997
22.595,-0.239574
22.596,-0.232139
22.597,-0.22469
22.598,-0.217228
22.599,-0.209753
22.6,-0.202264
22.601,-0.194763
22.602,-0.187248
22.603,-0.17972
22.604,-0.172179
22.605,-0.164625
22.606,-0.157057
22.607,-0.149476
22.608,-0.141882
22.609,-0.134274
22.61,-0.126653
22.611,-0.119018
22.612,-0.11137
22.613,-0.103708
22.614,-0.0960326
22.615,-0.0883437
22.616,-0.0806413
22.617,-0.0729252
22.618,-0.0651954
22.619,-0.057452
22.62,-0.0496949
22.621,-0.041924
22.622,-0.0341394
22.623,-0.0263409
22.624,-0.0185286
22.625,-0.0107025
22.626,-0.00286251
22.627,0.00499141
22.628,0.0128593
22.629,0.0207411
22.63,0.0286369
22.631,0.0365468
22.632,0.0444707
22.633,0.0524087
22.634,0.0603608
22.635,0.0683271
22.636,0.0763075
22.637,0.0843022
22.638,0.092311
22.639,0.100334
22.64,0.108372
22.641,0.116423
22.642,0.124489
22.643,0.13257
22.644,0.140665
22.645,0.148774
22.646,0.156898
22.647,0.165036
22.648,0.173189
22.649,0.181356
22.65,0.189538
22.651,0.197735
22.652,0.205946
22.653,0.214172
22.654,0.222412
22.655,0.230667
22.656,0.238937
22.657,0.247222
22.658,0.255522
22.659,0.263836
22.66,0.272166
22.661,0.28051
22.662,0.288869
22.663,0.297243
22.664,0.305633
22.665,0.314037
22.666,0.322456
22.667,0.33089
22.668,0.33934
22.669,0.347804
22.67,0.356284
22.671,0.364779
22.672,0.37329
22.673,0.381815
22.674,0.390356
22.675,0.398912
22.676,0.407483
22.677,0.41607
22.678,0.424673
22.679,0.43329
22.68,0.441924
22.681,0.450572
22.682,0.459237
22.683,0.467917
22.684,0.476612
22.685,0.485323
22.686,0.49405
22.687,0.502792
22.688,0.511551
22.689,0.520325
22.69,0.529114
22.691,0.53792
22.692,0.546741
22.693,0.555578
22.694,0.564432
22.695,0.573301
22.696,0.582186
22.697,0.591087
22.698,0.600004
22.699,0.608937
22.7,0.617887
22.701,0.626852
22.702,0.635834
22.703,0.644831
22.704,0.653845
22.705,0.662876
22.706,0.671922
22.707,0.680985
22.708,0.690064
22.709,0.69916
22.71,0.708272
22.711,0.7174
22.712,0.726545
22.713,0.735706
22.714,0.744884
22.715,0.754079
22.716,0.76329
22.717,0.772518
22.718,0.781762
22.719,0.791023
22.72,0.800301
22.721,0.809595
22.722,0.818907
22.723,0.828235
22.724,0.83758
22.725,0.846942
22.726,0.85632
22.727,0.865716
22.728,0.875129
22.729,0.884559
22.73,0.894005
22.731,0.903469
22.732,0.91295
22.733,0.922448
22.734,0.931964
22.735,0.941496
22.736,0.951046
22.737,0.960613
22.738,0.970197
22.739,0.979799
22.74,0.989418
22.741,0.999054
22.742,1.00871
22.743,1.01838
22.744,1.02807
22.745,1.03777
22.746,1.0475
22.747,1.05724
22.748,1.067
22.749,1.07678
22.75,1.08657
22.751,1.09638
22.752,1.10621
22.753,1.11606
22.754,1.12593
22.755,1.13581
22.756,1.14571
22.757,1.15563
22.758,1.16557
22.759,1.17552
22.76,1.18549
22.761,1.19549
22.762,1.20549
22.763,1.21552
22.764,1.22557
22.765,1.23563
22.766,1.24571
22.767,1.25581
22.768,1.26593
22.769,1.27607
22.77,1.28622
22.771,1.2964
22.772,1.30659
22.773,1.3168
22.774,1.32703
22.775,1.33728
22.776,1.34754
22.777,1.35783
22.778,1.36813
22.779,1.37845
22.78,1.38879
22.781,1.39915
22.782,1.40953
22.783,1.41993
22.784,1.43035
22.785,1.44078
22.786,1.45123
22.787,1.46171
22.788,1.4722
22.789,1.48271
22.79,1.49324
22.791,1.50379
22.792,1.51435
22.793,1.52494
22.794,1.53555
22.795,1.54617
22.796,1.55682
22.797,1.56748
22.798,1.57816
22.799,1.58887
22.8,1.59959
22.801,1.61033
22.802,1.62109
22.803,1.63187
22.804,1.64267
22.805,1.65349
22.806,1.66433
22.807,1.67519
22.808,1.68607
22.809,1.69697
22.81,1.70788
22.811,1.71882
22.812,1.72978
22.813,1.74076
22.814,1.75175
22.815,1.76277
22.816,1.77381
22.817,1.78487
22.818,1.79594
22.819,1.80704
22.82,1.81816
22.821,1.8293
22.822,1.84045
22.823,1.85163
22.824,1.86283
22.825,1.87405
22.826,1.88529
22.827,1.89655
22.828,1.90783
22.829,1.91913
22.83,1.93045
22.831,1.94179
22.832,1.95315
22.833,1.96453
22.834,1.97594
22.835,1.98736
22.836,1.99881
22.837,2.01027
22.838,2.02176
22.839,2.03326
22.84,2.04479
22.841,2.05634
22.842,2.06791
22.843,2.0795
22.844,2.09111
22.845,2.10275
22.846,2.1144
22.847,2.12607
22.848,2.13777
22.849,2.14949
22.85,2.16123
22.851,2.17299
22.852,2.18477
22.853,2.19657
22.854,2.20839
22.855,2.22024
22.856,2.23211
22.857,2.244
22.858,2.25591
22.859,2.26784
22.86,2.27979
22.861,2.29177
22.862,2.30376
22.863,2.31578
22.864,2.32782
22.865,2.33989
22.866,2.35197
22.867,2.36408
22.868,2.37621
22.869,2.38836
22.87,2.40053
22.871,2.41272
22.872,2.42494
22.873,2.43718
22.874,2.44944
22.875,2.46172
22.876,2.47403
22.877,2.48636
22.878,2.49871
22.879,2.51108
22.88,2.52348
22.881,2.53589
22.882,2.54834
22.883,2.5608
22.884,2.57328
22.885,2.58579
22.886,2.59833
22.887,2.61088
22.888,2.62346
22.889,2.63606
22.89,2.64868
22.891,2.66133
22.892,2.674
22.893,2.68669
22.894,2.6994
22.895,2.71214
22.896,2.7249
22.897,2.73769
22.898,2.7505
22.899,2.76333
22.9,2.77618
22.901,2.78906
22.902,2.80196
22.903,2.81489
22.904,2.82784
22.905,2.84081
22.906,2.85381
22.907,2.86683
22.908,2.87987
22.909,2.89294
22.91,2.90603
22.911,2.91914
22.912,2.93228
22.913,2.94545
22.914,2.95863
22.915,2.97184
22.916,2.98508
22.917,2.99834
22.918,3.01162
22.919,3.02493
22.92,3.03827
22.921,3.05162
22.922,3.065
22.923,3.07841
22.924,3.09184
22.925,3.1053
22.926,3.11878
22.927,3.13228
22.928,3.14581
22.929,3.15936
22.93,3.17294
22.931,3.18655
22.932,3.20017
22.933,3.21383
22.934,3.22751
22.935,3.24121
22.936,3.25494
22.937,3.2687
22.938,3.28247
22.939,3.29628
22.94,3.31011
22.941,3.32397
22.942,3.33785
22.943,3.35175
22.944,3.36569
22.945,3.37965
22.946,3.39363
22.947,3.40764
22.948,3.42167
22.949,3.43574
22.95,3.44982
22.951,3.46394
22.952,3.47808
22.953,3.49224
22.954,3.50643
22.955,3.52065
22.956,3.53489
22.957,3.54916
22.958,3.56346
22.959,3.57778
22.96,3.59213
22.961,3.60651
22.962,3.62091
22.963,3.63534
22.964,3.6498
22.965,3.66428
22.966,3.67879
22.967,3.69333
22.968,3.70789
22.969,3.72249
22.97,3.7371
22.971,3.75175
22.972,3.76642
22.973,3.78112
22.974,3.79585
22.975,3.8106
22.976,3.82539
22.977,3.8402
22.978,3.85503
22.979,3.8699
22.98,3.88479
22.981,3.89971
22.982,3.91466
22.983,3.92964
22.984,3.94464
22.985,3.95967
22.986,3.97474
22.987,3.98982
22.988,4.00494
22.989,4.02009
22.99,4.03526
22.991,4.05046
22.992,4.0657
22.993,4.08096
22.994,4.09624
22.995,4.11156
22.996,4.12691
22.997,4.14228
22.998,4.15769
22.999,4.17312
23,4.18858
23.001,4.20408
23.002,4.2196
23.003,4.23515
23.004,4.25073
23.005,4.26634
23.006,4.28197
23.007,4.29764
23.008,4.31334
23.009,4.32907
23.01,4.34483
23.011,4.36062
23.012,4.37643
23.013,4.39228
23.014,4.40816
23.015,4.42407
23.016,4.44001
23.017,4.45598
23.018,4.47198
23.019,4.48801
23.02,4.50407
23.021,4.52016
23.022,4.53629
23.023,4.55244
23.024,4.56862
23.025,4.58484
23.026,4.60109
23.027,4.61737
23.028,4.63368
23.029,4.65002
23.03,4.66639
23.031,4.6828
23.032,4.69923
23.033,4.7157
23.034,4.7322
23.035,4.74873
23.036,4.7653
23.037,4.78189
23.038,4.79852
23.039,4.81518
23.04,4.83188
23.041,4.8486
23.042,4.86536
23.043,4.88215
23.044,4.89898
23.045,4.91584
23.046,4.93273
23.047,4.94965
23.048,4.96661
23.049,4.9836
23.05,5.00062
23.051,5.01768
23.052,5.03477
23.053,5.05189
23.054,5.06905
23.055,5.08624
23.056,5.10347
23.057,5.12073
23.058,5.13802
23.059,5.15535
23.06,5.17271
23.061,5.19011
23.062,5.20754
23.063,5.22501
23.064,5.24251
23.065,5.26005
23.066,5.27762
23.067,5.29523
23.068,5.31287
23.069,5.33055
23.07,5.34827
23.071,5.36602
23.072,5.3838
23.073,5.40162
23.074,5.41948
23.075,5.43737
23.076,5.4553
23.077,5.47327
23.078,5.49127
23.079,5.50931
23.08,5.52738
23.081,5.5455
23.082,5.56365
23.083,5.58183
23.084,5.60006
23.085,5.61832
23.086,5.63662
23.087,5.65495
23.088,5.67333
23.089,5.69174
23.09,5.71019
23.091,5.72868
23.092,5.7472
23.093,5.76577
23.094,5.78437
23.095,5.80301
23.096,5.82169
23.097,5.84041
23.098,5.85917
23.099,5.87797
23.1,5.89681
23.101,5.91568
23.102,5.9346
23.103,5.95356
23.104,5.97255
23.105,5.99159
23.106,6.01066
23.107,6.02978
23.108,6.04894
23.109,6.06813
23.11,6.08737
23.111,6.10665
23.112,6.12597
23.113,6.14533
23.114,6.16474
23.115,6.18418
23.116,6.20367
23.117,6.2232
23.118,6.24277
23.119,6.26238
23.12,6.28203
23.121,6.30173
23.122,6.32147
23.123,6.34125
23.124,6.36108
23.125,6.38094
23.126,6.40086
23.127,6.42081
23.128,6.44081
23.129,6.46085
23.13,6.48094
23.131,6.50107
23.132,6.52124
23.133,6.54146
23.134,6.56173
23.135,6.58204
23.136,6.60239
23.137,6.62279
23.138,6.64323
23.139,6.66372
23.14,6.68426
23.141,6.70484
23.142,6.72547
23.143,6.74614
23.144,6.76686
23.145,6.78763
23.146,6.80844
23.147,6.8293
23.148,6.85021
23.149,6.87116
23.15,6.89217
23.151,6.91322
23.152,6.93431
23.153,6.95546
23.154,6.97666
23.155,6.9979
23.156,7.01919
23.157,7.04053
23.158,7.06192
23.159,7.08336
23.16,7.10485
23.161,7.12639
23.162,7.14798
23.163,7.16962
23.164,7.1913
23.165,7.21304
23.166,7.23483
23.167,7.25668
23.168,7.27857
23.169,7.30051
23.17,7.32251
23.171,7.34456
23.172,7.36666
23.173,7.38881
23.174,7.41101
23.175,7.43327
23.176,7.45558
23.177,7.47794
23.178,7.50036
23.179,7.52283
23.18,7.54535
23.181,7.56793
23.182,7.59056
23.183,7.61325
23.184,7.63599
23.185,7.65879
23.186,7.68164
23.187,7.70455
23.188,7.72751
23.189,7.75053
23.19,7.7736
23.191,7.79673
23.192,7.81992
23.193,7.84317
23.194,7.86647
23.195,7.88983
23.196,7.91324
23.197,7.93672
23.198,7.96025
23.199,7.98384
23.2,8.00749
23.201,8.0312
23.202,8.05497
23.203,8.0788
23.204,8.10268
23.205,8.12663
23.206,8.15063
23.207,8.1747
23.208,8.19883
23.209,8.22302
23.21,8.24727
23.211,8.27158
23.212,8.29595
23.213,8.32039
23.214,8.34488
23.215,8.36944
23.216,8.39406
23.217,8.41875
23.218,8.44349
23.219,8.46831
23.22,8.49318
23.221,8.51812
23.222,8.54312
23.223,8.56819
23.224,8.59333
23.225,8.61852
23.226,8.64379
23.227,8.66912
23.228,8.69451
23.229,8.71997
23.23,8.7455
23.231,8.77109
23.232,8.79676
23.233,8.82248
23.234,8.84828
23.235,8.87415
23.236,8.90008
23.237,8.92608
23.238,8.95215
23.239,8.97829
23.24,9.00449
23.241,9.03077
23.242,9.05712
23.243,9.08354
23.244,9.11003
23.245,9.13658
23.246,9.16321
23.247,9.18991
23.248,9.21669
23.249,9.24353
23.25,9.27045
23.251,9.29744
23.252,9.3245
23.253,9.35163
23.254,9.37884
23.255,9.40612
23.256,9.43348
23.257,9.46091
23.258,9.48841
23.259,9.51599
23.26,9.54365
23.261,9.57138
23.262,9.59918
23.263,9.62706
23.264,9.65502
23.265,9.68305
23.266,9.71116
23.267,9.73935
23.268,9.76762
23.269,9.79596
23.27,9.82438
23.271,9.85288
23.272,9.88146
23.273,9.91012
23.274,9.93885
23.275,9.96767
23.276,9.99657
23.277,10.0255
23.278,10.0546
23.279,10.0837
23.28,10.113
23.281,10.1423
23.282,10.1716
23.283,10.2011
23.284,10.2306
23.285,10.2603
23.286,10.29
23.287,10.3198
23.288,10.3496
23.289,10.3796
23.29,10.4097
23.291,10.4398
23.292,10.47
23.293,10.5003
23.294,10.5307
23.295,10.5611
23.296,10.5917
23.297,10.6223
23.298,10.6531
23.299,10.6839
23.3,10.7148
23.301,10.7458
23.302,10.7769
23.303,10.808
23.304,10.8393
23.305,10.8706
23.306,10.902
23.307,10.9336
23.308,10.9652
23.309,10.9969
23.31,11.0287
23.311,11.0605
23.312,11.0925
23.313,11.1246
23.314,11.1567
23.315,11.189
23.316,11.2213
23.317,11.2537
23.318,11.2863
23.319,11.3189
23.32,11.3516
23.321,11.3844
23.322,11.4173
23.323,11.4503
23.324,11.4833
23.325,11.5165
23.326,11.5498
23.327,11.5831
23.328,11.6166
23.329,11.6502
23.33,11.6838
23.331,11.7176
23.332,11.7514
23.333,11.7854
23.334,11.8194
23.335,11.8535
23.336,11.8878
23.337,11.9221
23.338,11.9565
23.339,11.9911
23.34,12.0257
23.341,12.0604
23.342,12.0953
23.343,12.1302
23.344,12.1652
23.345,12.2004
23.346,12.2356
23.347,12.2709
23.348,12.3064
23.349,12.3419
23.35,12.3776
23.351,12.4133
23.352,12.4491
23.353,12.4851
23.354,12.5212
23.355,12.5573
23.356,12.5936
23.357,12.6299
23.358,12.6664
23.359,12.703
23.36,12.7397
23.361,12.7765
23.362,12.8133
23.363,12.8503
23.364,12.8875
23.365,12.9247
23.366,12.962
23.367,12.9994
23.368,13.0369
23.369,13.0746
23.37,13.1123
23.371,13.1502
23.372,13.1882
23.373,13.2263
23.374,13.2645
23.375,13.3028
23.376,13.3412
23.377,13.3797
23.378,13.4183
23.379,13.4571
23.38,13.4959
23.381,13.5349
23.382,13.574
23.383,13.6132
23.384,13.6525
23.385,13.6919
23.386,13.7314
23.387,13.7711
23.388,13.8109
23.389,13.8507
23.39,13.8907
23.391,13.9309
23.392,13.9711
23.393,14.0114
23.394,14.0519
23.395,14.0925
23.396,14.1332
23.397,14.174
23.398,14.2149
23.399,14.256
23.4,14.2971
23.401,14.3384
23.402,14.3798
23.403,14.4214
23.404,14.463
23.405,14.5048
23.406,14.5467
23.407,14.5887
23.408,14.6308
23.409,14.6731
23.41,14.7155
23.411,14.758
23.412,14.8006
23.413,14.8433
23.414,14.8862
23.415,14.9292
23.416,14.9723
23.417,15.0156
23.418,15.059
23.419,15.1025
23.42,15.1461
23.421,15.1899
23.422,15.2338
23.423,15.2778
23.424,15.3219
23.425,15.3662
23.426,15.4106
23.427,15.4551
23.428,15.4998
23.429,15.5446
23.43,15.5895
23.431,15.6346
23.432,15.6798
23.433,15.7251
23.434,15.7705
23.435,15.8161
23.436,15.8618
23.437,15.9077
23.438,15.9537
23.439,15.9998
23.44,16.0461
23.441,16.0925
23.442,16.139
23.443,16.1857
23.444,16.2325
23.445,16.2794
23.446,16.3265
23.447,16.3738
23.448,16.4211
23.449,16.4686
23.45,16.5163
23.451,16.5641
23.452,16.612
23.453,16.6601
23.454,16.7083
23.455,16.7567
23.456,16.8052
23.457,16.8538
23.458,16.9026
23.459,16.9515
23.46,17.0006
23.461,17.0499
23.462,17.0992
23.463,17.1488
23.464,17.1985
23.465,17.2483
23.466,17.2983
23.467,17.3484
23.468,17.3987
23.469,17.4491
23.47,17.4997
23.471,17.5504
23.472,17.6013
23.473,17.6524
23.474,17.7036
23.475,17.7549
23.476,17.8064
23.477,17.8581
23.478,17.9099
23.479,17.9619
23.48,18.014
23.481,18.0663
23.482,18.1188
23.483,18.1714
23.484,18.2242
23.485,18.2771
23.486,18.3302
23.487,18.3835
23.488,18.4369
23.489,18.4905
23.49,18.5443
23.491,18.5982
23.492,18.6523
23.493,18.7066
23.494,18.761
23.495,18.8156
23.496,18.8704
23.497,18.9253
23.498,18.9804
23.499,19.0357
23.5,19.0912
23.501,19.1468
23.502,19.2026
23.503,19.2586
23.504,19.3148
23.505,19.3711
23.506,19.4276
23.507,19.4843
23.508,19.5412
23.509,19.5982
23.51,19.6554
23.511,19.7129
23.512,19.7704
23.513,19.8282
23.514,19.8862
23.515,19.9443
23.516,20.0027
23.517,20.0612
23.518,20.1199
23.519,20.1788
23.52,20.2378
23.521,20.2971
23.522,20.3566
23.523,20.4162
23.524,20.4761
23.525,20.5361
23.526,20.5963
23.527,20.6568
23.528,20.7174
23.529,20.7782
23.53,20.8392
23.531,20.9005
23.532,20.9619
23.533,21.0235
23.534,21.0853
23.535,21.1473
23.536,21.2096
23.537,21.272
23.538,21.3346
23.539,21.3975
23.54,21.4605
23.541,21.5238
23.542,21.5872
23.543,21.6509
23.544,21.7148
23.545,21.7789
23.546,21.8432
23.547,21.9077
23.548,21.9725
23.549,22.0374
23.55,22.1026
23.551,22.168
23.552,22.2336
23.553,22.2994
23.554,22.3654
23.555,22.4317
23.556,22.4982
23.557,22.5649
23.558,22.6319
23.559,22.699
23.56,22.7664
23.561,22.834
23.562,22.9019
23.563,22.9699
23.564,23.0383
23.565,23.1068
23.566,23.1756
23.567,23.2446
23.568,23.3138
23.569,23.3833
23.57,23.453
23.571,23.5229
23.572,23.5931
23.573,23.6635
23.574,23.7342
23.575,23.8051
23.576,23.8762
23.577,23.9476
23.578,24.0192
23.579,24.0911
23.58,24.1632
23.581,24.2356
23.582,24.3082
23.583,24.381
23.584,24.4541
23.585,24.5275
23.586,24.6011
23.587,24.6749
23.588,24.7491
23.589,24.8234
23.59,24.898
23.591,24.9729
23.592,25.048
23.593,25.1234
23.594,25.199
23.595,25.2749
23.596,25.3511
23.597,25.4275
23.598,25.5042
23.599,25.5811
23.6,25.6583
23.601,25.7358
23.602,25.8135
23.603,25.8915
23.604,25.9697
23.605,26.0482
23.606,26.127
23.607,26.2061
23.608,26.2854
23.609,26.3649
23.61,26.4448
23.611,26.5249
23.612,26.6053
23.613,26.6859
23.614,26.7668
23.615,26.848
23.616,26.9295
23.617,27.0112
23.618,27.0932
23.619,27.1755
23.62,27.258
23.621,27.3408
23.622,27.4239
23.623,27.5072
23.624,27.5908
23.625,27.6747
23.626,27.7589
23.627,27.8433
23.628,27.928
23.629,28.013
23.63,28.0982
23.631,28.1838
23.632,28.2695
23.633,28.3556
23.634,28.4419
23.635,28.5285
23.636,28.6154
23.637,28.7025
23.638,28.7899
23.639,28.8776
23.64,28.9655
23.641,29.0537
23.642,29.1422
23.643,29.2309
23.644,29.3199
23.645,29.4092
23.646,29.4987
23.647,29.5885
23.648,29.6785
23.649,29.7688
23.65,29.8594
23.651,29.9502
23.652,30.0412
23.653,30.1326
23.654,30.2241
23.655,30.316
23.656,30.408
23.657,30.5003
23.658,30.5929
23.659,30.6857
23.66,30.7788
23.661,30.8721
23.662,30.9656
23.663,31.0594
23.664,31.1534
23.665,31.2476
23.666,31.342
23.667,31.4367
23.668,31.5316
23.669,31.6268
23.67,31.7221
23.671,31.8177
23.672,31.9135
23.673,32.0095
23.674,32.1056
23.675,32.202
23.676,32.2986
23.677,32.3954
23.678,32.4924
23.679,32.5896
23.68,32.687
23.681,32.7845
23.682,32.8822
23.683,32.9801
23.684,33.0782
23.685,33.1765
23.686,33.2749
23.687,33.3734
23.688,33.4721
23.689,33.571
23.69,33.67
23.691,33.7691
23.692,33.8684
23.693,33.9678
23.694,34.0674
23.695,34.167
23.696,34.2668
23.697,34.3667
23.698,34.4667
23.699,34.5668
23.7,34.6669
23.701,34.7672
23.702,34.8675
23.703,34.9679
23.704,35.0684
23.705,35.169
23.706,35.2696
23.707,35.3702
23.708,35.4709
23.709,35.5717
23.71,35.6724
23.711,35.7732
23.712,35.874
23.713,35.9748
23.714,36.0756
23.715,36.1765
23.716,36.2772
23.717,36.378
23.718,36.4788
23.719,36.5795
23.72,36.6802
23.721,36.7808
23.722,36.8814
23.723,36.9819
23.724,37.0823
23.725,37.1827
23.726,37.2829
23.727,37.3831
23.728,37.4832
23.729,37.5831
23.73,37.6829
23.731,37.7826
23.732,37.8822
23.733,37.9816
23.734,38.0809
23.735,38.18
23.736,38.2789
23.737,38.3777
23.738,38.4762
23.739,38.5746
23.74,38.6727
23.741,38.7707
23.742,38.8684
23.743,38.9659
23.744,39.0632
23.745,39.1602
23.746,39.2569
23.747,39.3534
23.748,39.4496
23.749,39.5455
23.75,39.6411
23.751,39.7365
23.752,39.8315
23.753,39.9262
23.754,40.0206
23.755,40.1146
23.756,40.2084
23.757,40.3017
23.758,40.3947
23.759,40.4873
23.76,40.5796
23.761,40.6715
23.762,40.763
23.763,40.854
23.764,40.9447
23.765,41.035
23.766,41.1248
23.767,41.2142
23.768,41.3032
23.769,41.3918
23.77,41.4798
23.771,41.5675
23.772,41.6546
23.773,41.7413
23.774,41.8275
23.775,41.9132
23.776,41.9984
23.777,42.0831
23.778,42.1674
23.779,42.2511
23.78,42.3342
23.781,42.4169
23.782,42.499
23.783,42.5806
23.784,42.6617
23.785,42.7422
23.786,42.8221
23.787,42.9015
23.788,42.9804
23.789,43.0586
23.79,43.1363
23.791,43.2134
23.792,43.29
23.793,43.3659
23.794,43.4413
23.795,43.516
23.796,43.5902
23.797,43.6638
23.798,43.7367
23.799,43.8091
23.8,43.8808
23.801,43.952
23.802,44.0225
23.803,44.0924
23.804,44.1617
23.805,44.2303
23.806,44.2984
23.807,44.3658
23.808,44.4325
23.809,44.4987
23.81,44.5642
23.811,44.6291
23.812,44.6933
23.813,44.7569
23.814,44.8199
23.815,44.8822
23.816,44.9439
23.817,45.005
23.818,45.0654
23.819,45.1252
23.82,45.1844
23.821,45.2429
23.822,45.3008
23.823,45.358
23.824,45.4146
23.825,45.4706
23.826,45.5259
23.827,45.5806
23.828,45.6347
23.829,45.6882
23.83,45.741
23.831,45.7932
23.832,45.8447
23.833,45.8957
23.834,45.946
23.835,45.9957
23.836,46.0448
23.837,46.0933
23.838,46.1411
23.839,46.1884
23.84,46.235
23.841,46.2811
23.842,46.3265
23.843,46.3714
23.844,46.4156
23.845,46.4593
23.846,46.5024
23.847,46.5448
23.848,46.5867
23.849,46.6281
23.85,46.6688
23.851,46.709
23.852,46.7486
23.853,46.7877
23.854,46.8262
23.855,46.8641
23.856,46.9015
23.857,46.9383
23.858,46.9746
23.859,47.0104
23.86,47.0456
23.861,47.0803
23.862,47.1144
23.863,47.1481
23.864,47.1812
23.865,47.2138
23.866,47.2459
23.867,47.2774
23.868,47.3085
23.869,47.3391
23.87,47.3692
23.871,47.3988
23.872,47.4279
23.873,47.4566
23.874,47.4847
23.875,47.5124
23.876,47.5397
23.877,47.5664
23.878,47.5928
23.879,47.6186
23.88,47.644
23.881,47.669
23.882,47.6935
23.883,47.7176
23.884,47.7413
23.885,47.7645
23.886,47.7874
23.887,47.8098
23.888,47.8318
23.889,47.8534
23.89,47.8745
23.891,47.8953
23.892,47.9157
23.893,47.9357
23.894,47.9553
23.895,47.9746
23.896,47.9934
23.897,48.0119
23.898,48.03
23.899,48.0478
23.9,48.0652
23.901,48.0822
23.902,48.0989
23.903,48.1153
23.904,48.1313
23.905,48.1469
23.906,48.1622
23.907,48.1772
23.908,48.1919
23.909,48.2062
23.91,48.2202
23.911,48.2339
23.912,48.2473
23.913,48.2604
23.914,48.2732
23.915,48.2857
23.916,48.2978
23.917,48.3097
23.918,48.3213
23.919,48.3326
23.92,48.3437
23.921,48.3544
23.922,48.3649
23.923,48.3751
23.924,48.385
23.925,48.3946
23.926,48.404
23.927,48.4132
23.928,48.422
23.929,48.4307
23.93,48.439
23.931,48.4472
23.932,48.455
23.933,48.4627
23.934,48.4701
23.935,48.4772
23.936,48.4842
23.937,48.4909
23.938,48.4973
23.939,48.5036
23.94,48.5096
23.941,48.5154
23.942,48.521
23.943,48.5264
23.944,48.5315
23.945,48.5365
23.946,48.5412
23.947,48.5458
23.948,48.5501
23.949,48.5542
23.95,48.5582
23.951,48.5619
23.952,48.5655
23.953,48.5688
23.954,48.572
23.955,48.575
23.956,48.5778
23.957,48.5804
23.958,48.5828
23.959,48.5851
23.96,48.5872
23.961,48.5891
23.962,48.5908
23.963,48.5924
23.964,48.5938
23.965,48.595
23.966,48.5961
23.967,48.597
23.968,48.5977
23.969,48.5983
23.97,48.5987
23.971,48.599
23.972,48.5991
23.973,48.599
23.974,48.5988
23.975,48.5985
23.976,48.598
23.977,48.5973
23.978,48.5965
23.979,48.5956
23.98,48.5945
23.981,48.5933
23.982,48.5919
23.983,48.5904
23.984,48.5887
23.985,48.587
23.986,48.585
23.987,48.583
23.988,48.5808
23.989,48.5785
23.99,48.576
23.991,48.5734
23.992,48.5707
23.993,48.5679
23.994,48.5649
23.995,48.5618
23.996,48.5586
23.997,48.5552
23.998,48.5518
23.999,48.5482
24,48.5445
24.001,48.5406
24.002,48.5367
24.003,48.5326
24.004,48.5284
24.005,48.5241
24.006,48.5197
24.007,48.5152
24.008,48.5105
24.009,48.5058
24.01,48.5009
24.011,48.4959
24.012,48.4908
24.013,48.4856
24.014,48.4803
24.015,48.4748
24.016,48.4693
24.017,48.4636
24.018,48.4579
24.019,48.452
24.02,48.446
24.021,48.44
24.022,48.4338
24.023,48.4275
24.024,48.4211
24.025,48.4146
24.026,48.408
24.027,48.4013
24.028,48.3945
24.029,48.3876
24.03,48.3806
24.031,48.3735
24.032,48.3663
24.033,48.359
24.034,48.3515
24.035,48.344
24.036,48.3364
24.037,48.3287
24.038,48.3209
24.039,48.313
24.04,48.305
24.041,48.2969
24.042,48.2887
24.043,48.2804
24.044,48.2721
24.045,48.2636
24.046,48.255
24.047,48.2463
24.048,48.2376
24.049,48.2287
24.05,48.2198
24.051,48.2107
24.052,48.2016
24.053,48.1924
24.054,48.183
24.055,48.1736
24.056,48.1641
24.057,48.1545
24.058,48.1448
24.059,48.135
24.06,48.1251
24.061,48.1152
24.062,48.1051
24.063,48.095
24.064,48.0847
24.065,48.0744
24.066,48.064
24.067,48.0534
24.068,48.0428
24.069,48.0322
24.07,48.0214
24.071,48.0105
24.072,47.9995
24.073,47.9885
24.074,47.9773
24.075,47.9661
24.076,47.9548
24.077,47.9434
24.078,47.9319
24.079,47.9203
24.08,47.9086
24.081,47.8969
24.082,47.885
24.083,47.8731
24.084,47.861
24.085,47.8489
24.086,47.8367
24.087,47.8244
24.088,47.8121
24.089,47.7996
24.09,47.787
24.091,47.7744
24.092,47.7617
24.093,47.7488
24.094,47.7359
24.095,47.7229
24.096,47.7099
24.097,47.6967
24.098,47.6835
24.099,47.6701
24.1,47.6567
24.101,47.6432
24.102,47.6296
24.103,47.6159
24.104,47.6021
24.105,47.5882
24.106,47.5743
24.107,47.5603
24.108,47.5461
24.109,47.5319
24.11,47.5176
24.111,47.5033
24.112,47.4888
24.113,47.4742
24.114,47.4596
24.115,47.4449
24.116,47.43
24.117,47.4151
24.118,47.4001
24.119,47.3851
24.12,47.3699
24.121,47.3547
24.122,47.3393
24.123,47.3239
24.124,47.3084
24.125,47.2928
24.126,47.2771
24.127,47.2614
24.128,47.2455
24.129,47.2296
24.13,47.2135
24.131,47.1974
24.132,47.1812
24.133,47.1649
24.134,47.1486
24.135,47.1321
24.136,47.1155
24.137,47.0989
24.138,47.0822
24.139,47.0654
24.14,47.0485
24.141,47.0315
24.142,47.0144
24.143,46.9973
24.144,46.9801
24.145,46.9627
24.146,46.9453
24.147,46.9278
24.148,46.9102
24.149,46.8926
24.15,46.8748
24.151,46.857
24.152,46.839
24.153,46.821
24.154,46.8029
24.155,46.7847
24.156,46.7664
24.157,46.7481
24.158,46.7296
24.159,46.7111
24.16,46.6924
24.161,46.6737
24.162,46.6549
24.163,46.636
24.164,46.617
24.165,46.598
24.166,46.5788
24.167,46.5596
24.168,46.5403
24.169,46.5209
24.17,46.5014
24.171,46.4818
24.172,46.4621
24.173,46.4424
24.174,46.4225
24.175,46.4026
24.176,46.3826
24.177,46.3625
24.178,46.3423
24.179,46.322
24.18,46.3016
24.181,46.2812
24.182,46.2606
24.183,46.24
24.184,46.2193
24.185,46.1985
24.186,46.1776
24.187,46.1566
24.188,46.1356
24.189,46.1144
24.19,46.0932
24.191,46.0718
24.192,46.0504
24.193,46.0289
24.194,46.0073
24.195,45.9857
24.196,45.9639
24.197,45.9421
24.198,45.9201
24.199,45.8981
24.2,45.876
24.201,45.8538
24.202,45.8315
24.203,45.8092
24.204,45.7867
24.205,45.7642
24.206,45.7415
24.207,45.7188
24.208,45.696
24.209,45.6731
24.21,45.6502
24.211,45.6271
24.212,45.6039
24.213,45.5807
24.214,45.5574
24.215,45.534
24.216,45.5105
24.217,45.4869
24.218,45.4632
24.219,45.4395
24.22,45.4156
24.221,45.3917
24.222,45.3677
24.223,45.3436
24.224,45.3194
24.225,45.2951
24.226,45.2707
24.227,45.2463
24.228,45.2217
24.229,45.1971
24.23,45.1724
24.231,45.1476
24.232,45.1227
24.233,45.0978
24.234,45.0727
24.235,45.0476
24.236,45.0223
24.237,44.997
24.238,44.9716
24.239,44.9462
24.24,44.9206
24.241,44.8949
24.242,44.8692
24.243,44.8434
24.244,44.8175
24.245,44.7915
24.246,44.7654
24.247,44.7392
24.248,44.7129
24.249,44.6866
24.25,44.6602
24.251,44.6337
24.252,44.6071
24.253,44.5804
24.254,44.5536
24.255,44.5268
24.256,44.4998
24.257,44.4728
24.258,44.4457
24.259,44.4185
24.26,44.3913
24.261,44.3639
24.262,44.3365
24.263,44.3089
24.264,44.2813
24.265,44.2536
24.266,44.2258
24.267,44.198
24.268,44.17
24.269,44.142
24.27,44.1139
24.271,44.0857
24.272,44.0574
24.273,44.029
24.274,44.0006
24.275,43.9721
24.276,43.9434
24.277,43.9147
24.278,43.886
24.279,43.8571
24.28,43.8281
24.281,43.7991
24.282,43.77
24.283,43.7408
24.284,43.7115
24.285,43.6822
24.286,43.6527
24.287,43.6232
24.288,43.5936
24.289,43.5639
24.29,43.5341
24.291,43.5043
24.292,43.4743
24.293,43.4443
24.294,43.4142
24.295,43.384
24.296,43.3538
24.297,43.3234
24.298,43.293
24.299,43.2625
24.3,43.2319
24.301,43.2013
24.302,43.1705
24.303,43.1397
24.304,43.1088
24.305,43.0778
24.306,43.0467
24.307,43.0156
24.308,42.9844
24.309,42.9531
24.31,42.9217
24.311,42.8902
24.312,42.8587
24.313,42.8271
24.314,42.7954
24.315,42.7636
24.316,42.7317
24.317,42.6998
24.318,42.6678
24.319,42.6357
24.32,42.6035
24.321,42.5713
24.322,42.539
24.323,42.5066
24.324,42.4741
24.325,42.4415
24.326,42.4089
24.327,42.3762
24.328,42.3434
24.329,42.3105
24.33,42.2776
24.331,42.2446
24.332,42.2115
24.333,42.1783
24.334,42.1451
24.335,42.1117
24.336,42.0783
24.337,42.0449
24.338,42.0113
24.339,41.9777
24.34,41.944
24.341,41.9102
24.342,41.8764
24.343,41.8425
24.344,41.8085
24.345,41.7744
24.346,41.7402
24.347,41.706
24.348,41.6717
24.349,41.6374
24.35,41.6029
24.351,41.5684
24.352,41.5338
24.353,41.4992
24.354,41.4645
24.355,41.4297
24.356,41.3948
24.357,41.3598
24.358,41.3248
24.359,41.2897
24.36,41.2546
24.361,41.2193
24.362,41.184
24.363,41.1487
24.364,41.1132
24.365,41.0777
24.366,41.0421
24.367,41.0065
24.368,40.9707
24.369,40.9349
24.37,40.8991
24.371,40.8631
24.372,40.8271
24.373,40.791
24.374,40.7549
24.375,40.7187
24.376,40.6824
24.377,40.6461
24.378,40.6096
24.379,40.5732
24.38,40.5366
24.381,40.5
24.382,40.4633
24.383,40.4265
24.384,40.3897
24.385,40.3528
24.386,40.3159
24.387,40.2788
24.388,40.2418
24.389,40.2046
24.39,40.1674
24.391,40.1301
24.392,40.0927
24.393,40.0553
24.394,40.0178
24.395,39.9803
24.396,39.9427
24.397,39.905
24.398,39.8672
24.399,39.8294
24.4,39.7916
24.401,39.7536
24.402,39.7156
24.403,39.6775
24.404,39.6394
24.405,39.6012
24.406,39.563
24.407,39.5247
24.408,39.4863
24.409,39.4478
24.41,39.4093
24.411,39.3708
24.412,39.3321
24.413,39.2934
24.414,39.2547
24.415,39.2159
24.416,39.177
24.417,39.1381
24.418,39.0991
24.419,39.06
24.42,39.0209
24.421,38.9817
24.422,38.9425
24.423,38.9032
24.424,38.8638
24.425,38.8244
24.426,38.7849
24.427,38.7454
24.428,38.7058
24.429,38.6662
24.43,38.6264
24.431,38.5867
24.432,38.5468
24.433,38.507
24.434,38.467
24.435,38.427
24.436,38.387
24.437,38.3468
24.438,38.3067
24.439,38.2664
24.44,38.2261
24.441,38.1858
24.442,38.1454
24.443,38.1049
24.444,38.0644
24.445,38.0239
24.446,37.9832
24.447,37.9425
24.448,37.9018
24.449,37.861
24.45,37.8202
24.451,37.7793
24.452,37.7383
24.453,37.6973
24.454,37.6562
24.455,37.6151
24.456,37.5739
24.457,37.5327
24.458,37.4914
24.459,37.4501
24.46,37.4087
24.461,37.3673
24.462,37.3258
24.463,37.2842
24.464,37.2426
24.465,37.201
24.466,37.1593
24.467,37.1175
24.468,37.0757
24.469,37.0338
24.47,36.9919
24.471,36.95
24.472,36.9079
24.473,36.8659
24.474,36.8238
24.475,36.7816
24.476,36.7394
24.477,36.6971
24.478,36.6548
24.479,36.6124
24.48,36.57
24.481,36.5275
24.482,36.485
24.483,36.4424
24.484,36.3998
24.485,36.3571
24.486,36.3144
24.487,36.2716
24.488,36.2288
24.489,36.1859
24.49,36.143
24.491,36.1
24.492,36.057
24.493,36.0139
24.494,35.9708
24.495,35.9277
24.496,35.8845
24.497,35.8412
24.498,35.7979
24.499,35.7545
24.5,35.7111
24.501,35.6677
24.502,35.6242
24.503,35.5806
24.504,35.537
24.505,35.4934
24.506,35.4497
24.507,35.406
24.508,35.3622
24.509,35.3184
24.51,35.2745
24.511,35.2306
24.512,35.1866
24.513,35.1426
24.514,35.0985
24.515,35.0544
24.516,35.0103
24.517,34.9661
24.518,34.9218
24.519,34.8775
24.52,34.8332
24.521,34.7888
24.522,34.7444
24.523,34.6999
24.524,34.6554
24.525,34.6109
24.526,34.5662
24.527,34.5216
24.528,34.4769
24.529,34.4322
24.53,34.3874
24.531,34.3425
24.532,34.2977
24.533,34.2528
24.534,34.2078
24.535,34.1628
24.536,34.1177
24.537,34.0726
24.538,34.0275
24.539,33.9823
24.54,33.9371
24.541,33.8918
24.542,33.8465
24.543,33.8011
24.544,33.7557
24.545,33.7103
24.546,33.6648
24.547,33.6193
24.548,33.5737
24.549,33.5281
24.55,33.4824
24.551,33.4367
24.552,33.3909
24.553,33.3451
24.554,33.2993
24.555,33.2534
24.556,33.2075
24.557,33.1615
24.558,33.1155
24.559,33.0695
24.56,33.0234
24.561,32.9773
24.562,32.9311
24.563,32.8849
24.564,32.8386
24.565,32.7923
24.566,32.7459
24.567,32.6996
24.568,32.6531
24.569,32.6067
24.57,32.5601
24.571,32.5136
24.572,32.467
24.573,32.4203
24.574,32.3736
24.575,32.3269
24.576,32.2801
24.577,32.2333
24.578,32.1865
24.579,32.1396
24.58,32.0927
24.581,32.0457
24.582,31.9987
24.583,31.9516
24.584,31.9045
24.585,31.8573
24.586,31.8101
24.587,31.7629
24.588,31.7156
24.589,31.6683
24.59,31.621
24.591,31.5736
24.592,31.5261
24.593,31.4787
24.594,31.4311
24.595,31.3836
24.596,31.336
24.597,31.2883
24.598,31.2407
24.599,31.1929
24.6,31.1452
24.601,31.0973
24.602,31.0495
24.603,31.0016
24.604,30.9537
24.605,30.9057
24.606,30.8577
24.607,30.8096
24.608,30.7615
24.609,30.7134
24.61,30.6652
24.611,30.617
24.612,30.5687
24.613,30.5204
24.614,30.4721
24.615,30.4237
24.616,30.3753
24.617,30.3268
24.618,30.2783
24.619,30.2297
24.62,30.1811
24.621,30.1325
24.622,30.0838
24.623,30.0351
24.624,29.9864
24.625,29.9376
24.626,29.8887
24.627,29.8398
24.628,29.7909
24.629,29.742
24.63,29.693
24.631,29.6439
24.632,29.5948
24.633,29.5457
24.634,29.4966
24.635,29.4474
24.636,29.3981
24.637,29.3488
24.638,29.2995
24.639,29.2501
24.64,29.2007
24.641,29.1513
24.642,29.1018
24.643,29.0523
24.644,29.0027
24.645,28.9531
24.646,28.9034
24.647,28.8538
24.648,28.804
24.649,28.7543
24.65,28.7045
24.651,28.6546
24.652,28.6047
24.653,28.5548
24.654,28.5048
24.655,28.4548
24.656,28.4047
24.657,28.3547
24.658,28.3045
24.659,28.2544
24.66,28.2041
24.661,28.1539
24.662,28.1036
24.663,28.0533
24.664,28.0029
24.665,27.9525
24.666,27.902
24.667,27.8516
24.668,27.801
24.669,27.7505
24.67,27.6999
24.671,27.6492
24.672,27.5985
24.673,27.5478
24.674,27.497
24.675,27.4462
24.676,27.3954
24.677,27.3445
24.678,27.2936
24.679,27.2426
24.68,27.1916
24.681,27.1406
24.682,27.0895
24.683,27.0384
24.684,26.9872
24.685,26.9361
24.686,26.8848
24.687,26.8336
24.688,26.7822
24.689,26.7309
24.69,26.6795
24.691,26.6281
24.692,26.5766
24.693,26.5251
24.694,26.4736
24.695,26.422
24.696,26.3704
24.697,26.3188
24.698,26.2671
24.699,26.2154
24.7,26.1636
24.701,26.1118
24.702,26.06
24.703,26.0081
24.704,25.9562
24.705,25.9043
24.706,25.8523
24.707,25.8003
24.708,25.7482
24.709,25.6962
24.71,25.644
24.711,25.5919
24.712,25.5397
24.713,25.4875
24.714,25.4352
24.715,25.3829
24.716,25.3306
24.717,25.2782
24.718,25.2258
24.719,25.1733
24.72,25.1209
24.721,25.0684
24.722,25.0158
24.723,24.9632
24.724,24.9106
24.725,24.858
24.726,24.8053
24.727,24.7526
24.728,24.6998
24.729,24.6471
24.73,24.5943
24.731,24.5414
24.732,24.4885
24.733,24.4356
24.734,24.3827
24.735,24.3297
24.736,24.2767
24.737,24.2237
24.738,24.1706
24.739,24.1175
24.74,24.0644
24.741,24.0112
24.742,23.9581
24.743,23.9048
24.744,23.8516
24.745,23.7983
24.746,23.745
24.747,23.6917
24.748,23.6383
24.749,23.5849
24.75,23.5315
24.751,23.478
24.752,23.4245
24.753,23.371
24.754,23.3175
24.755,23.2639
24.756,23.2104
24.757,23.1567
24.758,23.1031
24.759,23.0494
24.76,22.9957
24.761,22.942
24.762,22.8883
24.763,22.8345
24.764,22.7807
24.765,22.7269
24.766,22.673
24.767,22.6192
24.768,22.5653
24.769,22.5114
24.77,22.4574
24.771,22.4035
24.772,22.3495
24.773,22.2955
24.774,22.2414
24.775,22.1874
24.776,22.1333
24.777,22.0792
24.778,22.0251
24.779,21.971
24.78,21.9168
24.781,21.8627
24.782,21.8085
24.783,21.7543
24.784,21.7
24.785,21.6458
24.786,21.5915
24.787,21.5373
24.788,21.483
24.789,21.4287
24.79,21.3743
24.791,21.32
24.792,21.2656
24.793,21.2112
24.794,21.1569
24.795,21.1025
24.796,21.048
24.797,20.9936
24.798,20.9392
24.799,20.8847
24.8,20.8302
24.801,20.7758
24.802,20.7213
24.803,20.6668
24.804,20.6123
24.805,20.5577
24.806,20.5032
24.807,20.4487
24.808,20.3941
24.809,20.3396
24.81,20.285
24.811,20.2304
24.812,20.1758
24.813,20.1212
24.814,20.0667
24.815,20.0121
24.816,19.9574
24.817,19.9028
24.818,19.8482
24.819,19.7936
24.82,19.739
24.821,19.6844
24.822,19.6297
24.823,19.5751
24.824,19.5205
24.825,19.4659
24.826,19.4112
24.827,19.3566
24.828,19.302
24.829,19.2473
24.83,19.1927
24.831,19.1381
24.832,19.0835
24.833,19.0289
24.834,18.9742
24.835,18.9196
24.836,18.865
24.837,18.8104
24.838,18.7558
24.839,18.7013
24.84,18.6467
24.841,18.5921
24.842,18.5375
24.843,18.483
24.844,18.4284
24.845,18.3739
24.846,18.3194
24.847,18.2648
24.848,18.2103
24.849,18.1558
24.85,18.1014
24.851,18.0469
24.852,17.9924
24.853,17.938
24.854,17.8836
24.855,17.8292
24.856,17.7748
24.857,17.7204
24.858,17.666
24.859,17.6117
24.86,17.5573
24.861,17.503
24.862,17.4487
24.863,17.3945
24.864,17.3402
24.865,17.286
24.866,17.2318
24.867,17.1776
24.868,17.1234
24.869,17.0693
24.87,17.0151
24.871,16.961
24.872,16.907
24.873,16.8529
24.874,16.7989
24.875,16.7449
24.876,16.6909
24.877,16.637
24.878,16.5831
24.879,16.5292
24.88,16.4754
24.881,16.4215
24.882,16.3677
24.883,16.314
24.884,16.2603
24.885,16.2066
24.886,16.1529
24.887,16.0993
24.888,16.0457
24.889,15.9921
24.89,15.9386
24.891,15.8851
24.892,15.8316
24.893,15.7782
24.894,15.7248
24.895,15.6715
24.896,15.6182
24.897,15.5649
24.898,15.5117
24.899,15.4585
24.9,15.4054
24.901,15.3523
24.902,15.2992
24.903,15.2462
24.904,15.1933
24.905,15.1403
24.906,15.0875
24.907,15.0346
24.908,14.9818
24.909,14.9291
24.91,14.8764
24.911,14.8237
24.912,14.7711
24.913,14.7186
24.914,14.6661
24.915,14.6136
24.916,14.5612
24.917,14.5089
24.918,14.4566
24.919,14.4043
24.92,14.3521
24.921,14.3
24.922,14.2479
24.923,14.1959
24.924,14.1439
24.925,14.092
24.926,14.0401
24.927,13.9883
24.928,13.9366
24.929,13.8849
24.93,13.8332
24.931,13.7816
24.932,13.7301
24.933,13.6787
24.934,13.6273
24.935,13.5759
24.936,13.5247
24.937,13.4734
24.938,13.4223
24.939,13.3712
24.94,13.3202
24.941,13.2692
24.942,13.2183
24.943,13.1675
24.944,13.1167
24.945,13.066
24.946,13.0154
24.947,12.9648
24.948,12.9143
24.949,12.8639
24.95,12.8135
24.951,12.7632
24.952,12.713
24.953,12.6629
24.954,12.6128
24.955,12.5628
24.956,12.5128
24.957,12.463
24.958,12.4132
24.959,12.3634
24.96,12.3138
24.961,12.2642
24.962,12.2147
24.963,12.1653
24.964,12.1159
24.965,12.0667
24.966,12.0175
24.967,11.9683
24.968,11.9193
24.969,11.8703
24.97,11.8214
24.971,11.7726
24.972,11.7239
24.973,11.6752
24.974,11.6266
24.975,11.5781
24.976,11.5297
24.977,11.4814
24.978,11.4331
24.979,11.3849
24.98,11.3368
24.981,11.2888
24.982,11.2409
24.983,11.1931
24.984,11.1453
24.985,11.0976
24.986,11.05
24.987,11.0025
24.988,10.9551
24.989,10.9077
24.99,10.8605
24.991,10.8133
24.992,10.7662
24.993,10.7192
24.994,10.6723
24.995,10.6255
24.996,10.5787
24.997,10.5321
24.998,10.4855
24.999,10.439
25,10.3927
25.001,10.3464
25.002,10.3001
25.003,10.254
25.004,10.208
25.005,10.162
25.006,10.1162
25.007,10.0704
25.008,10.0248
25.009,9.97918
25.01,9.93369
25.011,9.8883
25.012,9.84299
25.013,9.79778
25.014,9.75265
25.015,9.70762
25.016,9.66269
25.017,9.61784
25.018,9.57309
25.019,9.52843
25.02,9.48387
25.021,9.43939
25.022,9.39502
25.023,9.35073
25.024,9.30654
25.025,9.26245
25.026,9.21845
25.027,9.17454
25.028,9.13073
25.029,9.08702
25.03,9.0434
25.031,8.99987
25.032,8.95644
25.033,8.91311
25.034,8.86987
25.035,8.82673
25.036,8.78369
25.037,8.74074
25.038,8.69789
25.039,8.65513
25.04,8.61248
25.041,8.56992
25.042,8.52745
25.043,8.48508
25.044,8.44282
25.045,8.40064
25.046,8.35857
25.047,8.31659
25.048,8.27471
25.049,8.23293
25.05,8.19125
25.051,8.14966
25.052,8.10818
25.053,8.06679
25.054,8.0255
25.055,7.9843
25.056,7.94321
25.057,7.90222
25.058,7.86132
25.059,7.82052
25.06,7.77982
25.061,7.73922
25.062,7.69872
25.063,7.65832
25.064,7.61801
25.065,7.57781
25.066,7.5377
25.067,7.49769
25.068,7.45778
25.069,7.41798
25.07,7.37827
25.071,7.33865
25.072,7.29914
25.073,7.25973
25.074,7.22042
25.075,7.1812
25.076,7.14209
25.077,7.10307
25.078,7.06416
25.079,7.02534
25.08,6.98662
25.081,6.948
25.082,6.90948
25.083,6.87106
25.084,6.83274
25.085,6.79452
25.086,6.75639
25.087,6.71837
25.088,6.68044
25.089,6.64262
25.09,6.60489
25.091,6.56726
25.092,6.52973
25.093,6.4923
25.094,6.45497
25.095,6.41774
25.096,6.3806
25.097,6.34357
25.098,6.30663
25.099,6.26979
25.1,6.23305
25.101,6.19641
25.102,6.15987
25.103,6.12342
25.104,6.08707
25.105,6.05083
25.106,6.01468
25.107,5.97862
25.108,5.94267
25.109,5.90681
25.11,5.87105
25.111,5.83539
25.112,5.79983
25.113,5.76436
25.114,5.729
25.115,5.69372
25.116,5.65855
25.117,5.62347
25.118,5.5885
25.119,5.55361
25.12,5.51883
25.121,5.48414
25.122,5.44955
25.123,5.41505
25.124,5.38065
25.125,5.34635
25.126,5.31214
25.127,5.27803
25.128,5.24402
25.129,5.2101
25.13,5.17628
25.131,5.14255
25.132,5.10892
25.133,5.07538
25.134,5.04194
25.135,5.0086
25.136,4.97535
25.137,4.94219
25.138,4.90913
25.139,4.87617
25.14,4.8433
25.141,4.81052
25.142,4.77784
25.143,4.74525
25.144,4.71275
25.145,4.68035
25.146,4.64805
25.147,4.61583
25.148,4.58371
25.149,4.55169
25.15,4.51975
25.151,4.48791
25.152,4.45616
25.153,4.42451
25.154,4.39295
25.155,4.36148
25.156,4.3301
25.157,4.29881
25.158,4.26762
25.159,4.23652
25.16,4.20551
25.161,4.17459
25.162,4.14376
25.163,4.11302
25.164,4.08238
25.165,4.05183
25.166,4.02136
25.167,3.99099
25.168,3.96071
25.169,3.93051
25.17,3.90041
25.171,3.8704
25.172,3.84048
25.173,3.81064
25.174,3.7809
25.175,3.75124
25.176,3.72168
25.177,3.6922
25.178,3.66281
25.179,3.63351
25.18,3.6043
25.181,3.57518
25.182,3.54615
25.183,3.5172
25.184,3.48834
25.185,3.45957
25.186,3.43088
25.187,3.40229
25.188,3.37377
25.189,3.34535
25.19,3.31701
25.191,3.28876
25.192,3.2606
25.193,3.23252
25.194,3.20453
25.195,3.17662
25.196,3.1488
25.197,3.12107
25.198,3.09342
25.199,3.06585
25.2,3.03837
25.201,3.01098
25.202,2.98367
25.203,2.95644
25.204,2.9293
25.205,2.90224
25.206,2.87526
25.207,2.84837
25.208,2.82157
25.209,2.79484
25.21,2.7682
25.211,2.74164
25.212,2.71516
25.213,2.68877
25.214,2.66246
25.215,2.63623
25.216,2.61008
25.217,2.58402
25.218,2.55804
25.219,2.53213
25.22,2.50631
25.221,2.48057
25.222,2.45491
25.223,2.42933
25.224,2.40384
25.225,2.37842
25.226,2.35308
25.227,2.32782
25.228,2.30265
25.229,2.27755
25.23,2.25253
25.231,2.22759
25.232,2.20273
25.233,2.17795
25.234,2.15324
25.235,2.12862
25.236,2.10407
25.237,2.0796
25.238,2.05521
25.239,2.0309
25.24,2.00666
25.241,1.98251
25.242,1.95842
25.243,1.93442
25.244,1.91049
25.245,1.88664
25.246,1.86287
25.247,1.83917
25.248,1.81555
25.249,1.792
25.25,1.76853
25.251,1.74514
25.252,1.72182
25.253,1.69857
25.254,1.6754
25.255,1.65231
25.256,1.62929
25.257,1.60634
25.258,1.58347
25.259,1.56067
25.26,1.53795
25.261,1.5153
25.262,1.49272
25.263,1.47022
25.264,1.44779
25.265,1.42543
25.266,1.40314
25.267,1.38093
25.268,1.35879
25.269,1.33672
25.27,1.31473
25.271,1.2928
25.272,1.27095
25.273,1.24917
25.274,1.22746
25.275,1.20582
25.276,1.18425
25.277,1.16276
25.278,1.14133
25.279,1.11998
25.28,1.09869
25.281,1.07747
25.282,1.05633
25.283,1.03525
25.284,1.01424
25.285,0.993307
25.286,0.972439
25.287,0.951639
25.288,0.930908
25.289,0.910246
25.29,0.889652
25.291,0.869127
25.292,0.848669
25.293,0.828279
25.294,0.807957
25.295,0.787703
25.296,0.767516
25.297,0.747396
25.298,0.727343
25.299,0.707356
25.3,0.687437
25.301,0.667583
25.302,0.647797
25.303,0.628076
25.304,0.608421
25.305,0.588832
25.306,0.569308
25.307,0.54985
25.308,0.530457
25.309,0.511129
25.31,0.491867
25.311,0.472668
25.312,0.453535
25.313,0.434465
25.314,0.41546
25.315,0.396519
25.316,0.377642
25.317,0.358829
25.318,0.340079
25.319,0.321392
25.32,0.302769
25.321,0.284208
25.322,0.26571
25.323,0.247276
25.324,0.228903
25.325,0.210593
25.326,0.192345
25.327,0.174159
25.328,0.156035
25.329,0.137973
25.33,0.119972
25.331,0.102032
25.332,0.0841538
25.333,0.0663364
25.334,0.0485798
25.335,0.0308839
25.336,0.0132485
25.337,-0.00432658
25.338,-0.0218415
25.339,-0.0392963
25.34,-0.0566913
25.341,-0.0740267
25.342,-0.0913025
25.343,-0.108519
25.344,-0.125676
25.345,-0.142774
25.346,-0.159814
25.347,-0.176794
25.348,-0.193716
25.349,-0.21058
25.35,-0.227385
25.351,-0.244133
25.352,-0.260822
25.353,-0.277454
25.354,-0.294028
25.355,-0.310545
25.356,-0.327004
25.357,-0.343406
25.358,-0.359752
25.359,-0.37604
25.36,-0.392272
25.361,-0.408447
25.362,-0.424566
25.363,-0.440629
25.364,-0.456636
25.365,-0.472587
25.366,-0.488482
25.367,-0.504322
25.368,-0.520106
25.369,-0.535835
25.37,-0.551509
25.371,-0.567128
25.372,-0.582692
25.373,-0.598201
25.374,-0.613656
25.375,-0.629057
25.376,-0.644403
25.377,-0.659696
25.378,-0.674934
25.379,-0.690119
25.38,-0.70525
25.381,-0.720328
25.382,-0.735353
25.383,-0.750324
25.384,-0.765243
25.385,-0.780108
25.386,-0.794921
25.387,-0.809681
25.388,-0.824389
25.389,-0.839045
25.39,-0.853649
25.391,-0.8682
25.392,-0.8827
25.393,-0.897148
25.394,-0.911545
25.395,-0.92589
25.396,-0.940184
25.397,-0.954427
25.398,-0.968619
25.399,-0.982761
25.4,-0.996851
25.401,-1.01089
25.402,-1.02488
25.403,-1.03882
25.404,-1.05271
25.405,-1.06655
25.406,-1.08034
25.407,-1.09408
25.408,-1.10777
25.409,-1.12141
25.41,-1.135
25.411,-1.14855
25.412,-1.16204
25.413,-1.17548
25.414,-1.18888
25.415,-1.20223
25.416,-1.21553
25.417,-1.22878
25.418,-1.24198
25.419,-1.25514
25.42,-1.26824
25.421,-1.2813
25.422,-1.29432
25.423,-1.30728
25.424,-1.3202
25.425,-1.33307
25.426,-1.34589
25.427,-1.35867
25.428,-1.3714
25.429,-1.38408
25.43,-1.39671
25.431,-1.4093
25.432,-1.42185
25.433,-1.43435
25.434,-1.4468
25.435,-1.4592
25.436,-1.47156
25.437,-1.48388
25.438,-1.49615
25.439,-1.50837
25.44,-1.52055
25.441,-1.53268
25.442,-1.54477
25.443,-1.55681
25.444,-1.56881
25.445,-1.58077
25.446,-1.59268
25.447,-1.60454
25.448,-1.61636
25.449,-1.62814
25.45,-1.63987
25.451,-1.65156
25.452,-1.66321
25.453,-1.67481
25.454,-1.68637
25.455,-1.69789
25.456,-1.70936
25.457,-1.72079
25.458,-1.73218
25.459,-1.74352
25.46,-1.75482
25.461,-1.76608
25.462,-1.7773
25.463,-1.78847
25.464,-1.7996
25.465,-1.81069
25.466,-1.82174
25.467,-1.83275
25.468,-1.84371
25.469,-1.85464
25.47,-1.86552
25.471,-1.87636
25.472,-1.88716
25.473,-1.89791
25.474,-1.90863
25.475,-1.91931
25.476,-1.92994
25.477,-1.94054
25.478,-1.95109
25.479,-1.96161
25.48,-1.97208
25.481,-1.98252
25.482,-1.99291
25.483,-2.00326
25.484,-2.01358
25.485,-2.02385
25.486,-2.03409
25.487,-2.04428
25.488,-2.05444
25.489,-2.06455
25.49,-2.07463
25.491,-2.08467
25.492,-2.09467
25.493,-2.10463
25.494,-2.11456
25.495,-2.12444
25.496,-2.13429
25.497,-2.14409
25.498,-2.15386
25.499,-2.16359
25.5,-2.17329
25.501,-2.18294
25.502,-2.19256
25.503,-2.20214
25.504,-2.21168
25.505,-2.22119
25.506,-2.23065
25.507,-2.24009
25.508,-2.24948
25.509,-2.25884
25.51,-2.26816
25.511,-2.27744
25.512,-2.28668
25.513,-2.29589
25.514,-2.30507
25.515,-2.3142
25.516,-2.32331
25.517,-2.33237
25.518,-2.3414
25.519,-2.35039
25.52,-2.35935
25.521,-2.36827
25.522,-2.37716
25.523,-2.38601
25.524,-2.39482
25.525,-2.4036
25.526,-2.41235
25.527,-2.42105
25.528,-2.42973
25.529,-2.43837
25.53,-2.44697
25.531,-2.45554
25.532,-2.46408
25.533,-2.47258
25.534,-2.48105
25.535,-2.48948
25.536,-2.49788
25.537,-2.50624
25.538,-2.51457
25.539,-2.52287
25.54,-2.53113
25.541,-2.53936
25.542,-2.54756
25.543,-2.55572
25.544,-2.56385
25.545,-2.57195
25.546,-2.58001
25.547,-2.58804
25.548,-2.59604
25.549,-2.604
25.55,-2.61193
25.551,-2.61983
25.552,-2.6277
25.553,-2.63553
25.554,-2.64333
25.555,-2.6511
25.556,-2.65884
25.557,-2.66654
25.558,-2.67421
25.559,-2.68185
25.56,-2.68946
25.561,-2.69704
25.562,-2.70459
25.563,-2.7121
25.564,-2.71958
25.565,-2.72703
25.566,-2.73445
25.567,-2.74184
25.568,-2.7492
25.569,-2.75653
25.57,-2.76382
25.571,-2.77109
25.572,-2.77832
25.573,-2.78553
25.574,-2.7927
25.575,-2.79985
25.576,-2.80696
25.577,-2.81404
25.578,-2.82109
25.579,-2.82812
25.58,-2.83511
25.581,-2.84207
25.582,-2.84901
25.583,-2.85591
25.584,-2.86278
25.585,-2.86963
25.586,-2.87644
25.587,-2.88323
25.588,-2.88998
25.589,-2.89671
25.59,-2.90341
25.591,-2.91008
25.592,-2.91672
25.593,-2.92333
25.594,-2.92991
25.595,-2.93647
25.596,-2.94299
25.597,-2.94949
25.598,-2.95596
25.599,-2.9624
25.6,-2.96881
25.601,-2.97519
25.602,-2.98155
25.603,-2.98788
25.604,-2.99418
25.605,-3.00045
25.606,-3.00669
25.607,-3.01291
25.608,-3.0191
25.609,-3.02526
25.61,-3.0314
25.611,-3.03751
25.612,-3.04359
25.613,-3.04964
25.614,-3.05566
25.615,-3.06166
25.616,-3.06764
25.617,-3.07358
25.618,-3.0795
25.619,-3.08539
25.62,-3.09126
25.621,-3.0971
25.622,-3.10291
25.623,-3.10869
25.624,-3.11445
25.625,-3.12019
25.626,-3.1259
25.627,-3.13158
25.628,-3.13723
25.629,-3.14286
25.63,-3.14847
25.631,-3.15405
25.632,-3.1596
25.633,-3.16513
25.634,-3.17063
25.635,-3.1761
25.636,-3.18155
25.637,-3.18698
25.638,-3.19238
25.639,-3.19776
25.64,-3.20311
25.641,-3.20843
25.642,-3.21373
25.643,-3.21901
25.644,-3.22426
25.645,-3.22949
25.646,-3.23469
25.647,-3.23987
25.648,-3.24502
25.649,-3.25015
25.65,-3.25525
25.651,-3.26033
25.652,-3.26539
25.653,-3.27042
25.654,-3.27543
25.655,-3.28041
25.656,-3.28538
25.657,-3.29031
25.658,-3.29523
25.659,-3.30011
25.66,-3.30498
25.661,-3.30982
25.662,-3.31464
25.663,-3.31944
25.664,-3.32421
25.665,-3.32896
25.666,-3.33369
25.667,-3.33839
25.668,-3.34307
25.669,-3.34773
25.67,-3.35236
25.671,-3.35697
25.672,-3.36156
25.673,-3.36613
25.674,-3.37067
25.675,-3.37519
25.676,-3.37969
25.677,-3.38417
25.678,-3.38862
25.679,-3.39305
25.68,-3.39746
25.681,-3.40185
25.682,-3.40621
25.683,-3.41056
25.684,-3.41488
25.685,-3.41918
25.686,-3.42346
25.687,-3.42771
25.688,-3.43195
25.689,-3.43616
25.69,-3.44035
25.691,-3.44452
25.692,-3.44867
25.693,-3.4528
25.694,-3.45691
25.695,-3.46099
25.696,-3.46506
25.697,-3.4691
25.698,-3.47312
25.699,-3.47712
25.7,-3.4811
25.701,-3.48506
25.702,-3.489
25.703,-3.49292
25.704,-3.49681
25.705,-3.50069
25.706,-3.50455
25.707,-3.50838
25.708,-3.5122
25.709,-3.51599
25.71,-3.51977
25.711,-3.52352
25.712,-3.52726
25.713,-3.53097
25.714,-3.53467
25.715,-3.53834
25.716,-3.542
25.717,-3.54563
25.718,-3.54925
25.719,-3.55284
25.72,-3.55642
25.721,-3.55998
25.722,-3.56351
25.723,-3.56703
25.724,-3.57053
25.725,-3.57401
25.726,-3.57747
25.727,-3.58091
25.728,-3.58433
25.729,-3.58773
25.73,-3.59111
25.731,-3.59448
25.732,-3.59782
25.733,-3.60115
25.734,-3.60446
25.735,-3.60775
25.736,-3.61102
25.737,-3.61427
25.738,-3.6175
25.739,-3.62071
25.74,-3.62391
25.741,-3.62709
25.742,-3.63025
25.743,-3.63339
25.744,-3.63651
25.745,-3.63961
25.746,-3.6427
25.747,-3.64577
25.748,-3.64882
25.749,-3.65185
25.75,-3.65486
25.751,-3.65786
25.752,-3.66084
25.753,-3.6638
25.754,-3.66674
25.755,-3.66967
25.756,-3.67258
25.757,-3.67547
25.758,-3.67834
25.759,-3.68119
25.76,-3.68403
25.761,-3.68685
25.762,-3.68965
25.763,-3.69244
25.764,-3.69521
25.765,-3.69796
25.766,-3.7007
25.767,-3.70341
25.768,-3.70611
25.769,-3.7088
25.77,-3.71147
25.771,-3.71412
25.772,-3.71675
25.773,-3.71937
25.774,-3.72197
25.775,-3.72455
25.776,-3.72712
25.777,-3.72967
25.778,-3.7322
25.779,-3.73472
25.78,-3.73722
25.781,-3.7397
25.782,-3.74217
25.783,-3.74462
25.784,-3.74706
25.785,-3.74948
25.786,-3.75188
25.787,-3.75427
25.788,-3.75664
25.789,-3.759
25.79,-3.76134
25.791,-3.76367
25.792,-3.76597
25.793,-3.76827
25.794,-3.77054
25.795,-3.77281
25.796,-3.77505
25.797,-3.77728
25.798,-3.7795
25.799,-3.7817
25.8,-3.78388
25.801,-3.78605
25.802,-3.7882
25.803,-3.79034
25.804,-3.79247
25.805,-3.79457
25.806,-3.79667
25.807,-3.79874
25.808,-3.80081
25.809,-3.80285
25.81,-3.80489
25.811,-3.80691
25.812,-3.80891
25.813,-3.8109
25.814,-3.81287
25.815,-3.81483
25.816,-3.81677
25.817,-3.8187
25.818,-3.82062
25.819,-3.82252
25.82,-3.82441
25.821,-3.82628
25.822,-3.82813
25.823,-3.82998
25.824,-3.83181
25.825,-3.83362
25.826,-3.83542
25.827,-3.83721
25.828,-3.83898
25.829,-3.84074
25.83,-3.84248
25.831,-3.84421
25.832,-3.84592
25.833,-3.84763
25.834,-3.84931
25.835,-3.85099
25.836,-3.85265
25.837,-3.85429
25.838,-3.85593
25.839,-3.85755
25.84,-3.85915
25.841,-3.86074
25.842,-3.86232
25.843,-3.86389
25.844,-3.86544
25.845,-3.86698
25.846,-3.8685
25.847,-3.87001
25.848,-3.87151
25.849,-3.87299
25.85,-3.87447
25.851,-3.87592
25.852,-3.87737
25.853,-3.8788
25.854,-3.88022
25.855,-3.88163
25.856,-3.88302
25.857,-3.8844
25.858,-3.88577
25.859,-3.88712
25.86,-3.88846
25.861,-3.88979
25.862,-3.89111
25.863,-3.89241
25.864,-3.8937
25.865,-3.89498
25.866,-3.89624
25.867,-3.89749
25.868,-3.89873
25.869,-3.89996
25.87,-3.90118
25.871,-3.90238
25.872,-3.90357
25.873,-3.90475
25.874,-3.90591
25.875,-3.90707
25.876,-3.90821
25.877,-3.90934
25.878,-3.91045
25.879,-3.91156
25.88,-3.91265
25.881,-3.91373
25.882,-3.9148
25.883,-3.91586
25.884,-3.9169
25.885,-3.91794
25.886,-3.91896
25.887,-3.91997
25.888,-3.92096
25.889,-3.92195
25.89,-3.92292
25.891,-3.92388
25.892,-3.92484
25.893,-3.92577
25.894,-3.9267
25.895,-3.92762
25.896,-3.92852
25.897,-3.92941
25.898,-3.9303
25.899,-3.93117
25.9,-3.93202
25.901,-3.93287
25.902,-3.93371
25.903,-3.93453
25.904,-3.93535
25.905,-3.93615
25.906,-3.93694
25.907,-3.93772
25.908,-3.93849
25.909,-3.93925
25.91,-3.93999
25.911,-3.94073
25.912,-3.94145
25.913,-3.94217
25.914,-3.94287
25.915,-3.94356
25.916,-3.94424
25.917,-3.94491
25.918,-3.94557
25.919,-3.94622
25.92,-3.94686
25.921,-3.94749
25.922,-3.94811
25.923,-3.94871
25.924,-3.94931
25.925,-3.94989
25.926,-3.95047
25.927,-3.95103
25.928,-3.95158
25.929,-3.95213
25.93,-3.95266
25.931,-3.95318
25.932,-3.9537
25.933,-3.9542
25.934,-3.95469
25.935,-3.95517
25.936,-3.95564
25.937,-3.9561
25.938,-3.95655
25.939,-3.95699
25.94,-3.95742
25.941,-3.95784
25.942,-3.95825
25.943,-3.95866
25.944,-3.95905
25.945,-3.95943
25.946,-3.9598
25.947,-3.96016
25.948,-3.96051
25.949,-3.96085
25.95,-3.96118
25.951,-3.9615
25.952,-3.96181
25.953,-3.96212
25.954,-3.96241
25.955,-3.96269
25.956,-3.96296
25.957,-3.96323
25.958,-3.96348
25.959,-3.96373
25.96,-3.96396
25.961,-3.96419
25.962,-3.9644
25.963,-3.96461
25.964,-3.96481
25.965,-3.96499
25.966,-3.96517
25.967,-3.96534
25.968,-3.9655
25.969,-3.96565
25.97,-3.96579
25.971,-3.96592
25.972,-3.96605
25.973,-3.96616
25.974,-3.96627
25.975,-3.96636
25.976,-3.96645
25.977,-3.96653
25.978,-3.96659
25.979,-3.96665
25.98,-3.9667
25.981,-3.96674
25.982,-3.96678
25.983,-3.9668
25.984,-3.96682
25.985,-3.96682
25.986,-3.96682
25.987,-3.96681
25.988,-3.96679
25.989,-3.96676
25.99,-3.96672
25.991,-3.96667
25.992,-3.96662
25.993,-3.96655
25.994,-3.96648
25.995,-3.9664
25.996,-3.96631
25.997,-3.96621
25.998,-3.96611
25.999,-3.96599
26,-3.96587
26.001,-3.96574
26.002,-3.96559
26.003,-3.96545
26.004,-3.96529
26.005,-3.96512
26.006,-3.96495
26.007,-3.96477
26.008,-3.96458
26.009,-3.96438
26.01,-3.96417
26.011,-3.96396
26.012,-3.96373
26.013,-3.9635
26.014,-3.96326
26.015,-3.96301
26.016,-3.96276
26.017,-3.96249
26.018,-3.96222
26.019,-3.96194
26.02,-3.96165
26.021,-3.96136
26.022,-3.96106
26.023,-3.96074
26.024,-3.96042
26.025,-3.9601
26.026,-3.95976
26.027,-3.95942
26.028,-3.95907
26.029,-3.95871
26.03,-3.95834
26.031,-3.95797
26.032,-3.95759
26.033,-3.9572
26.034,-3.9568
26.035,-3.95639
26.036,-3.95598
26.037,-3.95556
26.038,-3.95513
26.039,-3.9547
26.04,-3.95425
26.041,-3.9538
26.042,-3.95335
26.043,-3.95288
26.044,-3.95241
26.045,-3.95193
26.046,-3.95144
26.047,-3.95094
26.048,-3.95044
26.049,-3.94993
26.05,-3.94941
26.051,-3.94889
26.052,-3.94836
26.053,-3.94782
26.054,-3.94727
26.055,-3.94672
26.056,-3.94616
26.057,-3.94559
26.058,-3.94501
26.059,-3.94443
26.06,-3.94384
26.061,-3.94325
26.062,-3.94264
26.063,-3.94203
26.064,-3.94141
26.065,-3.94079
26.066,-3.94016
26.067,-3.93952
26.068,-3.93887
26.069,-3.93822
26.07,-3.93756
26.071,-3.93689
26.072,-3.93622
26.073,-3.93554
26.074,-3.93485
26.075,-3.93416
26.076,-3.93346
26.077,-3.93275
26.078,-3.93203
26.079,-3.93131
26.08,-3.93058
26.081,-3.92985
26.082,-3.92911
26.083,-3.92836
26.084,-3.9276
26.085,-3.92684
26.086,-3.92607
26.087,-3.9253
26.088,-3.92452
26.089,-3.92373
26.09,-3.92293
26.091,-3.92213
26.092,-3.92132
26.093,-3.92051
26.094,-3.91969
26.095,-3.91886
26.096,-3.91803
26.097,-3.91719
26.098,-3.91634
26.099,-3.91549
26.1,-3.91463
26.101,-3.91376
26.102,-3.91289
26.103,-3.91201
26.104,-3.91113
26.105,-3.91023
26.106,-3.90934
26.107,-3.90843
26.108,-3.90752
26.109,-3.90661
26.11,-3.90568
26.111,-3.90475
26.112,-3.90382
26.113,-3.90288
26.114,-3.90193
26.115,-3.90098
26.116,-3.90002
26.117,-3.89905
26.118,-3.89808
26.119,-3.8971
26.12,-3.89612
26.121,-3.89513
26.122,-3.89413
26.123,-3.89313
26.124,-3.89212
26.125,-3.89111
26.126,-3.89009
26.127,-3.88906
26.128,-3.88803
26.129,-3.88699
26.13,-3.88595
26.131,-3.8849
26.132,-3.88384
26.133,-3.88278
26.134,-3.88171
26.135,-3.88064
26.136,-3.87956
26.137,-3.87847
26.138,-3.87738
26.139,-3.87629
26.14,-3.87518
26.141,-3.87408
26.142,-3.87296
26.143,-3.87184
26.144,-3.87072
26.145,-3.86959
26.146,-3.86845
26.147,-3.86731
26.148,-3.86616
26.149,-3.86501
26.15,-3.86385
26.151,-3.86268
26.152,-3.86151
26.153,-3.86034
26.154,-3.85915
26.155,-3.85797
26.156,-3.85677
26.157,-3.85558
26.158,-3.85437
26.159,-3.85316
26.16,-3.85195
26.161,-3.85073
26.162,-3.8495
26.163,-3.84827
26.164,-3.84703
26.165,-3.84579
26.166,-3.84454
26.167,-3.84329
26.168,-3.84203
26.169,-3.84077
26.17,-3.8395
26.171,-3.83823
26.172,-3.83695
26.173,-3.83566
26.174,-3.83437
26.175,-3.83308
26.176,-3.83178
26.177,-3.83047
26.178,-3.82916
26.179,-3.82784
26.18,-3.82652
26.181,-3.82519
26.182,-3.82386
26.183,-3.82252
26.184,-3.82118
26.185,-3.81983
26.186,-3.81848
26.187,-3.81712
26.188,-3.81576
26.189,-3.81439
26.19,-3.81302
26.191,-3.81164
26.192,-3.81025
26.193,-3.80886
26.194,-3.80747
26.195,-3.80607
26.196,-3.80467
26.197,-3.80326
26.198,-3.80185
26.199,-3.80043
26.2,-3.799
26.201,-3.79757
26.202,-3.79614
26.203,-3.7947
26.204,-3.79326
26.205,-3.79181
26.206,-3.79035
26.207,-3.78889
26.208,-3.78743
26.209,-3.78596
26.21,-3.78449
26.211,-3.78301
26.212,-3.78153
26.213,-3.78004
26.214,-3.77855
26.215,-3.77705
26.216,-3.77555
26.217,-3.77404
26.218,-3.77253
26.219,-3.77101
26.22,-3.76949
26.221,-3.76796
26.222,-3.76643
26.223,-3.76489
26.224,-3.76335
26.225,-3.76181
26.226,-3.76026
26.227,-3.7587
26.228,-3.75714
26.229,-3.75558
26.23,-3.75401
26.231,-3.75244
26.232,-3.75086
26.233,-3.74927
26.234,-3.74769
26.235,-3.74609
26.236,-3.7445
26.237,-3.7429
26.238,-3.74129
26.239,-3.73968
26.24,-3.73806
26.241,-3.73644
26.242,-3.73482
26.243,-3.73319
26.244,-3.73156
26.245,-3.72992
26.246,-3.72827
26.247,-3.72663
26.248,-3.72498
26.249,-3.72332
26.25,-3.72166
26.251,-3.71999
26.252,-3.71832
26.253,-3.71665
26.254,-3.71497
26.255,-3.71329
26.256,-3.7116
26.257,-3.70991
26.258,-3.70821
26.259,-3.70651
26.26,-3.7048
26.261,-3.70309
26.262,-3.70138
26.263,-3.69966
26.264,-3.69794
26.265,-3.69621
26.266,-3.69448
26.267,-3.69274
26.268,-3.691
26.269,-3.68926
26.27,-3.68751
26.271,-3.68575
26.272,-3.684
26.273,-3.68223
26.274,-3.68047
26.275,-3.6787
26.276,-3.67692
26.277,-3.67514
26.278,-3.67336
26.279,-3.67157
26.28,-3.66978
26.281,-3.66798
26.282,-3.66618
26.283,-3.66438
26.284,-3.66257
26.285,-3.66075
26.286,-3.65894
26.287,-3.65711
26.288,-3.65529
26.289,-3.65346
26.29,-3.65162
26.291,-3.64978
26.292,-3.64794
26.293,-3.64609
26.294,-3.64424
26.295,-3.64239
26.296,-3.64053
26.297,-3.63866
26.298,-3.6368
26.299,-3.63492
26.3,-3.63305
26.301,-3.63117
26.302,-3.62928
26.303,-3.6274
26.304,-3.6255
26.305,-3.62361
26.306,-3.62171
26.307,-3.6198
26.308,-3.61789
26.309,-3.61598
26.31,-3.61406
26.311,-3.61214
26.312,-3.61022
26.313,-3.60829
26.314,-3.60635
26.315,-3.60442
26.316,-3.60247
26.317,-3.60053
26.318,-3.59858
26.319,-3.59663
26.32,-3.59467
26.321,-3.59271
26.322,-3.59074
26.323,-3.58877
26.324,-3.5868
26.325,-3.58482
26.326,-3.58284
26.327,-3.58085
26.328,-3.57887
26.329,-3.57687
26.33,-3.57487
26.331,-3.57287
26.332,-3.57087
26.333,-3.56886
26.334,-3.56685
26.335,-3.56483
26.336,-3.56281
26.337,-3.56078
26.338,-3.55875
26.339,-3.55672
26.34,-3.55468
26.341,-3.55264
26.342,-3.5506
26.343,-3.54855
26.344,-3.5465
26.345,-3.54444
26.346,-3.54238
26.347,-3.54032
26.348,-3.53825
26.349,-3.53618
26.35,-3.5341
26.351,-3.53202
26.352,-3.52994
26.353,-3.52785
26.354,-3.52576
26.355,-3.52367
26.356,-3.52157
26.357,-3.51947
26.358,-3.51736
26.359,-3.51525
26.36,-3.51314
26.361,-3.51102
26.362,-3.5089
26.363,-3.50677
26.364,-3.50464
26.365,-3.50251
26.366,-3.50037
26.367,-3.49823
26.368,-3.49609
26.369,-3.49394
26.37,-3.49179
26.371,-3.48963
26.372,-3.48747
26.373,-3.48531
26.374,-3.48314
26.375,-3.48097
26.376,-3.47879
26.377,-3.47662
26.378,-3.47443
26.379,-3.47225
26.38,-3.47006
26.381,-3.46786
26.382,-3.46567
26.383,-3.46346
26.384,-3.46126
26.385,-3.45905
26.386,-3.45684
26.387,-3.45462
26.388,-3.4524
26.389,-3.45018
26.39,-3.44795
26.391,-3.44572
26.392,-3.44349
26.393,-3.44125
26.394,-3.439
26.395,-3.43676
26.396,-3.43451
26.397,-3.43226
26.398,-3.43
26.399,-3.42774
26.4,-3.42547
26.401,-3.4232
26.402,-3.42093
26.403,-3.41866
26.404,-3.41638
26.405,-3.41409
26.406,-3.41181
26.407,-3.40952
26.408,-3.40722
26.409,-3.40492
26.41,-3.40262
26.411,-3.40032
26.412,-3.39801
26.413,-3.39569
26.414,-3.39338
26.415,-3.39106
26.416,-3.38873
26.417,-3.38641
26.418,-3.38407
26.419,-3.38174
26.42,-3.3794
26.421,-3.37706
26.422,-3.37471
26.423,-3.37236
26.424,-3.37001
26.425,-3.36765
26.426,-3.36529
26.427,-3.36293
26.428,-3.36056
26.429,-3.35819
26.43,-3.35581
26.431,-3.35343
26.432,-3.35105
26.433,-3.34866
26.434,-3.34627
26.435,-3.34388
26.436,-3.34148
26.437,-3.33908
26.438,-3.33668
26.439,-3.33427
26.44,-3.33186
26.441,-3.32944
26.442,-3.32702
26.443,-3.3246
26.444,-3.32217
26.445,-3.31974
26.446,-3.31731
26.447,-3.31487
26.448,-3.31243
26.449,-3.30998
26.45,-3.30753
26.451,-3.30508
26.452,-3.30262
26.453,-3.30016
26.454,-3.2977
26.455,-3.29523
26.456,-3.29276
26.457,-3.29029
26.458,-3.28781
26.459,-3.28533
26.46,-3.28284
26.461,-3.28035
26.462,-3.27786
26.463,-3.27536
26.464,-3.27286
26.465,-3.27036
26.466,-3.26785
26.467,-3.26534
26.468,-3.26283
26.469,-3.26031
26.47,-3.25779
26.471,-3.25526
26.472,-3.25273
26.473,-3.2502
26.474,-3.24766
26.475,-3.24512
26.476,-3.24257
26.477,-3.24003
26.478,-3.23747
26.479,-3.23492
26.48,-3.23236
26.481,-3.2298
26.482,-3.22723
26.483,-3.22466
26.484,-3.22209
26.485,-3.21951
26.486,-3.21693
26.487,-3.21434
26.488,-3.21176
26.489,-3.20916
26.49,-3.20657
26.491,-3.20397
26.492,-3.20136
26.493,-3.19876
26.494,-3.19615
26.495,-3.19353
26.496,-3.19091
26.497,-3.18829
26.498,-3.18567
26.499,-3.18304
26.5,-3.1804
26.501,-3.17777
26.502,-3.17513
26.503,-3.17248
26.504,-3.16983
26.505,-3.16718
26.506,-3.16453
26.507,-3.16187
26.508,-3.1592
26.509,-3.15654
26.51,-3.15387
26.511,-3.15119
26.512,-3.14851
26.513,-3.14583
26.514,-3.14315
26.515,-3.14046
26.516,-3.13776
26.517,-3.13507
26.518,-3.13237
26.519,-3.12966
26.52,-3.12696
26.521,-3.12424
26.522,-3.12153
26.523,-3.11881
26.524,-3.11609
26.525,-3.11336
26.526,-3.11063
26.527,-3.10789
26.528,-3.10515
26.529,-3.10241
26.53,-3.09967
26.531,-3.09692
26.532,-3.09416
26.533,-3.09141
26.534,-3.08864
26.535,-3.08588
26.536,-3.08311
26.537,-3.08034
26.538,-3.07756
26.539,-3.07478
26.54,-3.072
26.541,-3.06921
26.542,-3.06642
26.543,-3.06362
26.544,-3.06082
26.545,-3.05802
26.546,-3.05521
26.547,-3.0524
26.548,-3.04959
26.549,-3.04677
26.55,-3.04394
26.551,-3.04112
26.552,-3.03829
26.553,-3.03545
26.554,-3.03262
26.555,-3.02977
26.556,-3.02693
26.557,-3.02408
26.558,-3.02122
26.559,-3.01837
26.56,-3.0155
26.561,-3.01264
26.562,-3.00977
26.563,-3.0069
26.564,-3.00402
26.565,-3.00114
26.566,-2.99825
26.567,-2.99536
26.568,-2.99247
26.569,-2.98957
26.57,-2.98667
26.571,-2.98377
26.572,-2.98086
26.573,-2.97794
26.574,-2.97503
26.575,-2.97211
26.576,-2.96918
26.577,-2.96625
26.578,-2.96332
26.579,-2.96038
26.58,-2.95744
26.581,-2.9545
26.582,-2.95155
26.583,-2.94859
26.584,-2.94564
26.585,-2.94268
26.586,-2.93971
26.587,-2.93674
26.588,-2.93377
26.589,-2.93079
26.59,-2.92781
26.591,-2.92482
26.592,-2.92183
26.593,-2.91884
26.594,-2.91584
26.595,-2.91284
26.596,-2.90984
26.597,-2.90683
26.598,-2.90381
26.599,-2.90079
26.6,-2.89777
26.601,-2.89474
26.602,-2.89171
26.603,-2.88868
26.604,-2.88564
26.605,-2.8826
26.606,-2.87955
26.607,-2.8765
26.608,-2.87344
26.609,-2.87038
26.61,-2.86732
26.611,-2.86425
26.612,-2.86118
26.613,-2.8581
26.614,-2.85502
26.615,-2.85194
26.616,-2.84885
26.617,-2.84575
26.618,-2.84266
26.619,-2.83955
26.62,-2.83645
26.621,-2.83334
26.622,-2.83022
26.623,-2.8271
26.624,-2.82398
26.625,-2.82085
26.626,-2.81772
26.627,-2.81458
26.628,-2.81144
26.629,-2.8083
26.63,-2.80515
26.631,-2.802
26.632,-2.79884
26.633,-2.79568
26.634,-2.79251
26.635,-2.78934
26.636,-2.78617
26.637,-2.78299
26.638,-2.7798
26.639,-2.77661
26.64,-2.77342
26.641,-2.77022
26.642,-2.76702
26.643,-2.76382
26.644,-2.76061
26.645,-2.75739
26.646,-2.75417
26.647,-2.75095
26.648,-2.74772
26.649,-2.74449
26.65,-2.74125
26.651,-2.73801
26.652,-2.73476
26.653,-2.73151
26.654,-2.72826
26.655,-2.725
26.656,-2.72174
26.657,-2.71847
26.658,-2.7152
26.659,-2.71192
26.66,-2.70864
26.661,-2.70535
26.662,-2.70206
26.663,-2.69876
26.664,-2.69546
26.665,-2.69216
26.666,-2.68885
26.667,-2.68553
26.668,-2.68222
26.669,-2.67889
26.67,-2.67557
26.671,-2.67223
26.672,-2.6689
26.673,-2.66555
26.674,-2.66221
26.675,-2.65886
26.676,-2.6555
26.677,-2.65214
26.678,-2.64878
26.679,-2.64541
26.68,-2.64203
26.681,-2.63865
26.682,-2.63527
26.683,-2.63188
26.684,-2.62849
26.685,-2.62509
26.686,-2.62169
26.687,-2.61828
26.688,-2.61487
26.689,-2.61145
26.69,-2.60803
26.691,-2.6046
26.692,-2.60117
26.693,-2.59773
26.694,-2.59429
26.695,-2.59084
26.696,-2.58739
26.697,-2.58394
26.698,-2.58048
26.699,-2.57701
26.7,-2.57354
26.701,-2.57007
26.702,-2.56659
26.703,-2.5631
26.704,-2.55961
26.705,-2.55612
26.706,-2.55262
26.707,-2.54911
26.708,-2.5456
26.709,-2.54209
26.71,-2.53857
26.711,-2.53504
26.712,-2.53151
26.713,-2.52798
26.714,-2.52444
26.715,-2.52089
26.716,-2.51734
26.717,-2.51379
26.718,-2.51023
26.719,-2.50667
26.72,-2.5031
26.721,-2.49952
26.722,-2.49594
26.723,-2.49236
26.724,-2.48877
26.725,-2.48517
26.726,-2.48157
26.727,-2.47796
26.728,-2.47435
26.729,-2.47074
26.73,-2.46712
26.731,-2.46349
26.732,-2.45986
26.733,-2.45622
26.734,-2.45258
26.735,-2.44893
26.736,-2.44528
26.737,-2.44162
26.738,-2.43796
26.739,-2.43429
26.74,-2.43062
26.741,-2.42694
26.742,-2.42326
26.743,-2.41957
26.744,-2.41587
26.745,-2.41218
26.746,-2.40847
26.747,-2.40476
26.748,-2.40104
26.749,-2.39732
26.75,-2.3936
26.751,-2.38987
26.752,-2.38613
26.753,-2.38239
26.754,-2.37864
26.755,-2.37489
26.756,-2.37113
26.757,-2.36736
26.758,-2.36359
26.759,-2.35982
26.76,-2.35604
26.761,-2.35225
26.762,-2.34846
26.763,-2.34466
26.764,-2.34086
26.765,-2.33705
26.766,-2.33324
26.767,-2.32942
26.768,-2.3256
26.769,-2.32177
26.77,-2.31793
26.771,-2.31409
26.772,-2.31024
26.773,-2.30639
26.774,-2.30253
26.775,-2.29867
26.776,-2.2948
26.777,-2.29093
26.778,-2.28705
26.779,-2.28316
26.78,-2.27927
26.781,-2.27537
26.782,-2.27147
26.783,-2.26756
26.784,-2.26364
26.785,-2.25972
26.786,-2.2558
26.787,-2.25187
26.788,-2.24793
26.789,-2.24398
26.79,-2.24004
26.791,-2.23608
26.792,-2.23212
26.793,-2.22815
26.794,-2.22418
26.795,-2.2202
26.796,-2.21622
26.797,-2.21223
26.798,-2.20823
26.799,-2.20423
26.8,-2.20022
26.801,-2.19621
26.802,-2.19219
26.803,-2.18817
26.804,-2.18414
26.805,-2.1801
26.806,-2.17605
26.807,-2.17201
26.808,-2.16795
26.809,-2.16389
26.81,-2.15982
26.811,-2.15575
26.812,-2.15167
26.813,-2.14759
26.814,-2.1435
26.815,-2.1394
26.816,-2.13529
26.817,-2.13119
26.818,-2.12707
26.819,-2.12295
26.82,-2.11882
26.821,-2.11469
26.822,-2.11055
26.823,-2.1064
26.824,-2.10225
26.825,-2.09809
26.826,-2.09393
26.827,-2.08976
26.828,-2.08558
26.829,-2.0814
26.83,-2.07721
26.831,-2.07301
26.832,-2.06881
26.833,-2.0646
26.834,-2.06039
26.835,-2.05617
26.836,-2.05194
26.837,-2.04771
26.838,-2.04347
26.839,-2.03922
26.84,-2.03497
26.841,-2.03071
26.842,-2.02645
26.843,-2.02217
26.844,-2.0179
26.845,-2.01361
26.846,-2.00932
26.847,-2.00503
26.848,-2.00072
26.849,-1.99641
26.85,-1.9921
26.851,-1.98777
26.852,-1.98344
26.853,-1.97911
26.854,-1.97477
26.855,-1.97042
26.856,-1.96606
26.857,-1.9617
26.858,-1.95733
26.859,-1.95296
26.86,-1.94858
26.861,-1.94419
26.862,-1.93979
26.863,-1.93539
26.864,-1.93098
26.865,-1.92657
26.866,-1.92215
26.867,-1.91772
26.868,-1.91329
26.869,-1.90884
26.87,-1.9044
26.871,-1.89994
26.872,-1.89548
26.873,-1.89101
26.874,-1.88654
26.875,-1.88206
26.876,-1.87757
26.877,-1.87307
26.878,-1.86857
26.879,-1.86406
26.88,-1.85955
26.881,-1.85502
26.882,-1.85049
26.883,-1.84596
26.884,-1.84142
26.885,-1.83687
26.886,-1.83231
26.887,-1.82775
26.888,-1.82317
26.889,-1.8186
26.89,-1.81401
26.891,-1.80942
26.892,-1.80482
26.893,-1.80022
26.894,-1.79561
26.895,-1.79099
26.896,-1.78636
26.897,-1.78173
26.898,-1.77709
26.899,-1.77244
26.9,-1.76778
26.901,-1.76312
26.902,-1.75845
26.903,-1.75378
26.904,-1.74909
26.905,-1.7444
26.906,-1.73971
26.907,-1.735
26.908,-1.73029
26.909,-1.72557
26.91,-1.72085
26.911,-1.71611
26.912,-1.71137
26.913,-1.70662
26.914,-1.70187
26.915,-1.69711
26.916,-1.69234
26.917,-1.68756
26.918,-1.68278
26.919,-1.67799
26.92,-1.67319
26.921,-1.66838
26.922,-1.66357
26.923,-1.65875
26.924,-1.65392
26.925,-1.64908
26.926,-1.64424
26.927,-1.63939
26.928,-1.63453
26.929,-1.62967
26.93,-1.62479
26.931,-1.61991
26.932,-1.61503
26.933,-1.61013
26.934,-1.60523
26.935,-1.60032
26.936,-1.5954
26.937,-1.59047
26.938,-1.58554
26.939,-1.5806
26.94,-1.57565
26.941,-1.5707
26.942,-1.56573
26.943,-1.56076
26.944,-1.55579
26.945,-1.5508
26.946,-1.54581
26.947,-1.5408
26.948,-1.53579
26.949,-1.53078
26.95,-1.52575
26.951,-1.52072
26.952,-1.51568
26.953,-1.51063
26.954,-1.50558
26.955,-1.50051
26.956,-1.49544
26.957,-1.49036
26.958,-1.48527
26.959,-1.48018
26.96,-1.47508
26.961,-1.46997
26.962,-1.46485
26.963,-1.45972
26.964,-1.45459
26.965,-1.44944
26.966,-1.44429
26.967,-1.43914
26.968,-1.43397
26.969,-1.4288
26.97,-1.42361
26.971,-1.41842
26.972,-1.41322
26.973,-1.40802
26.974,-1.4028
26.975,-1.39758
26.976,-1.39235
26.977,-1.38711
26.978,-1.38186
26.979,-1.37661
26.98,-1.37135
26.981,-1.36607
26.982,-1.3608
26.983,-1.35551
26.984,-1.35021
26.985,-1.34491
26.986,-1.33959
26.987,-1.33427
26.988,-1.32895
26.989,-1.32361
26.99,-1.31826
26.991,-1.31291
26.992,-1.30755
26.993,-1.30218
26.994,-1.2968
26.995,-1.29141
26.996,-1.28601
26.997,-1.28061
26.998,-1.2752
26.999,-1.26978
27,-1.26435
27.001,-1.25891
27.002,-1.25346
27.003,-1.24801
27.004,-1.24254
27.005,-1.23707
27.006,-1.23159
27.007,-1.2261
27.008,-1.2206
27.009,-1.2151
27.01,-1.20958
27.011,-1.20406
27.012,-1.19853
27.013,-1.19299
27.014,-1.18744
27.015,-1.18188
27.016,-1.17631
27.017,-1.17074
27.018,-1.16515
27.019,-1.15956
27.02,-1.15396
27.021,-1.14835
27.022,-1.14273
27.023,-1.1371
27.024,-1.13146
27.025,-1.12582
27.026,-1.12016
27.027,-1.1145
27.028,-1.10883
27.029,-1.10314
27.03,-1.09745
27.031,-1.09175
27.032,-1.08605
27.033,-1.08033
27.034,-1.0746
27.035,-1.06887
27.036,-1.06312
27.037,-1.05737
27.038,-1.05161
27.039,-1.04584
27.04,-1.04006
27.041,-1.03427
27.042,-1.02847
27.043,-1.02266
27.044,-1.01684
27.045,-1.01102
27.046,-1.00518
27.047,-0.999335
27.048,-0.993481
27.049,-0.987618
27.05,-0.981746
27.051,-0.975864
27.052,-0.969973
27.053,-0.964072
27.054,-0.958163
27.055,-0.952244
27.056,-0.946315
27.057,-0.940377
27.058,-0.93443
27.059,-0.928474
27.06,-0.922507
27.061,-0.916532
27.062,-0.910547
27.063,-0.904552
27.064,-0.898548
27.065,-0.892535
27.066,-0.886512
27.067,-0.880479
27.068,-0.874437
27.069,-0.868385
27.07,-0.862324
27.071,-0.856253
27.072,-0.850172
27.073,-0.844082
27.074,-0.837981
27.075,-0.831872
27.076,-0.825752
27.077,-0.819623
27.078,-0.813484
27.079,-0.807335
27.08,-0.801176
27.081,-0.795008
27.082,-0.78883
27.083,-0.782642
27.084,-0.776444
27.085,-0.770236
27.086,-0.764018
27.087,-0.75779
27.088,-0.751553
27.089,-0.745305
27.09,-0.739047
27.091,-0.73278
27.092,-0.726502
27.093,-0.720215
27.094,-0.713917
27.095,-0.707609
27.096,-0.701291
27.097,-0.694963
27.098,-0.688625
27.099,-0.682277
27.1,-0.675918
27.101,-0.669549
27.102,-0.663171
27.103,-0.656781
27.104,-0.650382
27.105,-0.643972
27.106,-0.637552
27.107,-0.631122
27.108,-0.624681
27.109,-0.618231
27.11,-0.611769
27.111,-0.605298
27.112,-0.598815
27.113,-0.592323
27.114,-0.58582
27.115,-0.579306
27.116,-0.572782
27.117,-0.566248
27.118,-0.559703
27.119,-0.553147
27.12,-0.546581
27.121,-0.540005
27.122,-0.533417
27.123,-0.526819
27.124,-0.520211
27.125,-0.513591
27.126,-0.506961
27.127,-0.500321
27.128,-0.493669
27.129,-0.487007
27.13,-0.480334
27.131,-0.473651
27.132,-0.466956
27.133,-0.460251
27.134,-0.453534
27.135,-0.446807
27.136,-0.440069
27.137,-0.43332
27.138,-0.426561
27.139,-0.41979
27.14,-0.413008
27.141,-0.406215
27.142,-0.399411
27.143,-0.392596
27.144,-0.385771
27.145,-0.378934
27.146,-0.372085
27.147,-0.365226
27.148,-0.358356
27.149,-0.351474
27.15,-0.344581
27.151,-0.337677
27.152,-0.330762
27.153,-0.323836
27.154,-0.316898
27.155,-0.309949
27.156,-0.302989
27.157,-0.296017
27.158,-0.289034
27.159,-0.282039
27.16,-0.275034
27.161,-0.268016
27.162,-0.260988
27.163,-0.253947
27.164,-0.246896
27.165,-0.239832
27.166,-0.232758
27.167,-0.225671
27.168,-0.218574
27.169,-0.211464
27.17,-0.204343
27.171,-0.19721
27.172,-0.190066
27.173,-0.18291
27.174,-0.175742
27.175,-0.168562
27.176,-0.161371
27.177,-0.154168
27.178,-0.146953
27.179,-0.139726
27.18,-0.132487
27.181,-0.125237
27.182,-0.117975
27.183,-0.1107
27.184,-0.103414
27.185,-0.0961159
27.186,-0.0888057
27.187,-0.0814835
27.188,-0.0741493
27.189,-0.0668031
27.19,-0.0594448
27.191,-0.0520744
27.192,-0.0446918
27.193,-0.0372972
27.194,-0.0298903
27.195,-0.0224713
27.196,-0.0150401
27.197,-0.00759659
27.198,-0.000140863
27.199,0.00732714
27.2,0.0148075
27.201,0.0223001
27.202,0.0298051
27.203,0.0373224
27.204,0.0448522
27.205,0.0523943
27.206,0.0599489
27.207,0.067516
27.208,0.0750956
27.209,0.0826876
27.21,0.0902922
27.211,0.0979094
27.212,0.105539
27.213,0.113181
27.214,0.120836
27.215,0.128504
27.216,0.136184
27.217,0.143877
27.218,0.151583
27.219,0.159302
27.22,0.167033
27.221,0.174777
27.222,0.182534
27.223,0.190303
27.224,0.198086
27.225,0.205881
27.226,0.21369
27.227,0.221511
27.228,0.229345
27.229,0.237192
27.23,0.245053
27.231,0.252926
27.232,0.260812
27.233,0.268711
27.234,0.276624
27.235,0.284549
27.236,0.292488
27.237,0.30044
27.238,0.308405
27.239,0.316384
27.24,0.324375
27.241,0.33238
27.242,0.340398
27.243,0.34843
27.244,0.356474
27.245,0.364533
27.246,0.372604
27.247,0.380689
27.248,0.388788
27.249,0.396899
27.25,0.405025
27.251,0.413164
27.252,0.421316
27.253,0.429482
27.254,0.437662
27.255,0.445855
27.256,0.454062
27.257,0.462282
27.258,0.470516
27.259,0.478764
27.26,0.487026
27.261,0.495301
27.262,0.50359
27.263,0.511893
27.264,0.52021
27.265,0.52854
27.266,0.536885
27.267,0.545243
27.268,0.553615
27.269,0.562002
27.27,0.570402
27.271,0.578816
27.272,0.587244
27.273,0.595687
27.274,0.604143
27.275,0.612613
27.276,0.621098
27.277,0.629597
27.278,0.63811
27.279,0.646637
27.28,0.655178
27.281,0.663734
27.282,0.672304
27.283,0.680888
27.284,0.689486
27.285,0.698099
27.286,0.706727
27.287,0.715368
27.288,0.724024
27.289,0.732695
27.29,0.74138
27.291,0.750079
27.292,0.758793
27.293,0.767522
27.294,0.776265
27.295,0.785023
27.296,0.793795
27.297,0.802582
27.298,0.811384
27.299,0.8202
27.3,0.829031
27.301,0.837877
27.302,0.846738
27.303,0.855613
27.304,0.864504
27.305,0.873409
27.306,0.882329
27.307,0.891264
27.308,0.900214
27.309,0.909178
27.31,0.918158
27.311,0.927153
27.312,0.936163
27.313,0.945188
27.314,0.954228
27.315,0.963283
27.316,0.972353
27.317,0.981438
27.318,0.990539
27.319,0.999655
27.32,1.00879
27.321,1.01793
27.322,1.02709
27.323,1.03627
27.324,1.04546
27.325,1.05467
27.326,1.06389
27.327,1.07313
27.328,1.08239
27.329,1.09165
27.33,1.10094
27.331,1.11024
27.332,1.11956
27.333,1.12889
27.334,1.13823
27.335,1.1476
27.336,1.15698
27.337,1.16637
27.338,1.17578
27.339,1.1852
27.34,1.19465
27.341,1.2041
27.342,1.21358
27.343,1.22306
27.344,1.23257
27.345,1.24209
27.346,1.25163
27.347,1.26118
27.348,1.27075
27.349,1.28033
27.35,1.28993
27.351,1.29955
27.352,1.30918
27.353,1.31883
27.354,1.32849
27.355,1.33817
27.356,1.34787
27.357,1.35758
27.358,1.36731
27.359,1.37706
27.36,1.38682
27.361,1.3966
27.362,1.40639
27.363,1.4162
27.364,1.42603
27.365,1.43587
27.366,1.44573
27.367,1.45561
27.368,1.4655
27.369,1.47541
27.37,1.48534
27.371,1.49528
27.372,1.50524
27.373,1.51522
27.374,1.52521
27.375,1.53522
27.376,1.54525
27.377,1.55529
27.378,1.56535
27.379,1.57543
27.38,1.58552
27.381,1.59563
27.382,1.60576
27.383,1.6159
27.384,1.62606
27.385,1.63624
27.386,1.64643
27.387,1.65665
27.388,1.66687
27.389,1.67712
27.39,1.68738
27.391,1.69766
27.392,1.70796
27.393,1.71828
27.394,1.72861
27.395,1.73896
27.396,1.74932
27.397,1.75971
27.398,1.77011
27.399,1.78053
27.4,1.79096
27.401,1.80141
27.402,1.81188
27.403,1.82237
27.404,1.83288
27.405,1.8434
27.406,1.85394
27.407,1.8645
27.408,1.87507
27.409,1.88567
27.41,1.89628
27.411,1.90691
27.412,1.91755
27.413,1.92822
27.414,1.9389
27.415,1.9496
27.416,1.96032
27.417,1.97105
27.418,1.98181
27.419,1.99258
27.42,2.00337
27.421,2.01417
27.422,2.025
27.423,2.03584
27.424,2.0467
27.425,2.05758
27.426,2.06848
27.427,2.0794
27.428,2.09033
27.429,2.10128
27.43,2.11225
27.431,2.12324
27.432,2.13425
27.433,2.14527
27.434,2.15632
27.435,2.16738
27.436,2.17846
27.437,2.18956
27.438,2.20068
27.439,2.21181
27.44,2.22297
27.441,2.23414
27.442,2.24533
27.443,2.25654
27.444,2.26777
27.445,2.27902
27.446,2.29029
27.447,2.30157
27.448,2.31287
27.449,2.3242
27.45,2.33554
27.451,2.3469
27.452,2.35828
27.453,2.36968
27.454,2.3811
27.455,2.39253
27.456,2.40399
27.457,2.41546
27.458,2.42696
27.459,2.43847
27.46,2.45
27.461,2.46155
27.462,2.47312
27.463,2.48471
27.464,2.49632
27.465,2.50795
27.466,2.5196
27.467,2.53126
27.468,2.54295
27.469,2.55465
27.47,2.56638
27.471,2.57812
27.472,2.58989
27.473,2.60167
27.474,2.61348
27.475,2.6253
27.476,2.63714
27.477,2.64901
27.478,2.66089
27.479,2.67279
27.48,2.68471
27.481,2.69665
27.482,2.70862
27.483,2.7206
27.484,2.7326
27.485,2.74462
27.486,2.75666
27.487,2.76872
27.488,2.78081
27.489,2.79291
27.49,2.80503
27.491,2.81717
27.492,2.82933
27.493,2.84152
27.494,2.85372
27.495,2.86594
27.496,2.87819
27.497,2.89045
27.498,2.90274
27.499,2.91504
27.5,2.92737
27.501,2.93971
27.502,2.95208
27.503,2.96447
27.504,2.97687
27.505,2.9893
27.506,3.00175
27.507,3.01422
27.508,3.02671
27.509,3.03922
27.51,3.05176
27.511,3.06431
27.512,3.07689
27.513,3.08948
27.514,3.1021
27.515,3.11473
27.516,3.12739
27.517,3.14007
27.518,3.15277
27.519,3.1655
27.52,3.17824
27.521,3.191
27.522,3.20379
27.523,3.2166
27.524,3.22943
27.525,3.24228
27.526,3.25515
27.527,3.26804
27.528,3.28095
27.529,3.29389
27.53,3.30685
27.531,3.31983
27.532,3.33283
27.533,3.34585
27.534,3.3589
27.535,3.37196
27.536,3.38505
27.537,3.39816
27.538,3.41129
27.539,3.42445
27.54,3.43763
27.541,3.45082
27.542,3.46404
27.543,3.47729
27.544,3.49055
27.545,3.50384
27.546,3.51715
27.547,3.53048
27.548,3.54383
27.549,3.55721
27.55,3.57061
27.551,3.58403
27.552,3.59748
27.553,3.61094
27.554,3.62443
27.555,3.63794
27.556,3.65148
27.557,3.66504
27.558,3.67862
27.559,3.69222
27.56,3.70584
27.561,3.71949
27.562,3.73317
27.563,3.74686
27.564,3.76058
27.565,3.77432
27.566,3.78808
27.567,3.80187
27.568,3.81568
27.569,3.82952
27.57,3.84337
27.571,3.85725
27.572,3.87116
27.573,3.88509
27.574,3.89904
27.575,3.91301
27.576,3.92701
27.577,3.94103
27.578,3.95508
27.579,3.96915
27.58,3.98324
27.581,3.99736
27.582,4.0115
27.583,4.02567
27.584,4.03986
27.585,4.05407
27.586,4.06831
27.587,4.08257
27.588,4.09686
27.589,4.11117
27.59,4.1255
27.591,4.13986
27.592,4.15425
27.593,4.16865
27.594,4.18309
27.595,4.19754
27.596,4.21203
27.597,4.22653
27.598,4.24106
27.599,4.25562
27.6,4.2702
27.601,4.28481
27.602,4.29944
27.603,4.31409
27.604,4.32878
27.605,4.34348
27.606,4.35821
27.607,4.37297
27.608,4.38775
27.609,4.40256
27.61,4.41739
27.611,4.43225
27.612,4.44714
27.613,4.46205
27.614,4.47698
27.615,4.49194
27.616,4.50693
27.617,4.52194
27.618,4.53698
27.619,4.55205
27.62,4.56714
27.621,4.58226
27.622,4.5974
27.623,4.61257
27.624,4.62776
27.625,4.64299
27.626,4.65823
27.627,4.67351
27.628,4.68881
27.629,4.70414
27.63,4.71949
27.631,4.73487
27.632,4.75028
27.633,4.76572
27.634,4.78118
27.635,4.79667
27.636,4.81219
27.637,4.82773
27.638,4.8433
27.639,4.8589
27.64,4.87452
27.641,4.89018
27.642,4.90586
27.643,4.92156
27.644,4.9373
27.645,4.95306
27.646,4.96885
27.647,4.98467
27.648,5.00052
27.649,5.01639
27.65,5.03229
27.651,5.04822
27.652,5.06418
27.653,5.08017
27.654,5.09619
27.655,5.11223
27.656,5.1283
27.657,5.1444
27.658,5.16053
27.659,5.17669
27.66,5.19288
27.661,5.2091
27.662,5.22534
27.663,5.24161
27.664,5.25792
27.665,5.27425
27.666,5.29061
27.667,5.307
27.668,5.32342
27.669,5.33987
27.67,5.35635
27.671,5.37286
27.672,5.3894
27.673,5.40597
27.674,5.42257
27.675,5.4392
27.676,5.45586
27.677,5.47255
27.678,5.48927
27.679,5.50602
27.68,5.5228
27.681,5.53961
27.682,5.55645
27.683,5.57333
27.684,5.59023
27.685,5.60716
27.686,5.62413
27.687,5.64113
27.688,5.65816
27.689,5.67521
27.69,5.69231
27.691,5.70943
27.692,5.72658
27.693,5.74377
27.694,5.76098
27.695,5.77823
27.696,5.79551
27.697,5.81283
27.698,5.83017
27.699,5.84755
27.7,5.86496
27.701,5.8824
27.702,5.89988
27.703,5.91739
27.704,5.93493
27.705,5.9525
27.706,5.97011
27.707,5.98775
27.708,6.00542
27.709,6.02312
27.71,6.04086
27.711,6.05864
27.712,6.07644
27.713,6.09428
27.714,6.11216
27.715,6.13007
27.716,6.14801
27.717,6.16599
27.718,6.184
27.719,6.20204
27.72,6.22012
27.721,6.23824
27.722,6.25639
27.723,6.27457
27.724,6.29279
27.725,6.31104
27.726,6.32933
27.727,6.34766
27.728,6.36602
27.729,6.38442
27.73,6.40285
27.731,6.42132
27.732,6.43982
27.733,6.45836
27.734,6.47694
27.735,6.49555
27.736,6.5142
27.737,6.53288
27.738,6.5516
27.739,6.57036
27.74,6.58916
27.741,6.60799
27.742,6.62686
27.743,6.64577
27.744,6.66472
27.745,6.6837
27.746,6.70272
27.747,6.72178
27.748,6.74088
27.749,6.76001
27.75,6.77919
27.751,6.7984
27.752,6.81765
27.753,6.83694
27.754,6.85627
27.755,6.87564
27.756,6.89505
27.757,6.91449
27.758,6.93398
27.759,6.9535
27.76,6.97307
27.761,6.99267
27.762,7.01232
27.763,7.03201
27.764,7.05173
27.765,7.0715
27.766,7.09131
27.767,7.11116
27.768,7.13104
27.769,7.15098
27.77,7.17095
27.771,7.19096
27.772,7.21102
27.773,7.23111
27.774,7.25125
27.775,7.27143
27.776,7.29166
27.777,7.31192
27.778,7.33223
27.779,7.35259
27.78,7.37298
27.781,7.39342
27.782,7.4139
27.783,7.43442
27.784,7.45499
27.785,7.4756
27.786,7.49626
27.787,7.51696
27.788,7.53771
27.789,7.5585
27.79,7.57933
27.791,7.60021
27.792,7.62113
27.793,7.6421
27.794,7.66312
27.795,7.68418
27.796,7.70529
27.797,7.72644
27.798,7.74764
27.799,7.76888
27.8,7.79017
27.801,7.81151
27.802,7.8329
27.803,7.85433
27.804,7.87581
27.805,7.89734
27.806,7.91891
27.807,7.94054
27.808,7.96221
27.809,7.98393
27.81,8.0057
27.811,8.02751
27.812,8.04938
27.813,8.0713
27.814,8.09326
27.815,8.11527
27.816,8.13734
27.817,8.15945
27.818,8.18161
27.819,8.20383
27.82,8.22609
27.821,8.24841
27.822,8.27078
27.823,8.29319
27.824,8.31566
27.825,8.33818
27.826,8.36076
27.827,8.38338
27.828,8.40606
27.829,8.42879
27.83,8.45157
27.831,8.4744
27.832,8.49729
27.833,8.52023
27.834,8.54323
27.835,8.56628
27.836,8.58938
27.837,8.61254
27.838,8.63575
27.839,8.65902
27.84,8.68234
27.841,8.70572
27.842,8.72915
27.843,8.75264
27.844,8.77618
27.845,8.79978
27.846,8.82344
27.847,8.84715
27.848,8.87092
27.849,8.89475
27.85,8.91863
27.851,8.94257
27.852,8.96657
27.853,8.99063
27.854,9.01475
27.855,9.03892
27.856,9.06316
27.857,9.08745
27.858,9.1118
27.859,9.13621
27.86,9.16068
27.861,9.18521
27.862,9.2098
27.863,9.23445
27.864,9.25917
27.865,9.28394
27.866,9.30877
27.867,9.33367
27.868,9.35863
27.869,9.38365
27.87,9.40873
27.871,9.43387
27.872,9.45908
27.873,9.48435
27.874,9.50968
27.875,9.53508
27.876,9.56054
27.877,9.58607
27.878,9.61165
27.879,9.63731
27.88,9.66303
27.881,9.68881
27.882,9.71466
27.883,9.74057
27.884,9.76655
27.885,9.7926
27.886,9.81871
27.887,9.84489
27.888,9.87114
27.889,9.89745
27.89,9.92384
27.891,9.95028
27.892,9.9768
27.893,10.0034
27.894,10.03
27.895,10.0568
27.896,10.0836
27.897,10.1104
27.898,10.1373
27.899,10.1643
27.9,10.1914
27.901,10.2186
27.902,10.2458
27.903,10.2731
27.904,10.3004
27.905,10.3278
27.906,10.3553
27.907,10.3829
27.908,10.4105
27.909,10.4383
27.91,10.4661
27.911,10.4939
27.912,10.5218
27.913,10.5499
27.914,10.5779
27.915,10.6061
27.916,10.6343
27.917,10.6626
27.918,10.691
27.919,10.7195
27.92,10.748
27.921,10.7766
27.922,10.8053
27.923,10.8341
27.924,10.8629
27.925,10.8918
27.926,10.9208
27.927,10.9499
27.928,10.979
27.929,11.0083
27.93,11.0376
27.931,11.0669
27.932,11.0964
27.933,11.126
27.934,11.1556
27.935,11.1853
27.936,11.2151
27.937,11.2449
27.938,11.2749
27.939,11.3049
27.94,11.335
27.941,11.3652
27.942,11.3955
27.943,11.4258
27.944,11.4563
27.945,11.4868
27.946,11.5174
27.947,11.5481
27.948,11.5788
27.949,11.6097
27.95,11.6406
27.951,11.6716
27.952,11.7027
27.953,11.7339
27.954,11.7652
27.955,11.7966
27.956,11.828
27.957,11.8596
27.958,11.8912
27.959,11.9229
27.96,11.9547
27.961,11.9866
27.962,12.0185
27.963,12.0506
27.964,12.0828
27.965,12.115
27.966,12.1473
27.967,12.1797
27.968,12.2122
27.969,12.2448
27.97,12.2775
27.971,12.3103
27.972,12.3431
27.973,12.3761
27.974,12.4092
27.975,12.4423
27.976,12.4755
27.977,12.5088
27.978,12.5423
27.979,12.5758
27.98,12.6094
27.981,12.6431
27.982,12.6769
27.983,12.7107
27.984,12.7447
27.985,12.7788
27.986,12.813
27.987,12.8472
27.988,12.8816
27.989,12.916
27.99,12.9506
27.991,12.9852
27.992,13.02
27.993,13.0548
27.994,13.0897
27.995,13.1248
27.996,13.1599
27.997,13.1951
27.998,13.2305
27.999,13.2659
28,13.3014
28.001,13.337
28.002,13.3728
28.003,13.4086
28.004,13.4445
28.005,13.4806
28.006,13.5167
28.007,13.5529
28.008,13.5892
28.009,13.6257
28.01,13.6622
28.011,13.6989
28.012,13.7356
28.013,13.7724
28.014,13.8094
28.015,13.8464
28.016,13.8836
28.017,13.9209
28.018,13.9582
28.019,13.9957
28.02,14.0333
28.021,14.071
28.022,14.1087
28.023,14.1466
28.024,14.1846
28.025,14.2228
28.026,14.261
28.027,14.2993
28.028,14.3377
28.029,14.3763
28.03,14.4149
28.031,14.4537
28.032,14.4926
28.033,14.5315
28.034,14.5706
28.035,14.6098
28.036,14.6492
28.037,14.6886
28.038,14.7281
28.039,14.7678
28.04,14.8075
28.041,14.8474
28.042,14.8874
28.043,14.9275
28.044,14.9677
28.045,15.008
28.046,15.0485
28.047,15.089
28.048,15.1297
28.049,15.1705
28.05,15.2114
28.051,15.2524
28.052,15.2936
28.053,15.3348
28.054,15.3762
28.055,15.4177
28.056,15.4593
28.057,15.501
28.058,15.5429
28.059,15.5849
28.06,15.627
28.061,15.6692
28.062,15.7115
28.063,15.754
28.064,15.7965
28.065,15.8392
28.066,15.8821
28.067,15.925
28.068,15.9681
28.069,16.0113
28.07,16.0546
28.071,16.098
28.072,16.1416
28.073,16.1853
28.074,16.2291
28.075,16.273
28.076,16.3171
28.077,16.3613
28.078,16.4056
28.079,16.4501
28.08,16.4947
28.081,16.5394
28.082,16.5842
28.083,16.6292
28.084,16.6743
28.085,16.7195
28.086,16.7649
28.087,16.8104
28.088,16.856
28.089,16.9018
28.09,16.9477
28.091,16.9937
28.092,17.0399
28.093,17.0862
28.094,17.1326
28.095,17.1792
28.096,17.2259
28.097,17.2728
28.098,17.3198
28.099,17.3669
28.1,17.4142
28.101,17.4616
28.102,17.5091
28.103,17.5568
28.104,17.6046
28.105,17.6526
28.106,17.7007
28.107,17.7489
28.108,17.7973
28.109,17.8459
28.11,17.8945
28.111,17.9434
28.112,17.9923
28.113,18.0415
28.114,18.0907
28.115,18.1401
28.116,18.1897
28.117,18.2394
28.118,18.2893
28.119,18.3393
28.12,18.3894
28.121,18.4397
28.122,18.4902
28.123,18.5408
28.124,18.5916
28.125,18.6425
28.126,18.6936
28.127,18.7448
28.128,18.7962
28.129,18.8477
28.13,18.8994
28.131,18.9512
28.132,19.0033
28.133,19.0554
28.134,19.1077
28.135,19.1602
28.136,19.2129
28.137,19.2657
28.138,19.3187
28.139,19.3718
28.14,19.4251
28.141,19.4786
28.142,19.5322
28.143,19.586
28.144,19.6399
28.145,19.694
28.146,19.7483
28.147,19.8028
28.148,19.8574
28.149,19.9122
28.15,19.9672
28.151,20.0223
28.152,20.0776
28.153,20.1331
28.154,20.1888
28.155,20.2446
28.156,20.3006
28.157,20.3568
28.158,20.4132
28.159,20.4697
28.16,20.5264
28.161,20.5833
28.162,20.6404
28.163,20.6976
28.164,20.7551
28.165,20.8127
28.166,20.8705
28.167,20.9285
28.168,20.9866
28.169,21.045
28.17,21.1035
28.171,21.1623
28.172,21.2212
28.173,21.2803
28.174,21.3396
28.175,21.399
28.176,21.4587
28.177,21.5186
28.178,21.5786
28.179,21.6389
28.18,21.6993
28.181,21.76
28.182,21.8208
28.183,21.8818
28.184,21.9431
28.185,22.0045
28.186,22.0661
28.187,22.128
28.188,22.19
28.189,22.2522
28.19,22.3147
28.191,22.3773
28.192,22.4401
28.193,22.5032
28.194,22.5664
28.195,22.6299
28.196,22.6936
28.197,22.7574
28.198,22.8215
28.199,22.8858
28.2,22.9503
28.201,23.0151
28.202,23.08
28.203,23.1451
28.204,23.2105
28.205,23.2761
28.206,23.3419
28.207,23.4079
28.208,23.4741
28.209,23.5406
28.21,23.6072
28.211,23.6741
28.212,23.7412
28.213,23.8086
28.214,23.8761
28.215,23.9439
28.216,24.0119
28.217,24.0801
28.218,24.1486
28.219,24.2173
28.22,24.2862
28.221,24.3553
28.222,24.4247
28.223,24.4943
28.224,24.5641
28.225,24.6342
28.226,24.7045
28.227,24.775
28.228,24.8458
28.229,24.9168
28.23,24.988
28.231,25.0595
28.232,25.1312
28.233,25.2031
28.234,25.2753
28.235,25.3477
28.236,25.4204
28.237,25.4933
28.238,25.5664
28.239,25.6398
28.24,25.7134
28.241,25.7873
28.242,25.8614
28.243,25.9357
28.244,26.0103
28.245,26.0852
28.246,26.1603
28.247,26.2356
28.248,26.3112
28.249,26.387
28.25,26.4631
28.251,26.5394
28.252,26.6159
28.253,26.6928
28.254,26.7698
28.255,26.8471
28.256,26.9247
28.257,27.0025
28.258,27.0806
28.259,27.1589
28.26,27.2374
28.261,27.3162
28.262,27.3953
28.263,27.4746
28.264,27.5541
28.265,27.6339
28.266,27.714
28.267,27.7943
28.268,27.8749
28.269,27.9557
28.27,28.0367
28.271,28.118
28.272,28.1996
28.273,28.2814
28.274,28.3635
28.275,28.4458
28.276,28.5283
28.277,28.6111
28.278,28.6942
28.279,28.7775
28.28,28.861
28.281,28.9448
28.282,29.0288
28.283,29.1131
28.284,29.1976
28.285,29.2824
28.286,29.3674
28.287,29.4526
28.288,29.5381
28.289,29.6239
28.29,29.7098
28.291,29.796
28.292,29.8825
28.293,29.9692
28.294,30.0561
28.295,30.1432
28.296,30.2306
28.297,30.3182
28.298,30.406
28.299,30.4941
28.3,30.5824
28.301,30.6709
28.302,30.7596
28.303,30.8486
28.304,30.9378
28.305,31.0272
28.306,31.1168
28.307,31.2066
28.308,31.2966
28.309,31.3868
28.31,31.4773
28.311,31.5679
28.312,31.6588
28.313,31.7498
28.314,31.8411
28.315,31.9325
28.316,32.0241
28.317,32.1159
28.318,32.2079
28.319,32.3001
28.32,32.3925
28.321,32.485
28.322,32.5777
28.323,32.6706
28.324,32.7636
28.325,32.8568
28.326,32.9502
28.327,33.0437
28.328,33.1374
28.329,33.2312
28.33,33.3252
28.331,33.4193
28.332,33.5135
28.333,33.6079
28.334,33.7024
28.335,33.797
28.336,33.8917
28.337,33.9866
28.338,34.0815
28.339,34.1766
28.34,34.2718
28.341,34.367
28.342,34.4624
28.343,34.5578
28.344,34.6533
28.345,34.7489
28.346,34.8446
28.347,34.9403
28.348,35.0361
28.349,35.1319
28.35,35.2278
28.351,35.3237
28.352,35.4197
28.353,35.5157
28.354,35.6117
28.355,35.7077
28.356,35.8038
28.357,35.8998
28.358,35.9959
28.359,36.0919
28.36,36.1879
28.361,36.2839
28.362,36.3799
28.363,36.4759
28.364,36.5718
28.365,36.6677
28.366,36.7635
28.367,36.8592
28.368,36.9549
28.369,37.0505
28.37,37.146
28.371,37.2415
28.372,37.3368
28.373,37.432
28.374,37.5272
28.375,37.6222
28.376,37.7171
28.377,37.8118
28.378,37.9064
28.379,38.0009
28.38,38.0952
28.381,38.1893
28.382,38.2833
28.383,38.3771
28.384,38.4707
28.385,38.5642
28.386,38.6574
28.387,38.7504
28.388,38.8432
28.389,38.9358
28.39,39.0281
28.391,39.1202
28.392,39.2121
28.393,39.3037
28.394,39.395
28.395,39.4861
28.396,39.5769
28.397,39.6674
28.398,39.7577
28.399,39.8476
28.4,39.9372
28.401,40.0265
28.402,40.1155
28.403,40.2042
28.404,40.2925
28.405,40.3805
28.406,40.4681
28.407,40.5554
28.408,40.6423
28.409,40.7288
28.41,40.815
28.411,40.9007
28.412,40.9861
28.413,41.0711
28.414,41.1557
28.415,41.2398
28.416,41.3236
28.417,41.4069
28.418,41.4898
28.419,41.5723
28.42,41.6543
28.421,41.7359
28.422,41.817
28.423,41.8976
28.424,41.9778
28.425,42.0575
28.426,42.1368
28.427,42.2155
28.428,42.2938
28.429,42.3716
28.43,42.4488
28.431,42.5256
28.432,42.6019
28.433,42.6776
28.434,42.7529
28.435,42.8276
28.436,42.9018
28.437,42.9755
28.438,43.0486
28.439,43.1212
28.44,43.1933
28.441,43.2648
28.442,43.3357
28.443,43.4062
28.444,43.476
28.445,43.5453
28.446,43.6141
28.447,43.6823
28.448,43.7499
28.449,43.817
28.45,43.8835
28.451,43.9494
28.452,44.0147
28.453,44.0795
28.454,44.1437
28.455,44.2073
28.456,44.2703
28.457,44.3328
28.458,44.3947
28.459,44.456
28.46,44.5167
28.461,44.5768
28.462,44.6363
28.463,44.6953
28.464,44.7536
28.465,44.8114
28.466,44.8686
28.467,44.9252
28.468,44.9812
28.469,45.0367
28.47,45.0915
28.471,45.1458
28.472,45.1995
28.473,45.2526
28.474,45.3051
28.475,45.357
28.476,45.4084
28.477,45.4591
28.478,45.5093
28.479,45.5589
28.48,45.608
28.481,45.6564
28.482,45.7043
28.483,45.7517
28.484,45.7984
28.485,45.8446
28.486,45.8902
28.487,45.9353
28.488,45.9798
28.489,46.0238
28.49,46.0672
28.491,46.11
28.492,46.1523
28.493,46.1941
28.494,46.2353
28.495,46.2759
28.496,46.316
28.497,46.3556
28.498,46.3947
28.499,46.4332
28.5,46.4712
28.501,46.5087
28.502,46.5456
28.503,46.5821
28.504,46.618
28.505,46.6534
28.506,46.6883
28.507,46.7227
28.508,46.7567
28.509,46.7901
28.51,46.823
28.511,46.8554
28.512,46.8874
28.513,46.9188
28.514,46.9498
28.515,46.9803
28.516,47.0104
28.517,47.04
28.518,47.0691
28.519,47.0977
28.52,47.1259
28.521,47.1537
28.522,47.181
28.523,47.2079
28.524,47.2343
28.525,47.2603
28.526,47.2858
28.527,47.3109
28.528,47.3356
28.529,47.3599
28.53,47.3838
28.531,47.4073
28.532,47.4303
28.533,47.4529
28.534,47.4752
28.535,47.497
28.536,47.5185
28.537,47.5395
28.538,47.5602
28.539,47.5805
28.54,47.6004
28.541,47.62
28.542,47.6391
28.543,47.658
28.544,47.6764
28.545,47.6945
28.546,47.7122
28.547,47.7296
28.548,47.7466
28.549,47.7633
28.55,47.7797
28.551,47.7957
28.552,47.8113
28.553,47.8267
28.554,47.8417
28.555,47.8564
28.556,47.8708
28.557,47.8848
28.558,47.8986
28.559,47.912
28.56,47.9252
28.561,47.938
28.562,47.9505
28.563,47.9627
28.564,47.9747
28.565,47.9863
28.566,47.9977
28.567,48.0088
28.568,48.0196
28.569,48.0301
28.57,48.0404
28.571,48.0503
28.572,48.06
28.573,48.0695
28.574,48.0787
28.575,48.0876
28.576,48.0963
28.577,48.1047
28.578,48.1128
28.579,48.1207
28.58,48.1284
28.581,48.1358
28.582,48.143
28.583,48.15
28.584,48.1567
28.585,48.1631
28.586,48.1694
28.587,48.1754
28.588,48.1812
28.589,48.1868
28.59,48.1921
28.591,48.1972
28.592,48.2022
28.593,48.2069
28.594,48.2113
28.595,48.2156
28.596,48.2197
28.597,48.2236
28.598,48.2272
28.599,48.2307
28.6,48.234
28.601,48.237
28.602,48.2399
28.603,48.2426
28.604,48.2451
28.605,48.2474
28.606,48.2495
28.607,48.2514
28.608,48.2532
28.609,48.2548
28.61,48.2561
28.611,48.2574
28.612,48.2584
28.613,48.2593
28.614,48.2599
28.615,48.2605
28.616,48.2608
28.617,48.261
28.618,48.261
28.619,48.2608
28.62,48.2605
28.621,48.2601
28.622,48.2594
28.623,48.2586
28.624,48.2577
28.625,48.2566
28.626,48.2553
28.627,48.2539
28.628,48.2523
28.629,48.2506
28.63,48.2487
28.631,48.2467
28.632,48.2445
28.633,48.2422
28.634,48.2398
28.635,48.2372
28.636,48.2344
28.637,48.2315
28.638,48.2285
28.639,48.2253
28.64,48.222
28.641,48.2186
28.642,48.215
28.643,48.2113
28.644,48.2075
28.645,48.2035
28.646,48.1994
28.647,48.1951
28.648,48.1908
28.649,48.1863
28.65,48.1816
28.651,48.1769
28.652,48.172
28.653,48.167
28.654,48.1619
28.655,48.1566
28.656,48.1512
28.657,48.1457
28.658,48.1401
28.659,48.1344
28.66,48.1285
28.661,48.1225
28.662,48.1164
28.663,48.1102
28.664,48.1038
28.665,48.0974
28.666,48.0908
28.667,48.0841
28.668,48.0773
28.669,48.0704
28.67,48.0633
28.671,48.0562
28.672,48.0489
28.673,48.0415
28.674,48.0341
28.675,48.0265
28.676,48.0188
28.677,48.0109
28.678,48.003
28.679,47.995
28.68,47.9868
28.681,47.9786
28.682,47.9702
28.683,47.9617
28.684,47.9532
28.685,47.9445
28.686,47.9357
28.687,47.9268
28.688,47.9178
28.689,47.9087
28.69,47.8995
28.691,47.8902
28.692,47.8807
28.693,47.8712
28.694,47.8616
28.695,47.8519
28.696,47.842
28.697,47.8321
28.698,47.8221
28.699,47.8119
28.7,47.8017
28.701,47.7914
28.702,47.7809
28.703,47.7704
28.704,47.7598
28.705,47.749
28.706,47.7382
28.707,47.7272
28.708,47.7162
28.709,47.7051
28.71,47.6938
28.711,47.6825
28.712,47.6711
28.713,47.6596
28.714,47.6479
28.715,47.6362
28.716,47.6244
28.717,47.6125
28.718,47.6005
28.719,47.5884
28.72,47.5762
28.721,47.5639
28.722,47.5515
28.723,47.539
28.724,47.5264
28.725,47.5137
28.726,47.5009
28.727,47.4881
28.728,47.4751
28.729,47.462
28.73,47.4489
28.731,47.4356
28.732,47.4223
28.733,47.4088
28.734,47.3953
28.735,47.3817
28.736,47.3679
28.737,47.3541
28.738,47.3402
28.739,47.3262
28.74,47.3121
28.741,47.2979
28.742,47.2836
28.743,47.2693
28.744,47.2548
28.745,47.2402
28.746,47.2256
28.747,47.2108
28.748,47.196
28.749,47.1811
28.75,47.166
28.751,47.1509
28.752,47.1357
28.753,47.1204
28.754,47.105
28.755,47.0895
28.756,47.074
28.757,47.0583
28.758,47.0425
28.759,47.0267
28.76,47.0107
28.761,46.9947
28.762,46.9786
28.763,46.9624
28.764,46.946
28.765,46.9296
28.766,46.9131
28.767,46.8966
28.768,46.8799
28.769,46.8631
28.77,46.8463
28.771,46.8293
28.772,46.8123
28.773,46.7952
28.774,46.7779
28.775,46.7606
28.776,46.7432
28.777,46.7257
28.778,46.7081
28.779,46.6905
28.78,46.6727
28.781,46.6548
28.782,46.6369
28.783,46.6189
28.784,46.6007
28.785,46.5825
28.786,46.5642
28.787,46.5458
28.788,46.5273
28.789,46.5088
28.79,46.4901
28.791,46.4713
28.792,46.4525
28.793,46.4335
28.794,46.4145
28.795,46.3954
28.796,46.3762
28.797,46.3569
28.798,46.3375
28.799,46.318
28.8,46.2984
28.801,46.2788
28.802,46.259
28.803,46.2392
28.804,46.2193
28.805,46.1993
28.806,46.1792
28.807,46.159
28.808,46.1387
28.809,46.1183
28.81,46.0978
28.811,46.0773
28.812,46.0566
28.813,46.0359
28.814,46.0151
28.815,45.9942
28.816,45.9732
28.817,45.9521
28.818,45.9309
28.819,45.9096
28.82,45.8883
28.821,45.8668
28.822,45.8453
28.823,45.8237
28.824,45.8019
28.825,45.7801
28.826,45.7582
28.827,45.7363
28.828,45.7142
28.829,45.692
28.83,45.6698
28.831,45.6475
28.832,45.625
28.833,45.6025
28.834,45.5799
28.835,45.5572
28.836,45.5344
28.837,45.5116
28.838,45.4886
28.839,45.4656
28.84,45.4424
28.841,45.4192
28.842,45.3959
28.843,45.3725
28.844,45.349
28.845,45.3255
28.846,45.3018
28.847,45.278
28.848,45.2542
28.849,45.2303
28.85,45.2063
28.851,45.1822
28.852,45.158
28.853,45.1337
28.854,45.1093
28.855,45.0849
28.856,45.0603
28.857,45.0357
28.858,45.011
28.859,44.9862
28.86,44.9613
28.861,44.9363
28.862,44.9113
28.863,44.8861
28.864,44.8609
28.865,44.8356
28.866,44.8101
28.867,44.7846
28.868,44.7591
28.869,44.7334
28.87,44.7076
28.871,44.6818
28.872,44.6559
28.873,44.6298
28.874,44.6037
28.875,44.5775
28.876,44.5513
28.877,44.5249
28.878,44.4985
28.879,44.4719
28.88,44.4453
28.881,44.4186
28.882,44.3918
28.883,44.3649
28.884,44.338
28.885,44.3109
28.886,44.2838
28.887,44.2566
28.888,44.2293
28.889,44.2019
28.89,44.1744
28.891,44.1469
28.892,44.1192
28.893,44.0915
28.894,44.0637
28.895,44.0358
28.896,44.0078
28.897,43.9797
28.898,43.9516
28.899,43.9233
28.9,43.895
28.901,43.8666
28.902,43.8381
28.903,43.8096
28.904,43.7809
28.905,43.7522
28.906,43.7234
28.907,43.6945
28.908,43.6655
28.909,43.6364
28.91,43.6073
28.911,43.578
28.912,43.5487
28.913,43.5193
28.914,43.4898
28.915,43.4603
28.916,43.4306
28.917,43.4009
28.918,43.3711
28.919,43.3412
28.92,43.3112
28.921,43.2812
28.922,43.251
28.923,43.2208
28.924,43.1905
28.925,43.1602
28.926,43.1297
28.927,43.0992
28.928,43.0685
28.929,43.0378
28.93,43.0071
28.931,42.9762
28.932,42.9452
28.933,42.9142
28.934,42.8831
28.935,42.8519
28.936,42.8207
28.937,42.7893
28.938,42.7579
28.939,42.7264
28.94,42.6948
28.941,42.6632
28.942,42.6315
28.943,42.5996
28.944,42.5677
28.945,42.5358
28.946,42.5037
28.947,42.4716
28.948,42.4394
28.949,42.4071
28.95,42.3748
28.951,42.3423
28.952,42.3098
28.953,42.2772
28.954,42.2445
28.955,42.2118
28.956,42.179
28.957,42.1461
28.958,42.1131
28.959,42.0801
28.96,42.0469
28.961,42.0137
28.962,41.9805
28.963,41.9471
28.964,41.9137
28.965,41.8802
28.966,41.8466
28.967,41.813
28.968,41.7792
28.969,41.7454
28.97,41.7116
28.971,41.6776
28.972,41.6436
28.973,41.6095
28.974,41.5753
28.975,41.5411
28.976,41.5068
28.977,41.4724
28.978,41.4379
28.979,41.4034
28.98,41.3688
28.981,41.3341
28.982,41.2993
28.983,41.2645
28.984,41.2296
28.985,41.1946
28.986,41.1596
28.987,41.1245
28.988,41.0893
28.989,41.0541
28.99,41.0187
28.991,40.9833
28.992,40.9479
28.993,40.9123
28.994,40.8767
28.995,40.8411
28.996,40.8053
28.997,40.7695
28.998,40.7336
28.999,40.6977
29,40.6617
29.001,40.6256
29.002,40.5894
29.003,40.5532
29.004,40.5169
29.005,40.4805
29.006,40.4441
29.007,40.4076
29.008,40.371
29.009,40.3344
29.01,40.2977
29.011,40.261
29.012,40.2241
29.013,40.1872
29.014,40.1503
29.015,40.1132
29.016,40.0761
29.017,40.039
29.018,40.0017
29.019,39.9644
29.02,39.9271
29.021,39.8897
29.022,39.8522
29.023,39.8146
29.024,39.777
29.025,39.7393
29.026,39.7016
29.027,39.6638
29.028,39.6259
29.029,39.588
29.03,39.55
29.031,39.5119
29.032,39.4738
29.033,39.4356
29.034,39.3974
29.035,39.359
29.036,39.3207
29.037,39.2822
29.038,39.2437
29.039,39.2052
29.04,39.1666
29.041,39.1279
29.042,39.0891
29.043,39.0503
29.044,39.0115
29.045,38.9725
29.046,38.9336
29.047,38.8945
29.048,38.8554
29.049,38.8162
29.05,38.777
29.051,38.7377
29.052,38.6984
29.053,38.659
29.054,38.6195
29.055,38.58
29.056,38.5404
29.057,38.5008
29.058,38.4611
29.059,38.4214
29.06,38.3815
29.061,38.3417
29.062,38.3018
29.063,38.2618
29.064,38.2217
29.065,38.1816
29.066,38.1415
29.067,38.1013
29.068,38.061
29.069,38.0207
29.07,37.9803
29.071,37.9399
29.072,37.8994
29.073,37.8589
29.074,37.8183
29.075,37.7776
29.076,37.7369
29.077,37.6961
29.078,37.6553
29.079,37.6145
29.08,37.5735
29.081,37.5326
29.082,37.4915
29.083,37.4504
29.084,37.4093
29.085,37.3681
29.086,37.3268
29.087,37.2855
29.088,37.2442
29.089,37.2028
29.09,37.1613
29.091,37.1198
29.092,37.0783
29.093,37.0366
29.094,36.995
29.095,36.9533
29.096,36.9115
29.097,36.8697
29.098,36.8278
29.099,36.7859
29.1,36.7439
29.101,36.7019
29.102,36.6598
29.103,36.6177
29.104,36.5755
29.105,36.5332
29.106,36.491
29.107,36.4486
29.108,36.4063
29.109,36.3638
29.11,36.3213
29.111,36.2788
29.112,36.2362
29.113,36.1936
29.114,36.1509
29.115,36.1082
29.116,36.0654
29.117,36.0226
29.118,35.9797
29.119,35.9368
29.12,35.8939
29.121,35.8508
29.122,35.8078
29.123,35.7647
29.124,35.7215
29.125,35.6783
29.126,35.635
29.127,35.5917
29.128,35.5484
29.129,35.505
29.13,35.4615
29.131,35.418
29.132,35.3745
29.133,35.3309
29.134,35.2873
29.135,35.2436
29.136,35.1999
29.137,35.1561
29.138,35.1123
29.139,35.0684
29.14,35.0245
29.141,34.9806
29.142,34.9366
29.143,34.8925
29.144,34.8484
29.145,34.8043
29.146,34.7601
29.147,34.7159
29.148,34.6716
29.149,34.6273
29.15,34.5829
29.151,34.5385
29.152,34.494
29.153,34.4495
29.154,34.405
29.155,34.3604
29.156,34.3157
29.157,34.2711
29.158,34.2263
29.159,34.1816
29.16,34.1368
29.161,34.0919
29.162,34.047
29.163,34.0021
29.164,33.9571
29.165,33.912
29.166,33.867
29.167,33.8218
29.168,33.7767
29.169,33.7315
29.17,33.6862
29.171,33.6409
29.172,33.5956
29.173,33.5502
29.174,33.5048
29.175,33.4593
29.176,33.4138
29.177,33.3682
29.178,33.3226
29.179,33.277
29.18,33.2313
29.181,33.1856
29.182,33.1398
29.183,33.094
29.184,33.0481
29.185,33.0022
29.186,32.9563
29.187,32.9103
29.188,32.8643
29.189,32.8182
29.19,32.7721
29.191,32.726
29.192,32.6798
29.193,32.6335
29.194,32.5872
29.195,32.5409
29.196,32.4946
29.197,32.4481
29.198,32.4017
29.199,32.3552
29.2,32.3087
29.201,32.2621
29.202,32.2155
29.203,32.1688
29.204,32.1221
29.205,32.0754
29.206,32.0286
29.207,31.9818
29.208,31.9349
29.209,31.888
29.21,31.841
29.211,31.794
29.212,31.747
29.213,31.6999
29.214,31.6528
29.215,31.6056
29.216,31.5584
29.217,31.5112
29.218,31.4639
29.219,31.4166
29.22,31.3692
29.221,31.3218
29.222,31.2743
29.223,31.2268
29.224,31.1793
29.225,31.1317
29.226,31.0841
29.227,31.0365
29.228,30.9888
29.229,30.941
29.23,30.8932
29.231,30.8454
29.232,30.7975
29.233,30.7496
29.234,30.7017
29.235,30.6537
29.236,30.6057
29.237,30.5576
29.238,30.5095
29.239,30.4613
29.24,30.4131
29.241,30.3649
29.242,30.3166
29.243,30.2683
29.244,30.22
29.245,30.1716
29.246,30.1231
29.247,30.0746
29.248,30.0261
29.249,29.9775
29.25,29.9289
29.251,29.8803
29.252,29.8316
29.253,29.7829
29.254,29.7341
29.255,29.6853
29.256,29.6365
29.257,29.5876
29.258,29.5386
29.259,29.4897
29.26,29.4407
29.261,29.3916
29.262,29.3425
29.263,29.2934
29.264,29.2442
29.265,29.195
29.266,29.1457
29.267,29.0964
29.268,29.0471
29.269,28.9977
29.27,28.9483
29.271,28.8988
29.272,28.8493
29.273,28.7998
29.274,28.7502
29.275,28.7006
29.276,28.6509
29.277,28.6012
29.278,28.5515
29.279,28.5017
29.28,28.4519
29.281,28.402
29.282,28.3521
29.283,28.3022
29.284,28.2522
29.285,28.2022
29.286,28.1521
29.287,28.102
29.288,28.0519
29.289,28.0017
29.29,27.9515
29.291,27.9012
29.292,27.8509
29.293,27.8006
29.294,27.7502
29.295,27.6998
29.296,27.6493
29.297,27.5988
29.298,27.5483
29.299,27.4977
29.3,27.4471
29.301,27.3964
29.302,27.3458
29.303,27.295
29.304,27.2442
29.305,27.1934
29.306,27.1426
29.307,27.0917
29.308,27.0408
29.309,26.9898
29.31,26.9388
29.311,26.8878
29.312,26.8367
29.313,26.7856
29.314,26.7344
29.315,26.6832
29.316,26.632
29.317,26.5807
29.318,26.5294
29.319,26.478
29.32,26.4267
29.321,26.3752
29.322,26.3238
29.323,26.2723
29.324,26.2207
29.325,26.1692
29.326,26.1176
29.327,26.0659
29.328,26.0142
29.329,25.9625
29.33,25.9108
29.331,25.859
29.332,25.8071
29.333,25.7553
29.334,25.7034
29.335,25.6514
29.336,25.5995
29.337,25.5475
29.338,25.4954
29.339,25.4433
29.34,25.3912
29.341,25.3391
29.342,25.2869
29.343,25.2347
29.344,25.1824
29.345,25.1301
29.346,25.0778
29.347,25.0254
29.348,24.973
29.349,24.9206
29.35,24.8681
29.351,24.8156
29.352,24.7631
29.353,24.7106
29.354,24.658
29.355,24.6053
29.356,24.5527
29.357,24.5
29.358,24.4473
29.359,24.3945
29.36,24.3417
29.361,24.2889
29.362,24.236
29.363,24.1831
29.364,24.1302
29.365,24.0773
29.366,24.0243
29.367,23.9713
29.368,23.9183
29.369,23.8652
29.37,23.8121
29.371,23.759
29.372,23.7058
29.373,23.6526
29.374,23.5994
29.375,23.5462
29.376,23.4929
29.377,23.4396
29.378,23.3863
29.379,23.3329
29.38,23.2795
29.381,23.2261
29.382,23.1727
29.383,23.1192
29.384,23.0657
29.385,23.0122
29.386,22.9586
29.387,22.9051
29.388,22.8515
29.389,22.7979
29.39,22.7442
29.391,22.6905
29.392,22.6368
29.393,22.5831
29.394,22.5294
29.395,22.4756
29.396,22.4218
29.397,22.368
29.398,22.3142
29.399,22.2603
29.4,22.2065
29.401,22.1526
29.402,22.0987
29.403,22.0447
29.404,21.9908
29.405,21.9368
29.406,21.8828
29.407,21.8288
29.408,21.7747
29.409,21.7207
29.41,21.6666
29.411,21.6125
29.412,21.5584
29.413,21.5043
29.414,21.4501
29.415,21.396
29.416,21.3418
29.417,21.2876
29.418,21.2334
29.419,21.1792
29.42,21.1249
29.421,21.0707
29.422,21.0164
29.423,20.9622
29.424,20.9079
29.425,20.8536
29.426,20.7992
29.427,20.7449
29.428,20.6906
29.429,20.6362
29.43,20.5819
29.431,20.5275
29.432,20.4731
29.433,20.4188
29.434,20.3644
29.435,20.31
29.436,20.2555
29.437,20.2011
29.438,20.1467
29.439,20.0923
29.44,20.0378
29.441,19.9834
29.442,19.9289
29.443,19.8745
29.444,19.82
29.445,19.7656
29.446,19.7111
29.447,19.6566
29.448,19.6022
29.449,19.5477
29.45,19.4932
29.451,19.4388
29.452,19.3843
29.453,19.3298
29.454,19.2753
29.455,19.2209
29.456,19.1664
29.457,19.1119
29.458,19.0575
29.459,19.003
29.46,18.9486
29.461,18.8941
29.462,18.8397
29.463,18.7852
29.464,18.7308
29.465,18.6764
29.466,18.6219
29.467,18.5675
29.468,18.5131
29.469,18.4587
29.47,18.4043
29.471,18.35
29.472,18.2956
29.473,18.2412
29.474,18.1869
29.475,18.1325
29.476,18.0782
29.477,18.0239
29.478,17.9696
29.479,17.9153
29.48,17.8611
29.481,17.8068
29.482,17.7526
29.483,17.6983
29.484,17.6441
29.485,17.59
29.486,17.5358
29.487,17.4816
29.488,17.4275
29.489,17.3734
29.49,17.3193
29.491,17.2652
29.492,17.2112
29.493,17.1571
29.494,17.1031
29.495,17.0492
29.496,16.9952
29.497,16.9413
29.498,16.8874
29.499,16.8335
29.5,16.7796
29.501,16.7258
29.502,16.672
29.503,16.6182
29.504,16.5645
29.505,16.5107
29.506,16.457
29.507,16.4034
29.508,16.3498
29.509,16.2962
29.51,16.2426
29.511,16.1891
29.512,16.1355
29.513,16.0821
29.514,16.0286
29.515,15.9752
29.516,15.9219
29.517,15.8686
29.518,15.8153
29.519,15.762
29.52,15.7088
29.521,15.6556
29.522,15.6025
29.523,15.5494
29.524,15.4963
29.525,15.4433
29.526,15.3903
29.527,15.3374
29.528,15.2845
29.529,15.2316
29.53,15.1788
29.531,15.1261
29.532,15.0734
29.533,15.0207
29.534,14.9681
29.535,14.9155
29.536,14.8629
29.537,14.8105
29.538,14.758
29.539,14.7056
29.54,14.6533
29.541,14.601
29.542,14.5488
29.543,14.4966
29.544,14.4444
29.545,14.3924
29.546,14.3403
29.547,14.2883
29.548,14.2364
29.549,14.1845
29.55,14.1327
29.551,14.081
29.552,14.0293
29.553,13.9776
29.554,13.926
29.555,13.8745
29.556,13.823
29.557,13.7716
29.558,13.7203
29.559,13.669
29.56,13.6177
29.561,13.5665
29.562,13.5154
29.563,13.4644
29.564,13.4134
29.565,13.3625
29.566,13.3116
29.567,13.2608
29.568,13.2101
29.569,13.1594
29.57,13.1088
29.571,13.0582
29.572,13.0078
29.573,12.9574
29.574,12.907
29.575,12.8568
29.576,12.8066
29.577,12.7564
29.578,12.7064
29.579,12.6564
29.58,12.6065
29.581,12.5566
29.582,12.5068
29.583,12.4571
29.584,12.4075
29.585,12.3579
29.586,12.3084
29.587,12.259
29.588,12.2097
29.589,12.1604
29.59,12.1112
29.591,12.0621
29.592,12.013
29.593,11.9641
29.594,11.9152
29.595,11.8664
29.596,11.8176
29.597,11.769
29.598,11.7204
29.599,11.6719
29.6,11.6235
29.601,11.5751
29.602,11.5269
29.603,11.4787
29.604,11.4306
29.605,11.3826
29.606,11.3346
29.607,11.2868
29.608,11.239
29.609,11.1913
29.61,11.1437
29.611,11.0962
29.612,11.0487
29.613,11.0014
29.614,10.9541
29.615,10.9069
29.616,10.8598
29.617,10.8128
29.618,10.7659
29.619,10.719
29.62,10.6723
29.621,10.6256
29.622,10.579
29.623,10.5325
29.624,10.4861
29.625,10.4398
29.626,10.3935
29.627,10.3474
29.628,10.3013
29.629,10.2553
29.63,10.2095
29.631,10.1637
29.632,10.118
29.633,10.0724
29.634,10.0268
29.635,9.98141
29.636,9.93607
29.637,9.89083
29.638,9.84567
29.639,9.8006
29.64,9.75563
29.641,9.71075
29.642,9.66596
29.643,9.62126
29.644,9.57666
29.645,9.53215
29.646,9.48773
29.647,9.44341
29.648,9.39917
29.649,9.35504
29.65,9.31099
29.651,9.26705
29.652,9.22319
29.653,9.17943
29.654,9.13577
29.655,9.09219
29.656,9.04872
29.657,9.00534
29.658,8.96205
29.659,8.91886
29.66,8.87577
29.661,8.83277
29.662,8.78987
29.663,8.74707
29.664,8.70436
29.665,8.66174
29.666,8.61923
29.667,8.57681
29.668,8.53448
29.669,8.49226
29.67,8.45013
29.671,8.4081
29.672,8.36616
29.673,8.32433
29.674,8.28259
29.675,8.24094
29.676,8.1994
29.677,8.15795
29.678,8.1166
29.679,8.07535
29.68,8.0342
29.681,7.99314
29.682,7.95219
29.683,7.91133
29.684,7.87057
29.685,7.8299
29.686,7.78934
29.687,7.74887
29.688,7.70851
29.689,7.66824
29.69,7.62807
29.691,7.588
29.692,7.54803
29.693,7.50815
29.694,7.46838
29.695,7.4287
29.696,7.38912
29.697,7.34964
29.698,7.31026
29.699,7.27098
29.7,7.2318
29.701,7.19272
29.702,7.15373
29.703,7.11485
29.704,7.07606
29.705,7.03737
29.706,6.99878
29.707,6.96029
29.708,6.9219
29.709,6.88361
29.71,6.84541
29.711,6.80732
29.712,6.76932
29.713,6.73143
29.714,6.69363
29.715,6.65593
29.716,6.61833
29.717,6.58082
29.718,6.54342
29.719,6.50611
29.72,6.46891
29.721,6.4318
29.722,6.39479
29.723,6.35787
29.724,6.32106
29.725,6.28435
29.726,6.24773
29.727,6.21121
29.728,6.17479
29.729,6.13846
29.73,6.10224
29.731,6.06611
29.732,6.03008
29.733,5.99415
29.734,5.95832
29.735,5.92258
29.736,5.88694
29.737,5.8514
29.738,5.81595
29.739,5.78061
29.74,5.74536
29.741,5.7102
29.742,5.67515
29.743,5.64019
29.744,5.60533
29.745,5.57056
29.746,5.53589
29.747,5.50132
29.748,5.46684
29.749,5.43246
29.75,5.39818
29.751,5.36399
29.752,5.3299
29.753,5.2959
29.754,5.262
29.755,5.2282
29.756,5.19449
29.757,5.16087
29.758,5.12735
29.759,5.09393
29.76,5.0606
29.761,5.02737
29.762,4.99423
29.763,4.96118
29.764,4.92823
29.765,4.89538
29.766,4.86262
29.767,4.82995
29.768,4.79738
29.769,4.7649
29.77,4.73251
29.771,4.70022
29.772,4.66802
29.773,4.63591
29.774,4.6039
29.775,4.57198
29.776,4.54016
29.777,4.50842
29.778,4.47678
29.779,4.44523
29.78,4.41378
29.781,4.38241
29.782,4.35114
29.783,4.31996
29.784,4.28887
29.785,4.25787
29.786,4.22696
29.787,4.19615
29.788,4.16542
29.789,4.13479
29.79,4.10425
29.791,4.0738
29.792,4.04343
29.793,4.01316
29.794,3.98298
29.795,3.95289
29.796,3.92289
29.797,3.89298
29.798,3.86315
29.799,3.83342
29.8,3.80378
29.801,3.77422
29.802,3.74475
29.803,3.71538
29.804,3.68609
29.805,3.65689
29.806,3.62777
29.807,3.59875
29.808,3.56981
29.809,3.54096
29.81,3.5122
29.811,3.48352
29.812,3.45493
29.813,3.42643
29.814,3.39802
29.815,3.36969
29.816,3.34145
29.817,3.31329
29.818,3.28522
29.819,3.25724
29.82,3.22934
29.821,3.20153
29.822,3.1738
29.823,3.14616
29.824,3.1186
29.825,3.09113
29.826,3.06374
29.827,3.03644
29.828,3.00922
29.829,2.98208
29.83,2.95503
29.831,2.92807
29.832,2.90118
29.833,2.87438
29.834,2.84766
29.835,2.82103
29.836,2.79448
29.837,2.76801
29.838,2.74162
29.839,2.71532
29.84,2.68909
29.841,2.66295
29.842,2.6369
29.843,2.61092
29.844,2.58502
29.845,2.55921
29.846,2.53347
29.847,2.50782
29.848,2.48225
29.849,2.45676
29.85,2.43134
29.851,2.40601
29.852,2.38076
29.853,2.35559
29.854,2.33049
29.855,2.30548
29.856,2.28055
29.857,2.25569
29.858,2.23091
29.859,2.20622
29.86,2.1816
29.861,2.15705
29.862,2.13259
29.863,2.1082
29.864,2.0839
29.865,2.05967
29.866,2.03551
29.867,2.01144
29.868,1.98744
29.869,1.96351
29.87,1.93967
29.871,1.9159
29.872,1.8922
29.873,1.86859
29.874,1.84504
29.875,1.82158
29.876,1.79819
29.877,1.77487
29.878,1.75163
29.879,1.72847
29.88,1.70538
29.881,1.68236
29.882,1.65942
29.883,1.63655
29.884,1.61375
29.885,1.59103
29.886,1.56839
29.887,1.54581
29.888,1.52331
29.889,1.50089
29.89,1.47853
29.891,1.45625
29.892,1.43404
29.893,1.41191
29.894,1.38984
29.895,1.36785
29.896,1.34593
29.897,1.32408
29.898,1.3023
29.899,1.2806
29.9,1.25896
29.901,1.2374
29.902,1.2159
29.903,1.19448
29.904,1.17313
29.905,1.15184
29.906,1.13063
29.907,1.10949
29.908,1.08841
29.909,1.06741
29.91,1.04647
29.911,1.02561
29.912,1.00481
29.913,0.984083
29.914,0.963424
29.915,0.942832
29.916,0.922309
29.917,0.901854
29.918,0.881467
29.919,0.861147
29.92,0.840895
29.921,0.82071
29.922,0.800593
29.923,0.780542
29.924,0.760558
29.925,0.740641
29.926,0.72079
29.927,0.701005
29.928,0.681286
29.929,0.661634
29.93,0.642047
29.931,0.622525
29.932,0.603069
29.933,0.583678
29.934,0.564352
29.935,0.545091
29.936,0.525895
29.937,0.506763
29.938,0.487696
29.939,0.468693
29.94,0.449754
29.941,0.430878
29.942,0.412067
29.943,0.393318
29.944,0.374633
29.945,0.356012
29.946,0.337453
29.947,0.318957
29.948,0.300524
29.949,0.282153
29.95,0.263844
29.951,0.245598
29.952,0.227414
29.953,0.209291
29.954,0.19123
29.955,0.173231
29.956,0.155293
29.957,0.137416
29.958,0.1196
29.959,0.101845
29.96,0.08415
29.961,0.066516
29.962,0.0489423
29.963,0.0314287
29.964,0.0139751
29.965,-0.00341863
29.966,-0.0207527
29.967,-0.0380273
29.968,-0.0552425
29.969,-0.0723986
29.97,-0.0894956
29.971,-0.106534
29.972,-0.123513
29.973,-0.140434
29.974,-0.157297
29.975,-0.174101
29.976,-0.190847
29.977,-0.207536
29.978,-0.224167
29.979,-0.24074
29.98,-0.257255
29.981,-0.273714
29.982,-0.290115
29.983,-0.306459
29.984,-0.322747
29.985,-0.338978
29.986,-0.355152
29.987,-0.371271
29.988,-0.387333
29.989,-0.403338
29.99,-0.419289
29.991,-0.435183
29.992,-0.451022
29.993,-0.466805
29.994,-0.482534
29.995,-0.498207
29.996,-0.513825
29.997,-0.529389
29.998,-0.544897
29.999,-0.560352
30,-0.575752
30.001,-0.591098
30.002,-0.60639
30.003,-0.621628
30.004,-0.636812
30.005,-0.651943
30.006,-0.66702
30.007,-0.682044
30.008,-0.697015
30.009,-0.711933
30.01,-0.726798
30.011,-0.74161
30.012,-0.75637
30.013,-0.771078
30.014,-0.785733
30.015,-0.800336
30.016,-0.814888
30.017,-0.829387
30.018,-0.843835
30.019,-0.858231
30.02,-0.872576
30.021,-0.88687
30.022,-0.901113
30.023,-0.915305
30.024,-0.929446
30.025,-0.943536
30.026,-0.957576
30.027,-0.971566
30.028,-0.985505
30.029,-0.999394
30.03,-1.01323
30.031,-1.02702
30.032,-1.04076
30.033,-1.05445
30.034,-1.06809
30.035,-1.08169
30.036,-1.09523
30.037,-1.10872
30.038,-1.12217
30.039,-1.13556
30.04,-1.14891
30.041,-1.16221
30.042,-1.17546
30.043,-1.18867
30.044,-1.20182
30.045,-1.21493
30.046,-1.22799
30.047,-1.241
30.048,-1.25396
30.049,-1.26688
30.05,-1.27975
30.051,-1.29258
30.052,-1.30535
30.053,-1.31808
30.054,-1.33076
30.055,-1.3434
30.056,-1.35599
30.057,-1.36853
30.058,-1.38103
30.059,-1.39348
30.06,-1.40589
30.061,-1.41825
30.062,-1.43056
30.063,-1.44283
30.064,-1.45506
30.065,-1.46724
30.066,-1.47937
30.067,-1.49146
30.068,-1.5035
30.069,-1.5155
30.07,-1.52746
30.071,-1.53937
30.072,-1.55123
30.073,-1.56306
30.074,-1.57483
30.075,-1.58657
30.076,-1.59826
30.077,-1.60991
30.078,-1.62151
30.079,-1.63307
30.08,-1.64459
30.081,-1.65606
30.082,-1.66749
30.083,-1.67888
30.084,-1.69022
30.085,-1.70152
30.086,-1.71278
30.087,-1.724
30.088,-1.73518
30.089,-1.74631
30.09,-1.7574
30.091,-1.76845
30.092,-1.77946
30.093,-1.79042
30.094,-1.80135
30.095,-1.81223
30.096,-1.82307
30.097,-1.83387
30.098,-1.84463
30.099,-1.85535
30.1,-1.86602
30.101,-1.87666
30.102,-1.88726
30.103,-1.89781
30.104,-1.90833
30.105,-1.9188
30.106,-1.92924
30.107,-1.93963
30.108,-1.94999
30.109,-1.9603
30.11,-1.97058
30.111,-1.98082
30.112,-1.99101
30.113,-2.00117
30.114,-2.01129
30.115,-2.02137
30.116,-2.03141
30.117,-2.04141
30.118,-2.05137
30.119,-2.0613
30.12,-2.07118
30.121,-2.08103
30.122,-2.09084
30.123,-2.10061
30.124,-2.11034
30.125,-2.12004
30.126,-2.12969
30.127,-2.13931
30.128,-2.14889
30.129,-2.15844
30.13,-2.16795
30.131,-2.17741
30.132,-2.18685
30.133,-2.19624
30.134,-2.2056
30.135,-2.21492
30.136,-2.22421
30.137,-2.23346
30.138,-2.24267
30.139,-2.25184
30.14,-2.26098
30.141,-2.27008
30.142,-2.27915
30.143,-2.28818
30.144,-2.29718
30.145,-2.30614
30.146,-2.31506
30.147,-2.32395
30.148,-2.3328
30.149,-2.34162
30.15,-2.3504
30.151,-2.35915
30.152,-2.36786
30.153,-2.37653
30.154,-2.38518
30.155,-2.39378
30.156,-2.40236
30.157,-2.41089
30.158,-2.4194
30.159,-2.42787
30.16,-2.4363
30.161,-2.4447
30.162,-2.45307
30.163,-2.4614
30.164,-2.4697
30.165,-2.47797
30.166,-2.4862
30.167,-2.4944
30.168,-2.50256
30.169,-2.5107
30.17,-2.51879
30.171,-2.52686
30.172,-2.53489
30.173,-2.54289
30.174,-2.55086
30.175,-2.55879
30.176,-2.56669
30.177,-2.57456
30.178,-2.5824
30.179,-2.5902
30.18,-2.59797
30.181,-2.60571
30.182,-2.61342
30.183,-2.6211
30.184,-2.62874
30.185,-2.63635
30.186,-2.64393
30.187,-2.65148
30.188,-2.659
30.189,-2.66649
30.19,-2.67394
30.191,-2.68136
30.192,-2.68876
30.193,-2.69612
30.194,-2.70345
30.195,-2.71075
30.196,-2.71802
30.197,-2.72526
30.198,-2.73246
30.199,-2.73964
30.2,-2.74679
30.201,-2.7539
30.202,-2.76099
30.203,-2.76805
30.204,-2.77507
30.205,-2.78207
30.206,-2.78904
30.207,-2.79597
30.208,-2.80288
30.209,-2.80976
30.21,-2.81661
30.211,-2.82343
30.212,-2.83022
30.213,-2.83698
30.214,-2.84371
30.215,-2.85041
30.216,-2.85708
30.217,-2.86373
30.218,-2.87034
30.219,-2.87693
30.22,-2.88349
30.221,-2.89002
30.222,-2.89652
30.223,-2.90299
30.224,-2.90944
30.225,-2.91585
30.226,-2.92224
30.227,-2.9286
30.228,-2.93493
30.229,-2.94124
30.23,-2.94752
30.231,-2.95377
30.232,-2.95999
30.233,-2.96618
30.234,-2.97235
30.235,-2.97849
30.236,-2.9846
30.237,-2.99069
30.238,-2.99674
30.239,-3.00277
30.24,-3.00878
30.241,-3.01476
30.242,-3.02071
30.243,-3.02663
30.244,-3.03253
30.245,-3.0384
30.246,-3.04424
30.247,-3.05006
30.248,-3.05585
30.249,-3.06162
30.25,-3.06736
30.251,-3.07307
30.252,-3.07876
30.253,-3.08442
30.254,-3.09005
30.255,-3.09566
30.256,-3.10125
30.257,-3.10681
30.258,-3.11234
30.259,-3.11785
30.26,-3.12333
30.261,-3.12879
30.262,-3.13422
30.263,-3.13962
30.264,-3.14501
30.265,-3.15036
30.266,-3.15569
30.267,-3.161
30.268,-3.16628
30.269,-3.17154
30.27,-3.17677
30.271,-3.18198
30.272,-3.18717
30.273,-3.19233
30.274,-3.19746
30.275,-3.20257
30.276,-3.20766
30.277,-3.21272
30.278,-3.21776
30.279,-3.22278
30.28,-3.22777
30.281,-3.23273
30.282,-3.23768
30.283,-3.2426
30.284,-3.24749
30.285,-3.25237
30.286,-3.25722
30.287,-3.26204
30.288,-3.26685
30.289,-3.27162
30.29,-3.27638
30.291,-3.28111
30.292,-3.28583
30.293,-3.29051
30.294,-3.29518
30.295,-3.29982
30.296,-3.30444
30.297,-3.30903
30.298,-3.31361
30.299,-3.31816
30.3,-3.32269
30.301,-3.32719
30.302,-3.33168
30.303,-3.33614
30.304,-3.34058
30.305,-3.345
30.306,-3.34939
30.307,-3.35377
30.308,-3.35812
30.309,-3.36245
30.31,-3.36676
30.311,-3.37104
30.312,-3.37531
30.313,-3.37955
30.314,-3.38377
30.315,-3.38797
30.316,-3.39215
30.317,-3.39631
30.318,-3.40045
30.319,-3.40456
30.32,-3.40865
30.321,-3.41273
30.322,-3.41678
30.323,-3.42081
30.324,-3.42482
30.325,-3.42881
30.326,-3.43278
30.327,-3.43673
30.328,-3.44065
30.329,-3.44456
30.33,-3.44845
30.331,-3.45231
30.332,-3.45616
30.333,-3.45998
30.334,-3.46379
30.335,-3.46757
30.336,-3.47134
30.337,-3.47508
30.338,-3.47881
30.339,-3.48251
30.34,-3.4862
30.341,-3.48986
30.342,-3.49351
30.343,-3.49713
30.344,-3.50074
30.345,-3.50432
30.346,-3.50789
30.347,-3.51144
30.348,-3.51497
30.349,-3.51847
30.35,-3.52196
30.351,-3.52543
30.352,-3.52888
30.353,-3.53232
30.354,-3.53573
30.355,-3.53912
30.356,-3.5425
30.357,-3.54585
30.358,-3.54919
30.359,-3.55251
30.36,-3.55581
30.361,-3.55909
30.362,-3.56235
30.363,-3.5656
30.364,-3.56882
30.365,-3.57203
30.366,-3.57522
30.367,-3.57839
30.368,-3.58154
30.369,-3.58468
30.37,-3.58779
30.371,-3.59089
30.372,-3.59397
30.373,-3.59703
30.374,-3.60008
30.375,-3.6031
30.376,-3.60611
30.377,-3.6091
30.378,-3.61208
30.379,-3.61503
30.38,-3.61797
30.381,-3.62089
30.382,-3.62379
30.383,-3.62668
30.384,-3.62954
30.385,-3.6324
30.386,-3.63523
30.387,-3.63805
30.388,-3.64084
30.389,-3.64363
30.39,-3.64639
30.391,-3.64914
30.392,-3.65187
30.393,-3.65458
30.394,-3.65728
30.395,-3.65996
30.396,-3.66263
30.397,-3.66527
30.398,-3.6679
30.399,-3.67052
30.4,-3.67311
30.401,-3.6757
30.402,-3.67826
30.403,-3.68081
30.404,-3.68334
30.405,-3.68585
30.406,-3.68835
30.407,-3.69084
30.408,-3.6933
30.409,-3.69575
30.41,-3.69819
30.411,-3.70061
30.412,-3.70301
30.413,-3.7054
30.414,-3.70777
30.415,-3.71012
30.416,-3.71246
30.417,-3.71479
30.418,-3.7171
30.419,-3.71939
30.42,-3.72166
30.421,-3.72393
30.422,-3.72617
30.423,-3.7284
30.424,-3.73062
30.425,-3.73282
30.426,-3.735
30.427,-3.73717
30.428,-3.73933
30.429,-3.74147
30.43,-3.74359
30.431,-3.7457
30.432,-3.74779
30.433,-3.74987
30.434,-3.75194
30.435,-3.75399
30.436,-3.75602
30.437,-3.75804
30.438,-3.76005
30.439,-3.76204
30.44,-3.76401
30.441,-3.76597
30.442,-3.76792
30.443,-3.76985
30.444,-3.77177
30.445,-3.77367
30.446,-3.77556
30.447,-3.77744
30.448,-3.7793
30.449,-3.78115
30.45,-3.78298
30.451,-3.7848
30.452,-3.7866
30.453,-3.78839
30.454,-3.79016
30.455,-3.79193
30.456,-3.79367
30.457,-3.79541
30.458,-3.79713
30.459,-3.79884
30.46,-3.80053
30.461,-3.80221
30.462,-3.80387
30.463,-3.80552
30.464,-3.80716
30.465,-3.80879
30.466,-3.8104
30.467,-3.812
30.468,-3.81358
30.469,-3.81515
30.47,-3.81671
30.471,-3.81825
30.472,-3.81978
30.473,-3.8213
30.474,-3.8228
30.475,-3.8243
30.476,-3.82577
30.477,-3.82724
30.478,-3.82869
30.479,-3.83013
30.48,-3.83156
30.481,-3.83297
30.482,-3.83437
30.483,-3.83576
30.484,-3.83713
30.485,-3.8385
30.486,-3.83985
30.487,-3.84118
30.488,-3.84251
30.489,-3.84382
30.49,-3.84512
30.491,-3.8464
30.492,-3.84768
30.493,-3.84894
30.494,-3.85019
30.495,-3.85143
30.496,-3.85265
30.497,-3.85386
30.498,-3.85506
30.499,-3.85625
30.5,-3.85743
30.501,-3.85859
30.502,-3.85974
30.503,-3.86088
30.504,-3.86201
30.505,-3.86313
30.506,-3.86423
30.507,-3.86532
30.508,-3.8664
30.509,-3.86747
30.51,-3.86852
30.511,-3.86957
30.512,-3.8706
30.513,-3.87162
30.514,-3.87263
30.515,-3.87363
30.516,-3.87462
30.517,-3.87559
30.518,-3.87655
30.519,-3.87751
30.52,-3.87845
30.521,-3.87937
30.522,-3.88029
30.523,-3.8812
30.524,-3.88209
30.525,-3.88298
30.526,-3.88385
30.527,-3.88471
30.528,-3.88556
30.529,-3.8864
30.53,-3.88723
30.531,-3.88804
30.532,-3.88885
30.533,-3.88964
30.534,-3.89043
30.535,-3.8912
30.536,-3.89196
30.537,-3.89271
30.538,-3.89345
30.539,-3.89418
30.54,-3.8949
30.541,-3.89561
30.542,-3.8963
30.543,-3.89699
30.544,-3.89767
30.545,-3.89833
30.546,-3.89899
30.547,-3.89963
30.548,-3.90026
30.549,-3.90089
30.55,-3.9015
30.551,-3.9021
30.552,-3.90269
30.553,-3.90328
30.554,-3.90385
30.555,-3.90441
30.556,-3.90496
30.557,-3.9055
30.558,-3.90603
30.559,-3.90655
30.56,-3.90706
30.561,-3.90756
30.562,-3.90805
30.563,-3.90853
30.564,-3.909
30.565,-3.90946
30.566,-3.90991
30.567,-3.91035
30.568,-3.91078
30.569,-3.9112
30.57,-3.91161
30.571,-3.91201
30.572,-3.9124
30.573,-3.91278
30.574,-3.91315
30.575,-3.91351
30.576,-3.91387
30.577,-3.91421
30.578,-3.91454
30.579,-3.91486
30.58,-3.91518
30.581,-3.91548
30.582,-3.91578
30.583,-3.91606
30.584,-3.91634
30.585,-3.9166
30.586,-3.91686
30.587,-3.91711
30.588,-3.91735
30.589,-3.91758
30.59,-3.9178
30.591,-3.91801
30.592,-3.91821
30.593,-3.9184
30.594,-3.91858
30.595,-3.91876
30.596,-3.91892
30.597,-3.91908
30.598,-3.91923
30.599,-3.91936
30.6,-3.91949
30.601,-3.91961
30.602,-3.91972
30.603,-3.91983
30.604,-3.91992
30.605,-3.92
30.606,-3.92008
30.607,-3.92015
30.608,-3.9202
30.609,-3.92025
30.61,-3.92029
30.611,-3.92033
30.612,-3.92035
30.613,-3.92036
30.614,-3.92037
30.615,-3.92037
30.616,-3.92036
30.617,-3.92034
30.618,-3.92031
30.619,-3.92027
30.62,-3.92023
30.621,-3.92017
30.622,-3.92011
30.623,-3.92004
30.624,-3.91996
30.625,-3.91988
30.626,-3.91978
30.627,-3.91968
30.628,-3.91957
30.629,-3.91945
30.63,-3.91932
30.631,-3.91918
30.632,-3.91904
30.633,-3.91888
30.634,-3.91872
30.635,-3.91855
30.636,-3.91838
30.637,-3.91819
30.638,-3.918
30.639,-3.9178
30.64,-3.91759
30.641,-3.91737
30.642,-3.91715
30.643,-3.91691
30.644,-3.91667
30.645,-3.91643
30.646,-3.91617
30.647,-3.91591
30.648,-3.91563
30.649,-3.91535
30.65,-3.91507
30.651,-3.91477
30.652,-3.91447
30.653,-3.91416
30.654,-3.91384
30.655,-3.91351
30.656,-3.91318
30.657,-3.91284
30.658,-3.91249
30.659,-3.91214
30.66,-3.91177
30.661,-3.9114
30.662,-3.91102
30.663,-3.91064
30.664,-3.91024
30.665,-3.90984
30.666,-3.90944
30.667,-3.90902
30.668,-3.9086
30.669,-3.90817
30.67,-3.90773
30.671,-3.90729
30.672,-3.90683
30.673,-3.90637
30.674,-3.90591
30.675,-3.90543
30.676,-3.90495
30.677,-3.90447
30.678,-3.90397
30.679,-3.90347
30.68,-3.90296
30.681,-3.90244
30.682,-3.90192
30.683,-3.90139
30.684,-3.90085
30.685,-3.90031
30.686,-3.89976
30.687,-3.8992
30.688,-3.89864
30.689,-3.89806
30.69,-3.89748
30.691,-3.8969
30.692,-3.89631
30.693,-3.89571
30.694,-3.8951
30.695,-3.89449
30.696,-3.89387
30.697,-3.89324
30.698,-3.89261
30.699,-3.89197
30.7,-3.89132
30.701,-3.89067
30.702,-3.89001
30.703,-3.88934
30.704,-3.88867
30.705,-3.88799
30.706,-3.8873
30.707,-3.88661
30.708,-3.88591
30.709,-3.88521
30.71,-3.88449
30.711,-3.88377
30.712,-3.88305
30.713,-3.88232
30.714,-3.88158
30.715,-3.88083
30.716,-3.88008
30.717,-3.87933
30.718,-3.87856
30.719,-3.87779
30.72,-3.87702
30.721,-3.87623
30.722,-3.87544
30.723,-3.87465
30.724,-3.87385
30.725,-3.87304
30.726,-3.87223
30.727,-3.87141
30.728,-3.87058
30.729,-3.86975
30.73,-3.86891
30.731,-3.86806
30.732,-3.86721
30.733,-3.86636
30.734,-3.86549
30.735,-3.86462
30.736,-3.86375
30.737,-3.86287
30.738,-3.86198
30.739,-3.86109
30.74,-3.86019
30.741,-3.85928
30.742,-3.85837
30.743,-3.85745
30.744,-3.85653
30.745,-3.8556
30.746,-3.85467
30.747,-3.85373
30.748,-3.85278
30.749,-3.85183
30.75,-3.85087
30.751,-3.84991
30.752,-3.84894
30.753,-3.84796
30.754,-3.84698
30.755,-3.846
30.756,-3.845
30.757,-3.844
30.758,-3.843
30.759,-3.84199
30.76,-3.84098
30.761,-3.83995
30.762,-3.83893
30.763,-3.8379
30.764,-3.83686
30.765,-3.83582
30.766,-3.83477
30.767,-3.83371
30.768,-3.83265
30.769,-3.83159
30.77,-3.83052
30.771,-3.82944
30.772,-3.82836
30.773,-3.82727
30.774,-3.82618
30.775,-3.82508
30.776,-3.82398
30.777,-3.82287
30.778,-3.82175
30.779,-3.82063
30.78,-3.81951
30.781,-3.81838
30.782,-3.81724
30.783,-3.8161
30.784,-3.81495
30.785,-3.8138
30.786,-3.81264
30.787,-3.81148
30.788,-3.81031
30.789,-3.80914
30.79,-3.80796
30.791,-3.80678
30.792,-3.80559
30.793,-3.8044
30.794,-3.8032
30.795,-3.80199
30.796,-3.80079
30.797,-3.79957
30.798,-3.79835
30.799,-3.79713
30.8,-3.7959
30.801,-3.79466
30.802,-3.79342
30.803,-3.79218
30.804,-3.79093
30.805,-3.78967
30.806,-3.78841
30.807,-3.78715
30.808,-3.78588
30.809,-3.7846
30.81,-3.78333
30.811,-3.78204
30.812,-3.78075
30.813,-3.77946
30.814,-3.77816
30.815,-3.77685
30.816,-3.77554
30.817,-3.77423
30.818,-3.77291
30.819,-3.77159
30.82,-3.77026
30.821,-3.76892
30.822,-3.76759
30.823,-3.76624
30.824,-3.76489
30.825,-3.76354
30.826,-3.76218
30.827,-3.76082
30.828,-3.75946
30.829,-3.75808
30.83,-3.75671
30.831,-3.75533
30.832,-3.75394
30.833,-3.75255
30.834,-3.75115
30.835,-3.74976
30.836,-3.74835
30.837,-3.74694
30.838,-3.74553
30.839,-3.74411
30.84,-3.74269
30.841,-3.74126
30.842,-3.73983
30.843,-3.73839
30.844,-3.73695
30.845,-3.7355
30.846,-3.73405
30.847,-3.7326
30.848,-3.73114
30.849,-3.72967
30.85,-3.72821
30.851,-3.72673
30.852,-3.72525
30.853,-3.72377
30.854,-3.72229
30.855,-3.7208
30.856,-3.7193
30.857,-3.7178
30.858,-3.7163
30.859,-3.71479
30.86,-3.71328
30.861,-3.71176
30.862,-3.71024
30.863,-3.70871
30.864,-3.70718
30.865,-3.70564
30.866,-3.70411
30.867,-3.70256
30.868,-3.70101
30.869,-3.69946
30.87,-3.69791
30.871,-3.69635
30.872,-3.69478
30.873,-3.69321
30.874,-3.69164
30.875,-3.69006
30.876,-3.68848
30.877,-3.68689
30.878,-3.6853
30.879,-3.68371
30.88,-3.68211
30.881,-3.6805
30.882,-3.6789
30.883,-3.67729
30.884,-3.67567
30.885,-3.67405
30.886,-3.67243
30.887,-3.6708
30.888,-3.66917
30.889,-3.66753
30.89,-3.66589
30.891,-3.66425
30.892,-3.6626
30.893,-3.66094
30.894,-3.65929
30.895,-3.65763
30.896,-3.65596
30.897,-3.65429
30.898,-3.65262
30.899,-3.65094
30.9,-3.64926
30.901,-3.64758
30.902,-3.64589
30.903,-3.64419
30.904,-3.6425
30.905,-3.6408
30.906,-3.63909
30.907,-3.63738
30.908,-3.63567
30.909,-3.63395
30.91,-3.63223
30.911,-3.6305
30.912,-3.62878
30.913,-3.62704
30.914,-3.62531
30.915,-3.62357
30.916,-3.62182
30.917,-3.62007
30.918,-3.61832
30.919,-3.61656
30.92,-3.6148
30.921,-3.61304
30.922,-3.61127
30.923,-3.6095
30.924,-3.60772
30.925,-3.60594
30.926,-3.60416
30.927,-3.60237
30.928,-3.60058
30.929,-3.59879
30.93,-3.59699
30.931,-3.59519
30.932,-3.59338
30.933,-3.59157
30.934,-3.58976
30.935,-3.58794
30.936,-3.58612
30.937,-3.58429
30.938,-3.58246
30.939,-3.58063
30.94,-3.5788
30.941,-3.57696
30.942,-3.57511
30.943,-3.57326
30.944,-3.57141
30.945,-3.56956
30.946,-3.5677
30.947,-3.56584
30.948,-3.56397
30.949,-3.5621
30.95,-3.56023
30.951,-3.55835
30.952,-3.55647
30.953,-3.55459
30.954,-3.5527
30.955,-3.55081
30.956,-3.54891
30.957,-3.54701
30.958,-3.54511
30.959,-3.5432
30.96,-3.54129
30.961,-3.53938
30.962,-3.53746
30.963,-3.53554
30.964,-3.53362
30.965,-3.53169
30.966,-3.52976
30.967,-3.52782
30.968,-3.52589
30.969,-3.52394
30.97,-3.522
30.971,-3.52005
30.972,-3.5181
30.973,-3.51614
30.974,-3.51418
30.975,-3.51222
30.976,-3.51025
30.977,-3.50828
30.978,-3.50631
30.979,-3.50433
30.98,-3.50235
30.981,-3.50036
30.982,-3.49837
30.983,-3.49638
30.984,-3.49439
30.985,-3.49239
30.986,-3.49039
30.987,-3.48838
30.988,-3.48637
30.989,-3.48436
30.99,-3.48234
30.991,-3.48032
30.992,-3.4783
30.993,-3.47628
30.994,-3.47425
30.995,-3.47221
30.996,-3.47018
30.997,-3.46814
30.998,-3.46609
30.999,-3.46404
31,-3.46199
31.001,-3.45994
31.002,-3.45788
31.003,-3.45582
31.004,-3.45376
31.005,-3.45169
31.006,-3.44962
31.007,-3.44755
31.008,-3.44547
31.009,-3.44339
31.01,-3.4413
31.011,-3.43922
31.012,-3.43712
31.013,-3.43503
31.014,-3.43293
31.015,-3.43083
31.016,-3.42873
31.017,-3.42662
31.018,-3.42451
31.019,-3.42239
31.02,-3.42027
31.021,-3.41815
31.022,-3.41603
31.023,-3.4139
31.024,-3.41177
31.025,-3.40963
31.026,-3.40749
31.027,-3.40535
31.028,-3.40321
31.029,-3.40106
31.03,-3.39891
31.031,-3.39675
31.032,-3.3946
31.033,-3.39243
31.034,-3.39027
31.035,-3.3881
31.036,-3.38593
31.037,-3.38376
31.038,-3.38158
31.039,-3.3794
31.04,-3.37721
31.041,-3.37503
31.042,-3.37283
31.043,-3.37064
31.044,-3.36844
31.045,-3.36624
31.046,-3.36404
31.047,-3.36183
31.048,-3.35962
31.049,-3.3574
31.05,-3.35519
31.051,-3.35297
31.052,-3.35074
31.053,-3.34852
31.054,-3.34629
31.055,-3.34405
31.056,-3.34182
31.057,-3.33958
31.058,-3.33733
31.059,-3.33509
31.06,-3.33284
31.061,-3.33058
31.062,-3.32833
31.063,-3.32607
31.064,-3.3238
31.065,-3.32154
31.066,-3.31927
31.067,-3.317
31.068,-3.31472
31.069,-3.31244
31.07,-3.31016
31.071,-3.30787
31.072,-3.30558
31.073,-3.30329
31.074,-3.301
31.075,-3.2987
31.076,-3.2964
31.077,-3.29409
31.078,-3.29178
31.079,-3.28947
31.08,-3.28716
31.081,-3.28484
31.082,-3.28252
31.083,-3.2802
31.084,-3.27787
31.085,-3.27554
31.086,-3.2732
31.087,-3.27087
31.088,-3.26853
31.089,-3.26618
31.09,-3.26384
31.091,-3.26149
31.092,-3.25913
31.093,-3.25678
31.094,-3.25442
31.095,-3.25205
31.096,-3.24969
31.097,-3.24732
31.098,-3.24495
31.099,-3.24257
31.1,-3.24019
31.101,-3.23781
31.102,-3.23542
31.103,-3.23304
31.104,-3.23064
31.105,-3.22825
31.106,-3.22585
31.107,-3.22345
31.108,-3.22105
31.109,-3.21864
31.11,-3.21623
31.111,-3.21381
31.112,-3.2114
31.113,-3.20898
31.114,-3.20655
31.115,-3.20412
31.116,-3.20169
31.117,-3.19926
31.118,-3.19682
31.119,-3.19438
31.12,-3.19194
31.121,-3.1895
31.122,-3.18705
31.123,-3.18459
31.124,-3.18214
31.125,-3.17968
31.126,-3.17722
31.127,-3.17475
31.128,-3.17228
31.129,-3.16981
31.13,-3.16733
31.131,-3.16486
31.132,-3.16238
31.133,-3.15989
31.134,-3.1574
31.135,-3.15491
31.136,-3.15242
31.137,-3.14992
31.138,-3.14742
31.139,-3.14491
31.14,-3.14241
31.141,-3.1399
31.142,-3.13738
31.143,-3.13486
31.144,-3.13234
31.145,-3.12982
31.146,-3.12729
31.147,-3.12476
31.148,-3.12223
31.149,-3.11969
31.15,-3.11715
31.151,-3.11461
31.152,-3.11207
31.153,-3.10952
31.154,-3.10696
31.155,-3.10441
31.156,-3.10185
31.157,-3.09929
31.158,-3.09672
31.159,-3.09415
31.16,-3.09158
31.161,-3.089
31.162,-3.08642
31.163,-3.08384
31.164,-3.08126
31.165,-3.07867
31.166,-3.07608
31.167,-3.07348
31.168,-3.07088
31.169,-3.06828
31.17,-3.06568
31.171,-3.06307
31.172,-3.06046
31.173,-3.05784
31.174,-3.05522
31.175,-3.0526
31.176,-3.04998
31.177,-3.04735
31.178,-3.04472
31.179,-3.04208
31.18,-3.03945
31.181,-3.0368
31.182,-3.03416
31.183,-3.03151
31.184,-3.02886
31.185,-3.02621
31.186,-3.02355
31.187,-3.02089
31.188,-3.01822
31.189,-3.01555
31.19,-3.01288
31.191,-3.01021
31.192,-3.00753
31.193,-3.00485
31.194,-3.00217
31.195,-2.99948
31.196,-2.99679
31.197,-2.99409
31.198,-2.99139
31.199,-2.98869
31.2,-2.98599
31.201,-2.98328
31.202,-2.98057
31.203,-2.97785
31.204,-2.97513
31.205,-2.97241
31.206,-2.96969
31.207,-2.96696
31.208,-2.96423
31.209,-2.96149
31.21,-2.95875
31.211,-2.95601
31.212,-2.95327
31.213,-2.95052
31.214,-2.94777
31.215,-2.94501
31.216,-2.94225
31.217,-2.93949
31.218,-2.93672
31.219,-2.93395
31.22,-2.93118
31.221,-2.9284
31.222,-2.92562
31.223,-2.92284
31.224,-2.92005
31.225,-2.91726
31.226,-2.91447
31.227,-2.91167
31.228,-2.90887
31.229,-2.90607
31.23,-2.90326
31.231,-2.90045
31.232,-2.89763
31.233,-2.89482
31.234,-2.89199
31.235,-2.88917
31.236,-2.88634
31.237,-2.88351
31.238,-2.88067
31.239,-2.87783
31.24,-2.87499
31.241,-2.87214
31.242,-2.86929
31.243,-2.86644
31.244,-2.86358
31.245,-2.86072
31.246,-2.85786
31.247,-2.85499
31.248,-2.85212
31.249,-2.84924
31.25,-2.84637
31.251,-2.84348
31.252,-2.8406
31.253,-2.83771
31.254,-2.83482
31.255,-2.83192
31.256,-2.82902
31.257,-2.82611
31.258,-2.82321
31.259,-2.8203
31.26,-2.81738
31.261,-2.81446
31.262,-2.81154
31.263,-2.80862
31.264,-2.80569
31.265,-2.80275
31.266,-2.79982
31.267,-2.79688
31.268,-2.79393
31.269,-2.79098
31.27,-2.78803
31.271,-2.78508
31.272,-2.78212
31.273,-2.77916
31.274,-2.77619
31.275,-2.77322
31.276,-2.77024
31.277,-2.76727
31.278,-2.76429
31.279,-2.7613
31.28,-2.75831
31.281,-2.75532
31.282,-2.75232
31.283,-2.74932
31.284,-2.74632
31.285,-2.74331
31.286,-2.7403
31.287,-2.73728
31.288,-2.73426
31.289,-2.73124
31.29,-2.72821
31.291,-2.72518
31.292,-2.72215
31.293,-2.71911
31.294,-2.71607
31.295,-2.71302
31.296,-2.70997
31.297,-2.70692
31.298,-2.70386
31.299,-2.7008
31.3,-2.69773
31.301,-2.69466
31.302,-2.69159
31.303,-2.68851
31.304,-2.68543
31.305,-2.68234
31.306,-2.67925
31.307,-2.67616
31.308,-2.67306
31.309,-2.66996
31.31,-2.66686
31.311,-2.66375
31.312,-2.66063
31.313,-2.65752
31.314,-2.6544
31.315,-2.65127
31.316,-2.64814
31.317,-2.64501
31.318,-2.64187
31.319,-2.63873
31.32,-2.63558
31.321,-2.63243
31.322,-2.62928
31.323,-2.62612
31.324,-2.62296
31.325,-2.6198
31.326,-2.61663
31.327,-2.61345
31.328,-2.61027
31.329,-2.60709
31.33,-2.60391
31.331,-2.60071
31.332,-2.59752
31.333,-2.59432
31.334,-2.59112
31.335,-2.58791
31.336,-2.5847
31.337,-2.58148
31.338,-2.57826
31.339,-2.57504
31.34,-2.57181
31.341,-2.56858
31.342,-2.56534
31.343,-2.5621
31.344,-2.55886
31.345,-2.55561
31.346,-2.55235
31.347,-2.5491
31.348,-2.54583
31.349,-2.54257
31.35,-2.5393
31.351,-2.53602
31.352,-2.53274
31.353,-2.52946
31.354,-2.52617
31.355,-2.52288
31.356,-2.51958
31.357,-2.51628
31.358,-2.51297
31.359,-2.50966
31.36,-2.50635
31.361,-2.50303
31.362,-2.49971
31.363,-2.49638
31.364,-2.49305
31.365,-2.48971
31.366,-2.48637
31.367,-2.48303
31.368,-2.47968
31.369,-2.47632
31.37,-2.47296
31.371,-2.4696
31.372,-2.46623
31.373,-2.46286
31.374,-2.45948
31.375,-2.4561
31.376,-2.45272
31.377,-2.44933
31.378,-2.44593
31.379,-2.44253
31.38,-2.43913
31.381,-2.43572
31.382,-2.43231
31.383,-2.42889
31.384,-2.42546
31.385,-2.42204
31.386,-2.41861
31.387,-2.41517
31.388,-2.41173
31.389,-2.40828
31.39,-2.40483
31.391,-2.40138
31.392,-2.39792
31.393,-2.39445
31.394,-2.39098
31.395,-2.38751
31.396,-2.38403
31.397,-2.38055
31.398,-2.37706
31.399,-2.37357
31.4,-2.37007
31.401,-2.36657
31.402,-2.36306
31.403,-2.35955
31.404,-2.35603
31.405,-2.35251
31.406,-2.34898
31.407,-2.34545
31.408,-2.34191
31.409,-2.33837
31.41,-2.33483
31.411,-2.33128
31.412,-2.32772
31.413,-2.32416
31.414,-2.32059
31.415,-2.31702
31.416,-2.31345
31.417,-2.30987
31.418,-2.30628
31.419,-2.30269
31.42,-2.2991
31.421,-2.2955
31.422,-2.29189
31.423,-2.28828
31.424,-2.28467
31.425,-2.28105
31.426,-2.27742
31.427,-2.27379
31.428,-2.27015
31.429,-2.26651
31.43,-2.26287
31.431,-2.25922
31.432,-2.25556
31.433,-2.2519
31.434,-2.24823
31.435,-2.24456
31.436,-2.24089
31.437,-2.2372
31.438,-2.23352
31.439,-2.22983
31.44,-2.22613
31.441,-2.22243
31.442,-2.21872
31.443,-2.21501
31.444,-2.21129
31.445,-2.20756
31.446,-2.20384
31.447,-2.2001
31.448,-2.19636
31.449,-2.19262
31.45,-2.18887
31.451,-2.18511
31.452,-2.18135
31.453,-2.17759
31.454,-2.17382
31.455,-2.17004
31.456,-2.16626
31.457,-2.16247
31.458,-2.15868
31.459,-2.15488
31.46,-2.15108
31.461,-2.14727
31.462,-2.14345
31.463,-2.13963
31.464,-2.13581
31.465,-2.13198
31.466,-2.12814
31.467,-2.1243
31.468,-2.12045
31.469,-2.1166
31.47,-2.11274
31.471,-2.10888
31.472,-2.10501
31.473,-2.10114
31.474,-2.09725
31.475,-2.09337
31.476,-2.08948
31.477,-2.08558
31.478,-2.08168
31.479,-2.07777
31.48,-2.07385
31.481,-2.06993
31.482,-2.06601
31.483,-2.06208
31.484,-2.05814
31.485,-2.0542
31.486,-2.05025
31.487,-2.0463
31.488,-2.04234
31.489,-2.03837
31.49,-2.0344
31.491,-2.03042
31.492,-2.02644
31.493,-2.02245
31.494,-2.01846
31.495,-2.01446
31.496,-2.01045
31.497,-2.00644
31.498,-2.00242
31.499,-1.9984
31.5,-1.99437
31.501,-1.99033
31.502,-1.98629
31.503,-1.98224
31.504,-1.97819
31.505,-1.97413
31.506,-1.97007
31.507,-1.96599
31.508,-1.96192
31.509,-1.95783
31.51,-1.95374
31.511,-1.94965
31.512,-1.94555
31.513,-1.94144
31.514,-1.93733
31.515,-1.93321
31.516,-1.92908
31.517,-1.92495
31.518,-1.92081
31.519,-1.91667
31.52,-1.91252
31.521,-1.90836
31.522,-1.9042
31.523,-1.90003
31.524,-1.89586
31.525,-1.89168
31.526,-1.88749
31.527,-1.8833
31.528,-1.8791
31.529,-1.87489
31.53,-1.87068
31.531,-1.86646
31.532,-1.86224
31.533,-1.85801
31.534,-1.85377
31.535,-1.84953
31.536,-1.84528
31.537,-1.84102
31.538,-1.83676
31.539,-1.83249
31.54,-1.82822
31.541,-1.82393
31.542,-1.81965
31.543,-1.81535
31.544,-1.81105
31.545,-1.80674
31.546,-1.80243
31.547,-1.79811
31.548,-1.79378
31.549,-1.78945
31.55,-1.78511
31.551,-1.78077
31.552,-1.77641
31.553,-1.77205
31.554,-1.76769
31.555,-1.76332
31.556,-1.75894
31.557,-1.75455
31.558,-1.75016
31.559,-1.74576
31.56,-1.74135
31.561,-1.73694
31.562,-1.73252
31.563,-1.7281
31.564,-1.72367
31.565,-1.71923
31.566,-1.71478
31.567,-1.71033
31.568,-1.70587
31.569,-1.70141
31.57,-1.69693
31.571,-1.69245
31.572,-1.68797
31.573,-1.68347
31.574,-1.67897
31.575,-1.67447
31.576,-1.66995
31.577,-1.66543
31.578,-1.66091
31.579,-1.65637
31.58,-1.65183
31.581,-1.64728
31.582,-1.64273
31.583,-1.63817
31.584,-1.6336
31.585,-1.62902
31.586,-1.62444
31.587,-1.61985
31.588,-1.61526
31.589,-1.61065
31.59,-1.60604
31.591,-1.60142
31.592,-1.5968
31.593,-1.59217
31.594,-1.58753
31.595,-1.58288
31.596,-1.57823
31.597,-1.57357
31.598,-1.5689
31.599,-1.56423
31.6,-1.55954
31.601,-1.55486
31.602,-1.55016
31.603,-1.54546
31.604,-1.54075
31.605,-1.53603
31.606,-1.5313
31.607,-1.52657
31.608,-1.52183
31.609,-1.51708
31.61,-1.51233
31.611,-1.50757
31.612,-1.5028
31.613,-1.49802
31.614,-1.49324
31.615,-1.48845
31.616,-1.48365
31.617,-1.47884
31.618,-1.47403
31.619,-1.46921
31.62,-1.46438
31.621,-1.45954
31.622,-1.4547
31.623,-1.44985
31.624,-1.44499
31.625,-1.44013
31.626,-1.43525
31.627,-1.43037
31.628,-1.42549
31.629,-1.42059
31.63,-1.41569
31.631,-1.41077
31.632,-1.40586
31.633,-1.40093
31.634,-1.396
31.635,-1.39105
31.636,-1.3861
31.637,-1.38115
31.638,-1.37618
31.639,-1.37121
31.64,-1.36623
31.641,-1.36124
31.642,-1.35625
31.643,-1.35124
31.644,-1.34623
31.645,-1.34121
31.646,-1.33618
31.647,-1.33115
31.648,-1.32611
31.649,-1.32106
31.65,-1.316
31.651,-1.31093
31.652,-1.30586
31.653,-1.30077
31.654,-1.29568
31.655,-1.29059
31.656,-1.28548
31.657,-1.28037
31.658,-1.27524
31.659,-1.27011
31.66,-1.26497
31.661,-1.25983
31.662,-1.25467
31.663,-1.24951
31.664,-1.24434
31.665,-1.23916
31.666,-1.23397
31.667,-1.22878
31.668,-1.22358
31.669,-1.21837
31.67,-1.21315
31.671,-1.20792
31.672,-1.20268
31.673,-1.19744
31.674,-1.19218
31.675,-1.18692
31.676,-1.18165
31.677,-1.17638
31.678,-1.17109
31.679,-1.1658
31.68,-1.1605
31.681,-1.15518
31.682,-1.14987
31.683,-1.14454
31.684,-1.1392
31.685,-1.13386
31.686,-1.1285
31.687,-1.12314
31.688,-1.11777
31.689,-1.11239
31.69,-1.10701
31.691,-1.10161
31.692,-1.09621
31.693,-1.0908
31.694,-1.08537
31.695,-1.07994
31.696,-1.07451
31.697,-1.06906
31.698,-1.0636
31.699,-1.05814
31.7,-1.05267
31.701,-1.04718
31.702,-1.04169
31.703,-1.03619
31.704,-1.03069
31.705,-1.02517
31.706,-1.01964
31.707,-1.01411
31.708,-1.00857
31.709,-1.00302
31.71,-0.997455
31.711,-0.991885
31.712,-0.986307
31.713,-0.980719
31.714,-0.975123
31.715,-0.969518
31.716,-0.963903
31.717,-0.95828
31.718,-0.952648
31.719,-0.947007
31.72,-0.941356
31.721,-0.935697
31.722,-0.930029
31.723,-0.924351
31.724,-0.918665
31.725,-0.912969
31.726,-0.907264
31.727,-0.90155
31.728,-0.895827
31.729,-0.890095
31.73,-0.884354
31.731,-0.878603
31.732,-0.872843
31.733,-0.867074
31.734,-0.861295
31.735,-0.855507
31.736,-0.84971
31.737,-0.843904
31.738,-0.838088
31.739,-0.832263
31.74,-0.826429
31.741,-0.820585
31.742,-0.814731
31.743,-0.808869
31.744,-0.802996
31.745,-0.797115
31.746,-0.791224
31.747,-0.785323
31.748,-0.779413
31.749,-0.773493
31.75,-0.767564
31.751,-0.761625
31.752,-0.755676
31.753,-0.749718
31.754,-0.74375
31.755,-0.737773
31.756,-0.731785
31.757,-0.725789
31.758,-0.719782
31.759,-0.713766
31.76,-0.70774
31.761,-0.701704
31.762,-0.695658
31.763,-0.689603
31.764,-0.683537
31.765,-0.677462
31.766,-0.671377
31.767,-0.665282
31.768,-0.659177
31.769,-0.653062
31.77,-0.646938
31.771,-0.640803
31.772,-0.634658
31.773,-0.628504
31.774,-0.622339
31.775,-0.616164
31.776,-0.609979
31.777,-0.603784
31.778,-0.597579
31.779,-0.591364
31.78,-0.585138
31.781,-0.578903
31.782,-0.572657
31.783,-0.566401
31.784,-0.560135
31.785,-0.553859
31.786,-0.547572
31.787,-0.541275
31.788,-0.534968
31.789,-0.52865
31.79,-0.522322
31.791,-0.515984
31.792,-0.509635
31.793,-0.503276
31.794,-0.496906
31.795,-0.490526
31.796,-0.484135
31.797,-0.477734
31.798,-0.471323
31.799,-0.4649
31.8,-0.458468
31.801,-0.452024
31.802,-0.445571
31.803,-0.439106
31.804,-0.432631
31.805,-0.426145
31.806,-0.419648
31.807,-0.413141
31.808,-0.406623
31.809,-0.400095
31.81,-0.393555
31.811,-0.387005
31.812,-0.380444
31.813,-0.373872
31.814,-0.367289
31.815,-0.360695
31.816,-0.35409
31.817,-0.347475
31.818,-0.340848
31.819,-0.334211
31.82,-0.327563
31.821,-0.320903
31.822,-0.314233
31.823,-0.307551
31.824,-0.300858
31.825,-0.294155
31.826,-0.28744
31.827,-0.280714
31.828,-0.273977
31.829,-0.267228
31.83,-0.260469
31.831,-0.253698
31.832,-0.246916
31.833,-0.240122
31.834,-0.233318
31.835,-0.226502
31.836,-0.219674
31.837,-0.212836
31.838,-0.205986
31.839,-0.199124
31.84,-0.192251
31.841,-0.185367
31.842,-0.178471
31.843,-0.171563
31.844,-0.164644
31.845,-0.157714
31.846,-0.150772
31.847,-0.143818
31.848,-0.136853
31.849,-0.129876
31.85,-0.122887
31.851,-0.115887
31.852,-0.108875
31.853,-0.101851
31.854,-0.0948159
31.855,-0.0877687
31.856,-0.0807096
31.857,-0.0736387
31.858,-0.0665559
31.859,-0.0594613
31.86,-0.0523547
31.861,-0.0452363
31.862,-0.0381059
31.863,-0.0309635
31.864,-0.0238091
31.865,-0.0166427
31.866,-0.00946428
31.867,-0.00227379
31.868,0.0049288
31.869,0.0121435
31.87,0.0193703
31.871,0.0266093
31.872,0.0338605
31.873,0.0411239
31.874,0.0483995
31.875,0.0556874
31.876,0.0629875
31.877,0.0703
31.878,0.0776248
31.879,0.0849619
31.88,0.0923114
31.881,0.0996733
31.882,0.107048
31.883,0.114434
31.884,0.121834
31.885,0.129245
31.886,0.13667
31.887,0.144107
31.888,0.151556
31.889,0.159018
31.89,0.166492
31.891,0.17398
31.892,0.18148
31.893,0.188992
31.894,0.196518
31.895,0.204056
31.896,0.211606
31.897,0.21917
31.898,0.226746
31.899,0.234336
31.9,0.241938
31.901,0.249553
31.902,0.257181
31.903,0.264822
31.904,0.272476
31.905,0.280142
31.906,0.287822
31.907,0.295515
31.908,0.303221
31.909,0.31094
31.91,0.318672
31.911,0.326418
31.912,0.334176
31.913,0.341948
31.914,0.349733
31.915,0.357531
31.916,0.365342
31.917,0.373167
31.918,0.381005
31.919,0.388856
31.92,0.396721
31.921,0.404599
31.922,0.41249
31.923,0.420395
31.924,0.428313
31.925,0.436245
31.926,0.444191
31.927,0.45215
31.928,0.460122
31.929,0.468108
31.93,0.476108
31.931,0.484121
31.932,0.492148
31.933,0.500189
31.934,0.508243
31.935,0.516312
31.936,0.524394
31.937,0.532489
31.938,0.540599
31.939,0.548722
31.94,0.55686
31.941,0.565011
31.942,0.573176
31.943,0.581355
31.944,0.589548
31.945,0.597755
31.946,0.605976
31.947,0.614212
31.948,0.622461
31.949,0.630724
31.95,0.639002
31.951,0.647293
31.952,0.655599
31.953,0.663919
31.954,0.672253
31.955,0.680602
31.956,0.688965
31.957,0.697342
31.958,0.705734
31.959,0.714139
31.96,0.72256
31.961,0.730994
31.962,0.739443
31.963,0.747907
31.964,0.756385
31.965,0.764878
31.966,0.773385
31.967,0.781907
31.968,0.790443
31.969,0.798994
31.97,0.80756
31.971,0.81614
31.972,0.824735
31.973,0.833345
31.974,0.84197
31.975,0.850609
31.976,0.859263
31.977,0.867932
31.978,0.876616
31.979,0.885315
31.98,0.894029
31.981,0.902757
31.982,0.911501
31.983,0.92026
31.984,0.929033
31.985,0.937822
31.986,0.946626
31.987,0.955445
31.988,0.964279
31.989,0.973128
31.99,0.981993
31.991,0.990872
31.992,0.999767
31.993,1.00868
31.994,1.0176
31.995,1.02654
31.996,1.0355
31.997,1.04447
31.998,1.05346
31.999,1.06246
32,1.07148
32.001,1.08051
32.002,1.08956
32.003,1.09863
32.004,1.1077
32.005,1.1168
32.006,1.12591
32.007,1.13504
32.008,1.14418
32.009,1.15334
32.01,1.16251
32.011,1.1717
32.012,1.18091
32.013,1.19013
32.014,1.19937
32.015,1.20862
32.016,1.21789
32.017,1.22717
32.018,1.23647
32.019,1.24579
32.02,1.25512
32.021,1.26447
32.022,1.27384
32.023,1.28322
32.024,1.29262
32.025,1.30203
32.026,1.31146
32.027,1.3209
32.028,1.33037
32.029,1.33984
32.03,1.34934
32.031,1.35885
32.032,1.36838
32.033,1.37792
32.034,1.38748
32.035,1.39706
32.036,1.40665
32.037,1.41626
32.038,1.42588
32.039,1.43553
32.04,1.44518
32.041,1.45486
32.042,1.46455
32.043,1.47426
32.044,1.48399
32.045,1.49373
32.046,1.50349
32.047,1.51326
32.048,1.52305
32.049,1.53286
32.05,1.54269
32.051,1.55253
32.052,1.56239
32.053,1.57227
32.054,1.58216
32.055,1.59207
32.056,1.602
32.057,1.61195
32.058,1.62191
32.059,1.63189
32.06,1.64188
32.061,1.6519
32.062,1.66193
32.063,1.67197
32.064,1.68204
32.065,1.69212
32.066,1.70222
32.067,1.71234
32.068,1.72247
32.069,1.73262
32.07,1.74279
32.071,1.75298
32.072,1.76318
32.073,1.7734
32.074,1.78364
32.075,1.7939
32.076,1.80417
32.077,1.81447
32.078,1.82478
32.079,1.8351
32.08,1.84545
32.081,1.85581
32.082,1.86619
32.083,1.87659
32.084,1.88701
32.085,1.89744
32.086,1.90789
32.087,1.91836
32.088,1.92885
32.089,1.93935
32.09,1.94988
32.091,1.96042
32.092,1.97098
32.093,1.98156
32.094,1.99215
32.095,2.00277
32.096,2.0134
32.097,2.02405
32.098,2.03472
32.099,2.04541
32.1,2.05611
32.101,2.06684
32.102,2.07758
32.103,2.08834
32.104,2.09912
32.105,2.10992
32.106,2.12073
32.107,2.13157
32.108,2.14242
32.109,2.15329
32.11,2.16418
32.111,2.17509
32.112,2.18602
32.113,2.19697
32.114,2.20793
32.115,2.21892
32.116,2.22992
32.117,2.24094
32.118,2.25198
32.119,2.26304
32.12,2.27412
32.121,2.28522
32.122,2.29633
32.123,2.30747
32.124,2.31862
32.125,2.3298
32.126,2.34099
32.127,2.3522
32.128,2.36343
32.129,2.37468
32.13,2.38595
32.131,2.39724
32.132,2.40855
32.133,2.41988
32.134,2.43122
32.135,2.44259
32.136,2.45398
32.137,2.46538
32.138,2.47681
32.139,2.48825
32.14,2.49972
32.141,2.5112
32.142,2.5227
32.143,2.53423
32.144,2.54577
32.145,2.55733
32.146,2.56891
32.147,2.58052
32.148,2.59214
32.149,2.60378
32.15,2.61544
32.151,2.62712
32.152,2.63883
32.153,2.65055
32.154,2.66229
32.155,2.67405
32.156,2.68583
32.157,2.69764
32.158,2.70946
32.159,2.7213
32.16,2.73316
32.161,2.74505
32.162,2.75695
32.163,2.76888
32.164,2.78082
32.165,2.79279
32.166,2.80477
32.167,2.81678
32.168,2.8288
32.169,2.84085
32.17,2.85292
32.171,2.86501
32.172,2.87712
32.173,2.88925
32.174,2.9014
32.175,2.91357
32.176,2.92576
32.177,2.93797
32.178,2.95021
32.179,2.96246
32.18,2.97474
32.181,2.98704
32.182,2.99935
32.183,3.01169
32.184,3.02405
32.185,3.03643
32.186,3.04884
32.187,3.06126
32.188,3.07371
32.189,3.08617
32.19,3.09866
32.191,3.11117
32.192,3.1237
32.193,3.13625
32.194,3.14883
32.195,3.16142
32.196,3.17404
32.197,3.18668
32.198,3.19934
32.199,3.21202
32.2,3.22473
32.201,3.23745
32.202,3.2502
32.203,3.26297
32.204,3.27576
32.205,3.28857
32.206,3.30141
32.207,3.31427
32.208,3.32715
32.209,3.34005
32.21,3.35297
32.211,3.36592
32.212,3.37889
32.213,3.39188
32.214,3.40489
32.215,3.41793
32.216,3.43098
32.217,3.44406
32.218,3.45717
32.219,3.47029
32.22,3.48344
32.221,3.49661
32.222,3.5098
32.223,3.52302
32.224,3.53626
32.225,3.54952
32.226,3.5628
32.227,3.57611
32.228,3.58944
32.229,3.60279
32.23,3.61617
32.231,3.62957
32.232,3.64299
32.233,3.65644
32.234,3.66991
32.235,3.6834
32.236,3.69691
32.237,3.71045
32.238,3.72401
32.239,3.7376
32.24,3.75121
32.241,3.76484
32.242,3.7785
32.243,3.79218
32.244,3.80588
32.245,3.81961
32.246,3.83336
32.247,3.84713
32.248,3.86093
32.249,3.87475
32.25,3.8886
32.251,3.90247
32.252,3.91636
32.253,3.93028
32.254,3.94423
32.255,3.95819
32.256,3.97218
32.257,3.9862
32.258,4.00024
32.259,4.0143
32.26,4.02839
32.261,4.04251
32.262,4.05664
32.263,4.07081
32.264,4.08499
32.265,4.09921
32.266,4.11344
32.267,4.1277
32.268,4.14199
32.269,4.1563
32.27,4.17064
32.271,4.185
32.272,4.19939
32.273,4.2138
32.274,4.22824
32.275,4.2427
32.276,4.25719
32.277,4.2717
32.278,4.28624
32.279,4.3008
32.28,4.31539
32.281,4.33001
32.282,4.34465
32.283,4.35931
32.284,4.374
32.285,4.38872
32.286,4.40347
32.287,4.41824
32.288,4.43303
32.289,4.44786
32.29,4.4627
32.291,4.47758
32.292,4.49248
32.293,4.50741
32.294,4.52236
32.295,4.53734
32.296,4.55235
32.297,4.56738
32.298,4.58244
32.299,4.59752
32.3,4.61264
32.301,4.62778
32.302,4.64294
32.303,4.65814
32.304,4.67336
32.305,4.68861
32.306,4.70388
32.307,4.71918
32.308,4.73451
32.309,4.74987
32.31,4.76525
32.311,4.78067
32.312,4.7961
32.313,4.81157
32.314,4.82707
32.315,4.84259
32.316,4.85814
32.317,4.87372
32.318,4.88932
32.319,4.90496
32.32,4.92062
32.321,4.93631
32.322,4.95203
32.323,4.96778
32.324,4.98355
32.325,4.99935
32.326,5.01519
32.327,5.03105
32.328,5.04694
32.329,5.06286
32.33,5.0788
32.331,5.09478
32.332,5.11079
32.333,5.12682
32.334,5.14288
32.335,5.15898
32.336,5.1751
32.337,5.19125
32.338,5.20743
32.339,5.22364
32.34,5.23988
32.341,5.25615
32.342,5.27245
32.343,5.28878
32.344,5.30514
32.345,5.32153
32.346,5.33795
32.347,5.3544
32.348,5.37088
32.349,5.38739
32.35,5.40393
32.351,5.4205
32.352,5.43711
32.353,5.45374
32.354,5.4704
32.355,5.4871
32.356,5.50383
32.357,5.52058
32.358,5.53737
32.359,5.55419
32.36,5.57104
32.361,5.58792
32.362,5.60484
32.363,5.62178
32.364,5.63876
32.365,5.65577
32.366,5.67281
32.367,5.68988
32.368,5.70699
32.369,5.72413
32.37,5.7413
32.371,5.7585
32.372,5.77573
32.373,5.793
32.374,5.8103
32.375,5.82763
32.376,5.845
32.377,5.8624
32.378,5.87983
32.379,5.8973
32.38,5.9148
32.381,5.93233
32.382,5.94989
32.383,5.96749
32.384,5.98513
32.385,6.00279
32.386,6.02049
32.387,6.03823
32.388,6.056
32.389,6.0738
32.39,6.09164
32.391,6.10951
32.392,6.12742
32.393,6.14536
32.394,6.16334
32.395,6.18135
32.396,6.1994
32.397,6.21748
32.398,6.2356
32.399,6.25375
32.4,6.27194
32.401,6.29016
32.402,6.30842
32.403,6.32672
32.404,6.34505
32.405,6.36342
32.406,6.38183
32.407,6.40027
32.408,6.41875
32.409,6.43726
32.41,6.45581
32.411,6.4744
32.412,6.49303
32.413,6.51169
32.414,6.53039
32.415,6.54913
32.416,6.5679
32.417,6.58671
32.418,6.60557
32.419,6.62445
32.42,6.64338
32.421,6.66235
32.422,6.68135
32.423,6.70039
32.424,6.71947
32.425,6.73859
32.426,6.75775
32.427,6.77695
32.428,6.79619
32.429,6.81546
32.43,6.83478
32.431,6.85414
32.432,6.87353
32.433,6.89297
32.434,6.91244
32.435,6.93196
32.436,6.95152
32.437,6.97112
32.438,6.99075
32.439,7.01043
32.44,7.03015
32.441,7.04991
32.442,7.06972
32.443,7.08956
32.444,7.10945
32.445,7.12938
32.446,7.14935
32.447,7.16936
32.448,7.18941
32.449,7.20951
32.45,7.22965
32.451,7.24983
32.452,7.27006
32.453,7.29033
32.454,7.31064
32.455,7.33099
32.456,7.35139
32.457,7.37184
32.458,7.39232
32.459,7.41286
32.46,7.43343
32.461,7.45405
32.462,7.47472
32.463,7.49543
32.464,7.51618
32.465,7.53698
32.466,7.55783
32.467,7.57872
32.468,7.59966
32.469,7.62064
32.47,7.64167
32.471,7.66274
32.472,7.68387
32.473,7.70504
32.474,7.72625
32.475,7.74752
32.476,7.76883
32.477,7.79018
32.478,7.81159
32.479,7.83304
32.48,7.85455
32.481,7.8761
32.482,7.89769
32.483,7.91934
32.484,7.94104
32.485,7.96278
32.486,7.98458
32.487,8.00642
32.488,8.02831
32.489,8.05026
32.49,8.07225
32.491,8.09429
32.492,8.11639
32.493,8.13853
32.494,8.16073
32.495,8.18298
32.496,8.20528
32.497,8.22763
32.498,8.25003
32.499,8.27248
32.5,8.29499
32.501,8.31755
32.502,8.34016
32.503,8.36282
32.504,8.38554
32.505,8.40831
32.506,8.43113
32.507,8.45401
32.508,8.47694
32.509,8.49993
32.51,8.52297
32.511,8.54607
32.512,8.56922
32.513,8.59242
32.514,8.61568
32.515,8.639
32.516,8.66237
32.517,8.6858
32.518,8.70928
32.519,8.73282
32.52,8.75642
32.521,8.78007
32.522,8.80379
32.523,8.82756
32.524,8.85138
32.525,8.87527
32.526,8.89921
32.527,8.92321
32.528,8.94727
32.529,8.97139
32.53,8.99557
32.531,9.01981
32.532,9.0441
32.533,9.06846
32.534,9.09288
32.535,9.11736
32.536,9.1419
32.537,9.1665
32.538,9.19116
32.539,9.21588
32.54,9.24066
32.541,9.26551
32.542,9.29041
32.543,9.31538
32.544,9.34042
32.545,9.36551
32.546,9.39067
32.547,9.41589
32.548,9.44118
32.549,9.46653
32.55,9.49195
32.551,9.51742
32.552,9.54297
32.553,9.56858
32.554,9.59425
32.555,9.61999
32.556,9.64579
32.557,9.67167
32.558,9.6976
32.559,9.72361
32.56,9.74968
32.561,9.77582
32.562,9.80202
32.563,9.8283
32.564,9.85464
32.565,9.88105
32.566,9.90753
32.567,9.93407
32.568,9.96069
32.569,9.98737
32.57,10.0141
32.571,10.041
32.572,10.0678
32.573,10.0948
32.574,10.1219
32.575,10.149
32.576,10.1761
32.577,10.2034
32.578,10.2307
32.579,10.2581
32.58,10.2856
32.581,10.3131
32.582,10.3407
32.583,10.3684
32.584,10.3962
32.585,10.424
32.586,10.4519
32.587,10.4799
32.588,10.5079
32.589,10.5361
32.59,10.5643
32.591,10.5925
32.592,10.6209
32.593,10.6493
32.594,10.6778
32.595,10.7064
32.596,10.7351
32.597,10.7638
32.598,10.7926
32.599,10.8215
32.6,10.8505
32.601,10.8796
32.602,10.9087
32.603,10.9379
32.604,10.9672
32.605,10.9965
32.606,11.026
32.607,11.0555
32.608,11.0851
32.609,11.1148
32.61,11.1446
32.611,11.1744
32.612,11.2044
32.613,11.2344
32.614,11.2645
32.615,11.2946
32.616,11.3249
32.617,11.3552
32.618,11.3857
32.619,11.4162
32.62,11.4468
32.621,11.4774
32.622,11.5082
32.623,11.539
32.624,11.57
32.625,11.601
32.626,11.6321
32.627,11.6633
32.628,11.6945
32.629,11.7259
32.63,11.7574
32.631,11.7889
32.632,11.8205
32.633,11.8522
32.634,11.884
32.635,11.9159
32.636,11.9479
32.637,11.9799
32.638,12.0121
32.639,12.0443
32.64,12.0766
32.641,12.1091
32.642,12.1416
32.643,12.1742
32.644,12.2068
32.645,12.2396
32.646,12.2725
32.647,12.3055
32.648,12.3385
32.649,12.3717
32.65,12.4049
32.651,12.4382
32.652,12.4717
32.653,12.5052
32.654,12.5388
32.655,12.5725
32.656,12.6063
32.657,12.6402
32.658,12.6742
32.659,12.7083
32.66,12.7425
32.661,12.7767
32.662,12.8111
32.663,12.8456
32.664,12.8801
32.665,12.9148
32.666,12.9496
32.667,12.9844
32.668,13.0194
32.669,13.0544
32.67,13.0896
32.671,13.1249
32.672,13.1602
32.673,13.1957
32.674,13.2312
32.675,13.2669
32.676,13.3026
32.677,13.3385
32.678,13.3744
32.679,13.4105
32.68,13.4466
32.681,13.4829
32.682,13.5193
32.683,13.5557
32.684,13.5923
32.685,13.629
32.686,13.6657
32.687,13.7026
32.688,13.7396
32.689,13.7767
32.69,13.8139
32.691,13.8512
32.692,13.8886
32.693,13.9261
32.694,13.9637
32.695,14.0014
32.696,14.0393
32.697,14.0772
32.698,14.1152
32.699,14.1534
32.7,14.1916
32.701,14.23
32.702,14.2685
32.703,14.3071
32.704,14.3458
32.705,14.3846
32.706,14.4235
32.707,14.4625
32.708,14.5017
32.709,14.5409
32.71,14.5803
32.711,14.6198
32.712,14.6593
32.713,14.699
32.714,14.7389
32.715,14.7788
32.716,14.8188
32.717,14.859
32.718,14.8992
32.719,14.9396
32.72,14.9801
32.721,15.0207
32.722,15.0615
32.723,15.1023
32.724,15.1433
32.725,15.1844
32.726,15.2256
32.727,15.2669
32.728,15.3083
32.729,15.3499
32.73,15.3916
32.731,15.4334
32.732,15.4753
32.733,15.5173
32.734,15.5595
32.735,15.6017
32.736,15.6441
32.737,15.6867
32.738,15.7293
32.739,15.7721
32.74,15.815
32.741,15.858
32.742,15.9011
32.743,15.9444
32.744,15.9878
32.745,16.0313
32.746,16.0749
32.747,16.1187
32.748,16.1626
32.749,16.2066
32.75,16.2507
32.751,16.295
32.752,16.3394
32.753,16.384
32.754,16.4286
32.755,16.4734
32.756,16.5183
32.757,16.5634
32.758,16.6086
32.759,16.6539
32.76,16.6993
32.761,16.7449
32.762,16.7906
32.763,16.8365
32.764,16.8825
32.765,16.9286
32.766,16.9748
32.767,17.0212
32.768,17.0678
32.769,17.1144
32.77,17.1612
32.771,17.2082
32.772,17.2552
32.773,17.3025
32.774,17.3498
32.775,17.3973
32.776,17.4449
32.777,17.4927
32.778,17.5406
32.779,17.5887
32.78,17.6369
32.781,17.6852
32.782,17.7337
32.783,17.7824
32.784,17.8311
32.785,17.8801
32.786,17.9291
32.787,17.9784
32.788,18.0277
32.789,18.0772
32.79,18.1269
32.791,18.1767
32.792,18.2267
32.793,18.2768
32.794,18.327
32.795,18.3775
32.796,18.428
32.797,18.4787
32.798,18.5296
32.799,18.5806
32.8,18.6318
32.801,18.6832
32.802,18.7346
32.803,18.7863
32.804,18.8381
32.805,18.8901
32.806,18.9422
32.807,18.9945
32.808,19.0469
32.809,19.0995
32.81,19.1523
32.811,19.2052
32.812,19.2583
32.813,19.3115
32.814,19.365
32.815,19.4185
32.816,19.4723
32.817,19.5262
32.818,19.5803
32.819,19.6345
32.82,19.6889
32.821,19.7435
32.822,19.7983
32.823,19.8532
32.824,19.9083
32.825,19.9635
32.826,20.019
32.827,20.0746
32.828,20.1304
32.829,20.1863
32.83,20.2425
32.831,20.2988
32.832,20.3553
32.833,20.412
32.834,20.4688
32.835,20.5258
32.836,20.583
32.837,20.6404
32.838,20.698
32.839,20.7558
32.84,20.8137
32.841,20.8718
32.842,20.9301
32.843,20.9886
32.844,21.0473
32.845,21.1062
32.846,21.1652
32.847,21.2245
32.848,21.2839
32.849,21.3435
32.85,21.4034
32.851,21.4634
32.852,21.5236
32.853,21.584
32.854,21.6446
32.855,21.7054
32.856,21.7663
32.857,21.8275
32.858,21.8889
32.859,21.9505
32.86,22.0123
32.861,22.0743
32.862,22.1365
32.863,22.1988
32.864,22.2614
32.865,22.3242
32.866,22.3872
32.867,22.4504
32.868,22.5139
32.869,22.5775
32.87,22.6413
32.871,22.7054
32.872,22.7696
32.873,22.8341
32.874,22.8988
32.875,22.9637
32.876,23.0288
32.877,23.0941
32.878,23.1596
32.879,23.2254
32.88,23.2913
32.881,23.3575
32.882,23.4239
32.883,23.4906
32.884,23.5574
32.885,23.6245
32.886,23.6918
32.887,23.7593
32.888,23.827
32.889,23.895
32.89,23.9632
32.891,24.0316
32.892,24.1003
32.893,24.1691
32.894,24.2382
32.895,24.3076
32.896,24.3771
32.897,24.4469
32.898,24.517
32.899,24.5872
32.9,24.6577
32.901,24.7284
32.902,24.7994
32.903,24.8706
32.904,24.942
32.905,25.0137
32.906,25.0856
32.907,25.1578
32.908,25.2302
32.909,25.3028
32.91,25.3757
32.911,25.4488
32.912,25.5222
32.913,25.5958
32.914,25.6696
32.915,25.7437
32.916,25.818
32.917,25.8926
32.918,25.9674
32.919,26.0425
32.92,26.1178
32.921,26.1934
32.922,26.2692
32.923,26.3452
32.924,26.4215
32.925,26.4981
32.926,26.5749
32.927,26.652
32.928,26.7293
32.929,26.8068
32.93,26.8846
32.931,26.9627
32.932,27.041
32.933,27.1195
32.934,27.1984
32.935,27.2774
32.936,27.3567
32.937,27.4363
32.938,27.5161
32.939,27.5962
32.94,27.6765
32.941,27.7571
32.942,27.8379
32.943,27.919
32.944,28.0003
32.945,28.0819
32.946,28.1637
32.947,28.2458
32.948,28.3282
32.949,28.4107
32.95,28.4936
32.951,28.5767
32.952,28.66
32.953,28.7436
32.954,28.8274
32.955,28.9115
32.956,28.9958
32.957,29.0804
32.958,29.1653
32.959,29.2503
32.96,29.3356
32.961,29.4212
32.962,29.507
32.963,29.593
32.964,29.6793
32.965,29.7658
32.966,29.8526
32.967,29.9396
32.968,30.0268
32.969,30.1143
32.97,30.202
32.971,30.29
32.972,30.3781
32.973,30.4665
32.974,30.5552
32.975,30.644
32.976,30.7331
32.977,30.8224
32.978,30.9119
32.979,31.0017
32.98,31.0916
32.981,31.1818
32.982,31.2722
32.983,31.3628
32.984,31.4536
32.985,31.5446
32.986,31.6358
32.987,31.7272
32.988,31.8188
32.989,31.9106
32.99,32.0026
32.991,32.0948
32.992,32.1872
32.993,32.2797
32.994,32.3725
32.995,32.4654
32.996,32.5585
32.997,32.6518
32.998,32.7452
32.999,32.8388
33,32.9326
33.001,33.0265
33.002,33.1206
33.003,33.2148
33.004,33.3092
33.005,33.4037
33.006,33.4983
33.007,33.5931
33.008,33.688
33.009,33.783
33.01,33.8782
33.011,33.9735
33.012,34.0689
33.013,34.1643
33.014,34.2599
33.015,34.3556
33.016,34.4514
33.017,34.5473
33.018,34.6432
33.019,34.7393
33.02,34.8353
33.021,34.9315
33.022,35.0277
33.023,35.124
33.024,35.2203
33.025,35.3167
33.026,35.4131
33.027,35.5096
33.028,35.606
33.029,35.7025
33.03,35.799
33.031,35.8955
33.032,35.992
33.033,36.0885
33.034,36.185
33.035,36.2814
33.036,36.3779
33.037,36.4743
33.038,36.5707
33.039,36.667
33.04,36.7632
33.041,36.8594
33.042,36.9556
33.043,37.0517
33.044,37.1476
33.045,37.2435
33.046,37.3393
33.047,37.435
33.048,37.5306
33.049,37.6261
33.05,37.7214
33.051,37.8166
33.052,37.9117
33.053,38.0066
33.054,38.1014
33.055,38.196
33.056,38.2904
33.057,38.3847
33.058,38.4788
33.059,38.5726
33.06,38.6663
33.061,38.7598
33.062,38.853
33.063,38.9461
33.064,39.0389
33.065,39.1314
33.066,39.2237
33.067,39.3158
33.068,39.4076
33.069,39.4991
33.07,39.5903
33.071,39.6813
33.072,39.7719
33.073,39.8623
33.074,39.9523
33.075,40.0421
33.076,40.1315
33.077,40.2205
33.078,40.3093
33.079,40.3977
33.08,40.4857
33.081,40.5734
33.082,40.6607
33.083,40.7477
33.084,40.8342
33.085,40.9204
33.086,41.0062
33.087,41.0915
33.088,41.1765
33.089,41.2611
33.09,41.3452
33.091,41.4289
33.092,41.5122
33.093,41.595
33.094,41.6774
33.095,41.7593
33.096,41.8408
33.097,41.9218
33.098,42.0023
33.099,42.0824
33.1,42.162
33.101,42.241
33.102,42.3196
33.103,42.3978
33.104,42.4754
33.105,42.5525
33.106,42.629
33.107,42.7051
33.108,42.7807
33.109,42.8557
33.11,42.9302
33.111,43.0041
33.112,43.0776
33.113,43.1504
33.114,43.2228
33.115,43.2946
33.116,43.3658
33.117,43.4365
33.118,43.5066
33.119,43.5762
33.12,43.6452
33.121,43.7136
33.122,43.7815
33.123,43.8488
33.124,43.9155
33.125,43.9817
33.126,44.0472
33.127,44.1122
33.128,44.1766
33.129,44.2404
33.13,44.3037
33.131,44.3663
33.132,44.4284
33.133,44.4899
33.134,44.5508
33.135,44.6111
33.136,44.6708
33.137,44.7299
33.138,44.7884
33.139,44.8464
33.14,44.9037
33.141,44.9605
33.142,45.0166
33.143,45.0722
33.144,45.1272
33.145,45.1816
33.146,45.2354
33.147,45.2886
33.148,45.3413
33.149,45.3933
33.15,45.4448
33.151,45.4957
33.152,45.5459
33.153,45.5957
33.154,45.6448
33.155,45.6934
33.156,45.7413
33.157,45.7887
33.158,45.8356
33.159,45.8819
33.16,45.9276
33.161,45.9727
33.162,46.0173
33.163,46.0613
33.164,46.1047
33.165,46.1476
33.166,46.19
33.167,46.2318
33.168,46.273
33.169,46.3137
33.17,46.3539
33.171,46.3935
33.172,46.4326
33.173,46.4711
33.174,46.5092
33.175,46.5467
33.176,46.5836
33.177,46.6201
33.178,46.656
33.179,46.6915
33.18,46.7264
33.181,46.7608
33.182,46.7947
33.183,46.8281
33.184,46.8611
33.185,46.8935
33.186,46.9254
33.187,46.9569
33.188,46.9879
33.189,47.0184
33.19,47.0484
33.191,47.078
33.192,47.1071
33.193,47.1357
33.194,47.1639
33.195,47.1916
33.196,47.2189
33.197,47.2458
33.198,47.2722
33.199,47.2981
33.2,47.3236
33.201,47.3487
33.202,47.3734
33.203,47.3977
33.204,47.4215
33.205,47.4449
33.206,47.4679
33.207,47.4905
33.208,47.5127
33.209,47.5346
33.21,47.556
33.211,47.577
33.212,47.5976
33.213,47.6179
33.214,47.6378
33.215,47.6573
33.216,47.6764
33.217,47.6952
33.218,47.7136
33.219,47.7316
33.22,47.7493
33.221,47.7666
33.222,47.7836
33.223,47.8003
33.224,47.8166
33.225,47.8325
33.226,47.8482
33.227,47.8635
33.228,47.8785
33.229,47.8931
33.23,47.9074
33.231,47.9215
33.232,47.9352
33.233,47.9486
33.234,47.9617
33.235,47.9744
33.236,47.9869
33.237,47.9991
33.238,48.011
33.239,48.0226
33.24,48.034
33.241,48.045
33.242,48.0558
33.243,48.0662
33.244,48.0765
33.245,48.0864
33.246,48.0961
33.247,48.1055
33.248,48.1146
33.249,48.1235
33.25,48.1321
33.251,48.1405
33.252,48.1486
33.253,48.1565
33.254,48.1642
33.255,48.1715
33.256,48.1787
33.257,48.1856
33.258,48.1923
33.259,48.1987
33.26,48.205
33.261,48.211
33.262,48.2167
33.263,48.2223
33.264,48.2276
33.265,48.2327
33.266,48.2376
33.267,48.2423
33.268,48.2467
33.269,48.251
33.27,48.2551
33.271,48.2589
33.272,48.2626
33.273,48.266
33.274,48.2693
33.275,48.2723
33.276,48.2752
33.277,48.2779
33.278,48.2803
33.279,48.2826
33.28,48.2847
33.281,48.2867
33.282,48.2884
33.283,48.29
33.284,48.2914
33.285,48.2926
33.286,48.2936
33.287,48.2944
33.288,48.2951
33.289,48.2957
33.29,48.296
33.291,48.2962
33.292,48.2962
33.293,48.2961
33.294,48.2957
33.295,48.2953
33.296,48.2946
33.297,48.2939
33.298,48.2929
33.299,48.2918
33.3,48.2906
33.301,48.2892
33.302,48.2876
33.303,48.2859
33.304,48.284
33.305,48.282
33.306,48.2799
33.307,48.2776
33.308,48.2752
33.309,48.2726
33.31,48.2699
33.311,48.267
33.312,48.264
33.313,48.2609
33.314,48.2576
33.315,48.2542
33.316,48.2506
33.317,48.247
33.318,48.2431
33.319,48.2392
33.32,48.2351
33.321,48.2309
33.322,48.2266
33.323,48.2221
33.324,48.2175
33.325,48.2128
33.326,48.208
33.327,48.203
33.328,48.1979
33.329,48.1927
33.33,48.1873
33.331,48.1819
33.332,48.1763
33.333,48.1706
33.334,48.1648
33.335,48.1588
33.336,48.1528
33.337,48.1466
33.338,48.1403
33.339,48.1339
33.34,48.1274
33.341,48.1207
33.342,48.114
33.343,48.1071
33.344,48.1001
33.345,48.0931
33.346,48.0858
33.347,48.0785
33.348,48.0711
33.349,48.0636
33.35,48.0559
33.351,48.0482
33.352,48.0403
33.353,48.0323
33.354,48.0242
33.355,48.016
33.356,48.0078
33.357,47.9993
33.358,47.9908
33.359,47.9822
33.36,47.9735
33.361,47.9647
33.362,47.9557
33.363,47.9467
33.364,47.9376
33.365,47.9283
33.366,47.919
33.367,47.9095
33.368,47.9
33.369,47.8903
33.37,47.8806
33.371,47.8707
33.372,47.8608
33.373,47.8507
33.374,47.8406
33.375,47.8303
33.376,47.82
33.377,47.8095
33.378,47.7989
33.379,47.7883
33.38,47.7775
33.381,47.7667
33.382,47.7557
33.383,47.7447
33.384,47.7335
33.385,47.7223
33.386,47.711
33.387,47.6995
33.388,47.688
33.389,47.6764
33.39,47.6646
33.391,47.6528
33.392,47.6409
33.393,47.6289
33.394,47.6168
33.395,47.6046
33.396,47.5923
33.397,47.5799
33.398,47.5674
33.399,47.5548
33.4,47.5421
33.401,47.5293
33.402,47.5165
33.403,47.5035
33.404,47.4904
33.405,47.4773
33.406,47.464
33.407,47.4507
33.408,47.4373
33.409,47.4237
33.41,47.4101
33.411,47.3964
33.412,47.3826
33.413,47.3687
33.414,47.3547
33.415,47.3406
33.416,47.3264
33.417,47.3122
33.418,47.2978
33.419,47.2834
33.42,47.2688
33.421,47.2542
33.422,47.2394
33.423,47.2246
33.424,47.2097
33.425,47.1947
33.426,47.1796
33.427,47.1644
33.428,47.1491
33.429,47.1337
33.43,47.1183
33.431,47.1027
33.432,47.0871
33.433,47.0713
33.434,47.0555
33.435,47.0396
33.436,47.0236
33.437,47.0075
33.438,46.9913
33.439,46.975
33.44,46.9586
33.441,46.9421
33.442,46.9256
33.443,46.9089
33.444,46.8922
33.445,46.8754
33.446,46.8584
33.447,46.8414
33.448,46.8243
33.449,46.8071
33.45,46.7898
33.451,46.7725
33.452,46.755
33.453,46.7375
33.454,46.7198
33.455,46.7021
33.456,46.6842
33.457,46.6663
33.458,46.6483
33.459,46.6302
33.46,46.612
33.461,46.5938
33.462,46.5754
33.463,46.5569
33.464,46.5384
33.465,46.5198
33.466,46.501
33.467,46.4822
33.468,46.4633
33.469,46.4443
33.47,46.4252
33.471,46.4061
33.472,46.3868
33.473,46.3675
33.474,46.348
33.475,46.3285
33.476,46.3089
33.477,46.2891
33.478,46.2693
33.479,46.2494
33.48,46.2295
33.481,46.2094
33.482,46.1892
33.483,46.169
33.484,46.1486
33.485,46.1282
33.486,46.1077
33.487,46.0871
33.488,46.0664
33.489,46.0456
33.49,46.0247
33.491,46.0038
33.492,45.9827
33.493,45.9616
33.494,45.9404
33.495,45.919
33.496,45.8976
33.497,45.8761
33.498,45.8545
33.499,45.8329
33.5,45.8111
33.501,45.7892
33.502,45.7673
33.503,45.7453
33.504,45.7232
33.505,45.7009
33.506,45.6787
33.507,45.6563
33.508,45.6338
33.509,45.6112
33.51,45.5886
33.511,45.5658
33.512,45.543
33.513,45.5201
33.514,45.4971
33.515,45.474
33.516,45.4508
33.517,45.4275
33.518,45.4042
33.519,45.3807
33.52,45.3572
33.521,45.3336
33.522,45.3099
33.523,45.2861
33.524,45.2622
33.525,45.2382
33.526,45.2142
33.527,45.19
33.528,45.1658
33.529,45.1415
33.53,45.117
33.531,45.0925
33.532,45.068
33.533,45.0433
33.534,45.0185
33.535,44.9937
33.536,44.9687
33.537,44.9437
33.538,44.9186
33.539,44.8934
33.54,44.8681
33.541,44.8428
33.542,44.8173
33.543,44.7918
33.544,44.7661
33.545,44.7404
33.546,44.7146
33.547,44.6887
33.548,44.6627
33.549,44.6367
33.55,44.6105
33.551,44.5843
33.552,44.558
33.553,44.5316
33.554,44.5051
33.555,44.4785
33.556,44.4518
33.557,44.4251
33.558,44.3982
33.559,44.3713
33.56,44.3443
33.561,44.3172
33.562,44.29
33.563,44.2628
33.564,44.2354
33.565,44.208
33.566,44.1805
33.567,44.1529
33.568,44.1252
33.569,44.0974
33.57,44.0695
33.571,44.0416
33.572,44.0136
33.573,43.9855
33.574,43.9573
33.575,43.929
33.576,43.9006
33.577,43.8722
33.578,43.8436
33.579,43.815
33.58,43.7863
33.581,43.7575
33.582,43.7287
33.583,43.6997
33.584,43.6707
33.585,43.6416
33.586,43.6124
33.587,43.5831
33.588,43.5537
33.589,43.5243
33.59,43.4948
33.591,43.4652
33.592,43.4355
33.593,43.4057
33.594,43.3758
33.595,43.3459
33.596,43.3159
33.597,43.2858
33.598,43.2556
33.599,43.2253
33.6,43.195
33.601,43.1646
33.602,43.1341
33.603,43.1035
33.604,43.0728
33.605,43.0421
33.606,43.0112
33.607,42.9803
33.608,42.9493
33.609,42.9183
33.61,42.8871
33.611,42.8559
33.612,42.8246
33.613,42.7932
33.614,42.7617
33.615,42.7302
33.616,42.6985
33.617,42.6668
33.618,42.635
33.619,42.6032
33.62,42.5712
33.621,42.5392
33.622,42.5071
33.623,42.4749
33.624,42.4427
33.625,42.4104
33.626,42.378
33.627,42.3455
33.628,42.3129
33.629,42.2803
33.63,42.2475
33.631,42.2147
33.632,42.1819
33.633,42.1489
33.634,42.1159
33.635,42.0828
33.636,42.0496
33.637,42.0164
33.638,41.9831
33.639,41.9496
33.64,41.9162
33.641,41.8826
33.642,41.849
33.643,41.8153
33.644,41.7815
33.645,41.7477
33.646,41.7137
33.647,41.6797
33.648,41.6457
33.649,41.6115
33.65,41.5773
33.651,41.543
33.652,41.5086
33.653,41.4742
33.654,41.4397
33.655,41.4051
33.656,41.3704
33.657,41.3357
33.658,41.3009
33.659,41.266
33.66,41.231
33.661,41.196
33.662,41.1609
33.663,41.1258
33.664,41.0905
33.665,41.0552
33.666,41.0199
33.667,40.9844
33.668,40.9489
33.669,40.9133
33.67,40.8776
33.671,40.8419
33.672,40.8061
33.673,40.7702
33.674,40.7343
33.675,40.6983
33.676,40.6622
33.677,40.6261
33.678,40.5899
33.679,40.5536
33.68,40.5172
33.681,40.4808
33.682,40.4443
33.683,40.4078
33.684,40.3712
33.685,40.3345
33.686,40.2977
33.687,40.2609
33.688,40.224
33.689,40.1871
33.69,40.15
33.691,40.1129
33.692,40.0758
33.693,40.0386
33.694,40.0013
33.695,39.9639
33.696,39.9265
33.697,39.889
33.698,39.8515
33.699,39.8139
33.7,39.7762
33.701,39.7385
33.702,39.7007
33.703,39.6628
33.704,39.6249
33.705,39.5869
33.706,39.5488
33.707,39.5107
33.708,39.4725
33.709,39.4342
33.71,39.3959
33.711,39.3576
33.712,39.3191
33.713,39.2806
33.714,39.2421
33.715,39.2035
33.716,39.1648
33.717,39.126
33.718,39.0872
33.719,39.0484
33.72,39.0094
33.721,38.9704
33.722,38.9314
33.723,38.8923
33.724,38.8531
33.725,38.8139
33.726,38.7746
33.727,38.7353
33.728,38.6959
33.729,38.6564
33.73,38.6169
33.731,38.5773
33.732,38.5376
33.733,38.4979
33.734,38.4582
33.735,38.4184
33.736,38.3785
33.737,38.3386
33.738,38.2986
33.739,38.2585
33.74,38.2184
33.741,38.1783
33.742,38.138
33.743,38.0978
33.744,38.0574
33.745,38.0171
33.746,37.9766
33.747,37.9361
33.748,37.8956
33.749,37.855
33.75,37.8143
33.751,37.7736
33.752,37.7328
33.753,37.692
33.754,37.6511
33.755,37.6101
33.756,37.5691
33.757,37.5281
33.758,37.487
33.759,37.4458
33.76,37.4046
33.761,37.3634
33.762,37.322
33.763,37.2807
33.764,37.2392
33.765,37.1978
33.766,37.1562
33.767,37.1147
33.768,37.073
33.769,37.0313
33.77,36.9896
33.771,36.9478
33.772,36.906
33.773,36.8641
33.774,36.8221
33.775,36.7801
33.776,36.7381
33.777,36.696
33.778,36.6538
33.779,36.6116
33.78,36.5694
33.781,36.5271
33.782,36.4847
33.783,36.4423
33.784,36.3999
33.785,36.3573
33.786,36.3148
33.787,36.2722
33.788,36.2295
33.789,36.1868
33.79,36.1441
33.791,36.1013
33.792,36.0584
33.793,36.0155
33.794,35.9726
33.795,35.9296
33.796,35.8865
33.797,35.8434
33.798,35.8003
33.799,35.7571
33.8,35.7139
33.801,35.6706
33.802,35.6272
33.803,35.5839
33.804,35.5404
33.805,35.497
33.806,35.4534
33.807,35.4099
33.808,35.3662
33.809,35.3226
33.81,35.2789
33.811,35.2351
33.812,35.1913
33.813,35.1474
33.814,35.1035
33.815,35.0596
33.816,35.0156
33.817,34.9716
33.818,34.9275
33.819,34.8833
33.82,34.8392
33.821,34.7949
33.822,34.7507
33.823,34.7064
33.824,34.662
33.825,34.6176
33.826,34.5731
33.827,34.5286
33.828,34.4841
33.829,34.4395
33.83,34.3949
33.831,34.3502
33.832,34.3055
33.833,34.2607
33.834,34.2159
33.835,34.171
33.836,34.1261
33.837,34.0812
33.838,34.0362
33.839,33.9912
33.84,33.9461
33.841,33.901
33.842,33.8558
33.843,33.8106
33.844,33.7653
33.845,33.72
33.846,33.6747
33.847,33.6293
33.848,33.5839
33.849,33.5384
33.85,33.4929
33.851,33.4473
33.852,33.4017
33.853,33.3561
33.854,33.3104
33.855,33.2647
33.856,33.2189
33.857,33.1731
33.858,33.1272
33.859,33.0813
33.86,33.0353
33.861,32.9894
33.862,32.9433
33.863,32.8972
33.864,32.8511
33.865,32.8049
33.866,32.7587
33.867,32.7125
33.868,32.6662
33.869,32.6199
33.87,32.5735
33.871,32.5271
33.872,32.4806
33.873,32.4341
33.874,32.3875
33.875,32.341
33.876,32.2943
33.877,32.2476
33.878,32.2009
33.879,32.1542
33.88,32.1074
33.881,32.0605
33.882,32.0136
33.883,31.9667
33.884,31.9197
33.885,31.8727
33.886,31.8257
33.887,31.7786
33.888,31.7314
33.889,31.6843
33.89,31.637
33.891,31.5898
33.892,31.5425
33.893,31.4951
33.894,31.4477
33.895,31.4003
33.896,31.3528
33.897,31.3053
33.898,31.2577
33.899,31.2101
33.9,31.1625
33.901,31.1148
33.902,31.0671
33.903,31.0193
33.904,30.9715
33.905,30.9237
33.906,30.8758
33.907,30.8278
33.908,30.7799
33.909,30.7318
33.91,30.6838
33.911,30.6357
33.912,30.5876
33.913,30.5394
33.914,30.4911
33.915,30.4429
33.916,30.3946
33.917,30.3462
33.918,30.2978
33.919,30.2494
33.92,30.2009
33.921,30.1524
33.922,30.1039
33.923,30.0553
33.924,30.0066
33.925,29.958
33.926,29.9092
33.927,29.8605
33.928,29.8117
33.929,29.7628
33.93,29.7139
33.931,29.665
33.932,29.6161
33.933,29.567
33.934,29.518
33.935,29.4689
33.936,29.4198
33.937,29.3706
33.938,29.3214
33.939,29.2721
33.94,29.2228
33.941,29.1735
33.942,29.1241
33.943,29.0747
33.944,29.0252
33.945,28.9757
33.946,28.9262
33.947,28.8766
33.948,28.827
33.949,28.7773
33.95,28.7276
33.951,28.6779
33.952,28.6281
33.953,28.5783
33.954,28.5284
33.955,28.4785
33.956,28.4286
33.957,28.3786
33.958,28.3286
33.959,28.2785
33.96,28.2284
33.961,28.1782
33.962,28.128
33.963,28.0778
33.964,28.0275
33.965,27.9772
33.966,27.9269
33.967,27.8765
33.968,27.8261
33.969,27.7756
33.97,27.7251
33.971,27.6745
33.972,27.6239
33.973,27.5733
33.974,27.5226
33.975,27.4719
33.976,27.4212
33.977,27.3704
33.978,27.3196
33.979,27.2687
33.98,27.2178
33.981,27.1669
33.982,27.1159
33.983,27.0648
33.984,27.0138
33.985,26.9627
33.986,26.9115
33.987,26.8604
33.988,26.8091
33.989,26.7579
33.99,26.7066
33.991,26.6553
33.992,26.6039
33.993,26.5525
33.994,26.501
33.995,26.4495
33.996,26.398
33.997,26.3465
33.998,26.2949
33.999,26.2432
34,26.1915
34.001,26.1398
34.002,26.0881
34.003,26.0363
34.004,25.9845
34.005,25.9326
34.006,25.8807
34.007,25.8288
34.008,25.7768
34.009,25.7248
34.01,25.6727
34.011,25.6207
34.012,25.5685
34.013,25.5164
34.014,25.4642
34.015,25.412
34.016,25.3597
34.017,25.3074
34.018,25.2551
34.019,25.2027
34.02,25.1503
34.021,25.0979
34.022,25.0454
34.023,24.9929
34.024,24.9404
34.025,24.8878
34.026,24.8352
34.027,24.7825
34.028,24.7299
34.029,24.6771
34.03,24.6244
34.031,24.5716
34.032,24.5188
34.033,24.466
34.034,24.4131
34.035,24.3602
34.036,24.3072
34.037,24.2543
34.038,24.2013
34.039,24.1482
34.04,24.0952
34.041,24.0421
34.042,23.9889
34.043,23.9358
34.044,23.8826
34.045,23.8294
34.046,23.7761
34.047,23.7228
34.048,23.6695
34.049,23.6162
34.05,23.5628
34.051,23.5094
34.052,23.456
34.053,23.4025
34.054,23.349
34.055,23.2955
34.056,23.242
34.057,23.1884
34.058,23.1348
34.059,23.0812
34.06,23.0275
34.061,22.9739
34.062,22.9202
34.063,22.8664
34.064,22.8127
34.065,22.7589
34.066,22.7051
34.067,22.6513
34.068,22.5974
34.069,22.5436
34.07,22.4897
34.071,22.4357
34.072,22.3818
34.073,22.3278
34.074,22.2738
34.075,22.2198
34.076,22.1658
34.077,22.1117
34.078,22.0577
34.079,22.0036
34.08,21.9494
34.081,21.8953
34.082,21.8411
34.083,21.787
34.084,21.7328
34.085,21.6786
34.086,21.6243
34.087,21.5701
34.088,21.5158
34.089,21.4615
34.09,21.4072
34.091,21.3529
34.092,21.2985
34.093,21.2442
34.094,21.1898
34.095,21.1354
34.096,21.0811
34.097,21.0266
34.098,20.9722
34.099,20.9178
34.1,20.8633
34.101,20.8089
34.102,20.7544
34.103,20.6999
34.104,20.6454
34.105,20.5909
34.106,20.5364
34.107,20.4818
34.108,20.4273
34.109,20.3728
34.11,20.3182
34.111,20.2636
34.112,20.2091
34.113,20.1545
34.114,20.0999
34.115,20.0453
34.116,19.9907
34.117,19.9361
34.118,19.8815
34.119,19.8269
34.12,19.7723
34.121,19.7176
34.122,19.663
34.123,19.6084
34.124,19.5537
34.125,19.4991
34.126,19.4445
34.127,19.3899
34.128,19.3352
34.129,19.2806
34.13,19.226
34.131,19.1713
34.132,19.1167
34.133,19.0621
34.134,19.0074
34.135,18.9528
34.136,18.8982
34.137,18.8436
34.138,18.789
34.139,18.7344
34.14,18.6798
34.141,18.6252
34.142,18.5706
34.143,18.516
34.144,18.4615
34.145,18.4069
34.146,18.3524
34.147,18.2978
34.148,18.2433
34.149,18.1888
34.15,18.1343
34.151,18.0798
34.152,18.0253
34.153,17.9708
34.154,17.9164
34.155,17.8619
34.156,17.8075
34.157,17.7531
34.158,17.6987
34.159,17.6443
34.16,17.5899
34.161,17.5356
34.162,17.4813
34.163,17.427
34.164,17.3727
34.165,17.3184
34.166,17.2641
34.167,17.2099
34.168,17.1557
34.169,17.1015
34.17,17.0474
34.171,16.9932
34.172,16.9391
34.173,16.885
34.174,16.8309
34.175,16.7769
34.176,16.7229
34.177,16.6689
34.178,16.6149
34.179,16.561
34.18,16.5071
34.181,16.4532
34.182,16.3994
34.183,16.3456
34.184,16.2918
34.185,16.238
34.186,16.1843
34.187,16.1306
34.188,16.077
34.189,16.0234
34.19,15.9698
34.191,15.9162
34.192,15.8627
34.193,15.8092
34.194,15.7558
34.195,15.7024
34.196,15.649
34.197,15.5957
34.198,15.5424
34.199,15.4891
34.2,15.4359
34.201,15.3828
34.202,15.3296
34.203,15.2766
34.204,15.2235
34.205,15.1705
34.206,15.1176
34.207,15.0646
34.208,15.0118
34.209,14.959
34.21,14.9062
34.211,14.8535
34.212,14.8008
34.213,14.7481
34.214,14.6956
34.215,14.643
34.216,14.5905
34.217,14.5381
34.218,14.4857
34.219,14.4334
34.22,14.3811
34.221,14.3289
34.222,14.2767
34.223,14.2246
34.224,14.1725
34.225,14.1205
34.226,14.0685
34.227,14.0166
34.228,13.9648
34.229,13.913
34.23,13.8613
34.231,13.8096
34.232,13.758
34.233,13.7064
34.234,13.6549
34.235,13.6035
34.236,13.5521
34.237,13.5008
34.238,13.4496
34.239,13.3984
34.24,13.3472
34.241,13.2962
34.242,13.2452
34.243,13.1942
34.244,13.1434
34.245,13.0925
34.246,13.0418
34.247,12.9911
34.248,12.9405
34.249,12.89
34.25,12.8395
34.251,12.7891
34.252,12.7388
34.253,12.6885
34.254,12.6383
34.255,12.5882
34.256,12.5381
34.257,12.4881
34.258,12.4382
34.259,12.3884
34.26,12.3386
34.261,12.2889
34.262,12.2393
34.263,12.1897
34.264,12.1403
34.265,12.0909
34.266,12.0415
34.267,11.9923
34.268,11.9431
34.269,11.894
34.27,11.845
34.271,11.7961
34.272,11.7472
34.273,11.6984
34.274,11.6497
34.275,11.6011
34.276,11.5525
34.277,11.504
34.278,11.4557
34.279,11.4073
34.28,11.3591
34.281,11.311
34.282,11.2629
34.283,11.2149
34.284,11.167
34.285,11.1192
34.286,11.0715
34.287,11.0238
34.288,10.9762
34.289,10.9288
34.29,10.8814
34.291,10.834
34.292,10.7868
34.293,10.7397
34.294,10.6926
34.295,10.6456
34.296,10.5988
34.297,10.552
34.298,10.5052
34.299,10.4586
34.3,10.4121
34.301,10.3656
34.302,10.3193
34.303,10.273
34.304,10.2268
34.305,10.1807
34.306,10.1347
34.307,10.0888
34.308,10.043
34.309,9.99725
34.31,9.95161
34.311,9.90605
34.312,9.86059
34.313,9.81522
34.314,9.76994
34.315,9.72475
34.316,9.67966
34.317,9.63465
34.318,9.58974
34.319,9.54492
34.32,9.5002
34.321,9.45556
34.322,9.41102
34.323,9.36658
34.324,9.32222
34.325,9.27797
34.326,9.2338
34.327,9.18973
34.328,9.14575
34.329,9.10187
34.33,9.05809
34.331,9.01439
34.332,8.9708
34.333,8.9273
34.334,8.88389
34.335,8.84058
34.336,8.79736
34.337,8.75425
34.338,8.71122
34.339,8.6683
34.34,8.62547
34.341,8.58273
34.342,8.54009
34.343,8.49755
34.344,8.45511
34.345,8.41276
34.346,8.37051
34.347,8.32836
34.348,8.2863
34.349,8.24434
34.35,8.20248
34.351,8.16072
34.352,8.11905
34.353,8.07749
34.354,8.03602
34.355,7.99464
34.356,7.95337
34.357,7.91219
34.358,7.87111
34.359,7.83013
34.36,7.78925
34.361,7.74847
34.362,7.70778
34.363,7.66719
34.364,7.6267
34.365,7.58631
34.366,7.54602
34.367,7.50583
34.368,7.46573
34.369,7.42574
34.37,7.38584
34.371,7.34604
34.372,7.30634
34.373,7.26674
34.374,7.22723
34.375,7.18783
34.376,7.14852
34.377,7.10932
34.378,7.07021
34.379,7.0312
34.38,6.99229
34.381,6.95348
34.382,6.91476
34.383,6.87615
34.384,6.83763
34.385,6.79921
34.386,6.76089
34.387,6.72267
34.388,6.68455
34.389,6.64653
34.39,6.6086
34.391,6.57078
34.392,6.53305
34.393,6.49542
34.394,6.45789
34.395,6.42046
34.396,6.38312
34.397,6.34589
34.398,6.30875
34.399,6.27171
34.4,6.23477
34.401,6.19792
34.402,6.16118
34.403,6.12453
34.404,6.08798
34.405,6.05153
34.406,6.01517
34.407,5.97892
34.408,5.94276
34.409,5.9067
34.41,5.87073
34.411,5.83486
34.412,5.79909
34.413,5.76342
34.414,5.72784
34.415,5.69237
34.416,5.65698
34.417,5.6217
34.418,5.58651
34.419,5.55142
34.42,5.51642
34.421,5.48152
34.422,5.44672
34.423,5.41201
34.424,5.3774
34.425,5.34289
34.426,5.30847
34.427,5.27414
34.428,5.23992
34.429,5.20578
34.43,5.17175
34.431,5.1378
34.432,5.10396
34.433,5.07021
34.434,5.03655
34.435,5.00299
34.436,4.96952
34.437,4.93615
34.438,4.90287
34.439,4.86969
34.44,4.8366
34.441,4.8036
34.442,4.7707
34.443,4.73789
34.444,4.70518
34.445,4.67255
34.446,4.64003
34.447,4.60759
34.448,4.57525
34.449,4.543
34.45,4.51084
34.451,4.47878
34.452,4.44681
34.453,4.41493
34.454,4.38314
34.455,4.35145
34.456,4.31985
34.457,4.28834
34.458,4.25692
34.459,4.22559
34.46,4.19435
34.461,4.1632
34.462,4.13215
34.463,4.10119
34.464,4.07031
34.465,4.03953
34.466,4.00884
34.467,3.97823
34.468,3.94772
34.469,3.9173
34.47,3.88696
34.471,3.85672
34.472,3.82657
34.473,3.7965
34.474,3.76652
34.475,3.73664
34.476,3.70684
34.477,3.67713
34.478,3.64751
34.479,3.61797
34.48,3.58853
34.481,3.55917
34.482,3.5299
34.483,3.50071
34.484,3.47162
34.485,3.44261
34.486,3.41369
34.487,3.38485
34.488,3.3561
34.489,3.32744
34.49,3.29887
34.491,3.27038
34.492,3.24197
34.493,3.21365
34.494,3.18542
34.495,3.15727
34.496,3.12921
34.497,3.10124
34.498,3.07334
34.499,3.04554
34.5,3.01781
34.501,2.99017
34.502,2.96262
34.503,2.93515
34.504,2.90776
34.505,2.88046
34.506,2.85324
34.507,2.8261
34.508,2.79905
34.509,2.77207
34.51,2.74519
34.511,2.71838
34.512,2.69165
34.513,2.66501
34.514,2.63845
34.515,2.61197
34.516,2.58558
34.517,2.55926
34.518,2.53303
34.519,2.50687
34.52,2.4808
34.521,2.45481
34.522,2.4289
34.523,2.40307
34.524,2.37732
34.525,2.35165
34.526,2.32605
34.527,2.30054
34.528,2.27511
34.529,2.24976
34.53,2.22448
34.531,2.19928
34.532,2.17417
34.533,2.14913
34.534,2.12417
34.535,2.09928
34.536,2.07448
34.537,2.04975
34.538,2.0251
34.539,2.00053
34.54,1.97603
34.541,1.95162
34.542,1.92727
34.543,1.90301
34.544,1.87882
34.545,1.85471
34.546,1.83067
34.547,1.80671
34.548,1.78282
34.549,1.75901
34.55,1.73528
34.551,1.71162
34.552,1.68803
34.553,1.66452
34.554,1.64109
34.555,1.61772
34.556,1.59444
34.557,1.57122
34.558,1.54808
34.559,1.52502
34.56,1.50202
34.561,1.4791
34.562,1.45626
34.563,1.43348
34.564,1.41078
34.565,1.38815
34.566,1.3656
34.567,1.34311
34.568,1.3207
34.569,1.29836
34.57,1.27609
34.571,1.25389
34.572,1.23176
34.573,1.20971
34.574,1.18772
34.575,1.16581
34.576,1.14397
34.577,1.12219
34.578,1.10049
34.579,1.07885
34.58,1.05729
34.581,1.0358
34.582,1.01437
34.583,0.993015
34.584,0.971729
34.585,0.95051
34.586,0.929361
34.587,0.90828
34.588,0.887267
34.589,0.866323
34.59,0.845446
34.591,0.824637
34.592,0.803896
34.593,0.783222
34.594,0.762615
34.595,0.742075
34.596,0.721602
34.597,0.701196
34.598,0.680856
34.599,0.660583
34.6,0.640375
34.601,0.620234
34.602,0.600158
34.603,0.580148
34.604,0.560204
34.605,0.540325
34.606,0.520511
34.607,0.500762
34.608,0.481077
34.609,0.461457
34.61,0.441902
34.611,0.42241
34.612,0.402983
34.613,0.38362
34.614,0.36432
34.615,0.345084
34.616,0.325912
34.617,0.306802
34.618,0.287755
34.619,0.268772
34.62,0.249851
34.621,0.230992
34.622,0.212196
34.623,0.193462
34.624,0.17479
34.625,0.15618
34.626,0.137632
34.627,0.119145
34.628,0.100719
34.629,0.0823545
34.63,0.064051
34.631,0.0458083
34.632,0.0276262
34.633,0.00950468
34.634,-0.00855656
34.635,-0.0265576
34.636,-0.0444987
34.637,-0.06238
34.638,-0.0802016
34.639,-0.0979637
34.64,-0.115666
34.641,-0.13331
34.642,-0.150895
34.643,-0.16842
34.644,-0.185888
34.645,-0.203296
34.646,-0.220646
34.647,-0.237938
34.648,-0.255172
34.649,-0.272349
34.65,-0.289467
34.651,-0.306528
34.652,-0.323531
34.653,-0.340478
34.654,-0.357367
34.655,-0.374199
34.656,-0.390975
34.657,-0.407694
34.658,-0.424356
34.659,-0.440963
34.66,-0.457513
34.661,-0.474007
34.662,-0.490445
34.663,-0.506828
34.664,-0.523156
34.665,-0.539428
34.666,-0.555644
34.667,-0.571806
34.668,-0.587913
34.669,-0.603965
34.67,-0.619963
34.671,-0.635906
34.672,-0.651795
34.673,-0.66763
34.674,-0.683411
34.675,-0.699138
34.676,-0.714812
34.677,-0.730432
34.678,-0.745999
34.679,-0.761512
34.68,-0.776973
34.681,-0.792381
34.682,-0.807736
34.683,-0.823038
34.684,-0.838288
34.685,-0.853486
34.686,-0.868631
34.687,-0.883725
34.688,-0.898767
34.689,-0.913757
34.69,-0.928695
34.691,-0.943583
34.692,-0.958418
34.693,-0.973203
34.694,-0.987937
34.695,-1.00262
34.696,-1.01725
34.697,-1.03183
34.698,-1.04637
34.699,-1.06085
34.7,-1.07528
34.701,-1.08966
34.702,-1.10399
34.703,-1.11827
34.704,-1.13251
34.705,-1.14669
34.706,-1.16082
34.707,-1.17491
34.708,-1.18894
34.709,-1.20293
34.71,-1.21687
34.711,-1.23076
34.712,-1.2446
34.713,-1.25839
34.714,-1.27214
34.715,-1.28584
34.716,-1.29949
34.717,-1.31309
34.718,-1.32664
34.719,-1.34015
34.72,-1.35361
34.721,-1.36702
34.722,-1.38039
34.723,-1.3937
34.724,-1.40698
34.725,-1.4202
34.726,-1.43338
34.727,-1.44651
34.728,-1.4596
34.729,-1.47264
34.73,-1.48563
34.731,-1.49858
34.732,-1.51149
34.733,-1.52434
34.734,-1.53716
34.735,-1.54992
34.736,-1.56265
34.737,-1.57532
34.738,-1.58795
34.739,-1.60054
34.74,-1.61309
34.741,-1.62558
34.742,-1.63804
34.743,-1.65045
34.744,-1.66281
34.745,-1.67514
34.746,-1.68741
34.747,-1.69965
34.748,-1.71184
34.749,-1.72399
34.75,-1.73609
34.751,-1.74815
34.752,-1.76017
34.753,-1.77215
34.754,-1.78408
34.755,-1.79597
34.756,-1.80781
34.757,-1.81962
34.758,-1.83138
34.759,-1.8431
34.76,-1.85478
34.761,-1.86642
34.762,-1.87801
34.763,-1.88957
34.764,-1.90108
34.765,-1.91255
34.766,-1.92398
34.767,-1.93536
34.768,-1.94671
34.769,-1.95802
34.77,-1.96928
34.771,-1.98051
34.772,-1.99169
34.773,-2.00283
34.774,-2.01394
34.775,-2.025
34.776,-2.03602
34.777,-2.047
34.778,-2.05795
34.779,-2.06885
34.78,-2.07971
34.781,-2.09054
34.782,-2.10132
34.783,-2.11207
34.784,-2.12278
34.785,-2.13344
34.786,-2.14407
34.787,-2.15466
34.788,-2.16521
34.789,-2.17573
34.79,-2.1862
34.791,-2.19664
34.792,-2.20703
34.793,-2.21739
34.794,-2.22772
34.795,-2.238
34.796,-2.24825
34.797,-2.25845
34.798,-2.26863
34.799,-2.27876
34.8,-2.28886
34.801,-2.29891
34.802,-2.30894
34.803,-2.31892
34.804,-2.32887
34.805,-2.33878
34.806,-2.34866
34.807,-2.3585
34.808,-2.3683
34.809,-2.37806
34.81,-2.38779
34.811,-2.39749
34.812,-2.40714
34.813,-2.41677
34.814,-2.42635
34.815,-2.4359
34.816,-2.44542
34.817,-2.4549
34.818,-2.46434
34.819,-2.47375
34.82,-2.48312
34.821,-2.49246
34.822,-2.50177
34.823,-2.51103
34.824,-2.52027
34.825,-2.52947
34.826,-2.53863
34.827,-2.54777
34.828,-2.55686
34.829,-2.56593
34.83,-2.57495
34.831,-2.58395
34.832,-2.59291
34.833,-2.60184
34.834,-2.61073
34.835,-2.61959
34.836,-2.62842
34.837,-2.63721
34.838,-2.64597
34.839,-2.6547
34.84,-2.66339
34.841,-2.67205
34.842,-2.68068
34.843,-2.68927
34.844,-2.69784
34.845,-2.70637
34.846,-2.71486
34.847,-2.72333
34.848,-2.73176
34.849,-2.74016
34.85,-2.74853
34.851,-2.75687
34.852,-2.76518
34.853,-2.77345
34.854,-2.78169
34.855,-2.7899
34.856,-2.79808
34.857,-2.80623
34.858,-2.81434
34.859,-2.82243
34.86,-2.83048
34.861,-2.83851
34.862,-2.8465
34.863,-2.85446
34.864,-2.86239
34.865,-2.87029
34.866,-2.87816
34.867,-2.886
34.868,-2.89381
34.869,-2.90159
34.87,-2.90934
34.871,-2.91706
34.872,-2.92474
34.873,-2.9324
34.874,-2.94003
34.875,-2.94763
34.876,-2.9552
34.877,-2.96274
34.878,-2.97025
34.879,-2.97773
34.88,-2.98519
34.881,-2.99261
34.882,-3.00001
34.883,-3.00737
34.884,-3.01471
34.885,-3.02202
34.886,-3.02929
34.887,-3.03655
34.888,-3.04377
34.889,-3.05096
34.89,-3.05813
34.891,-3.06526
34.892,-3.07237
34.893,-3.07945
34.894,-3.08651
34.895,-3.09353
34.896,-3.10053
34.897,-3.1075
34.898,-3.11444
34.899,-3.12136
34.9,-3.12824
34.901,-3.1351
34.902,-3.14194
34.903,-3.14874
34.904,-3.15552
34.905,-3.16227
34.906,-3.16899
34.907,-3.17569
34.908,-3.18236
34.909,-3.18901
34.91,-3.19562
34.911,-3.20221
34.912,-3.20878
34.913,-3.21532
34.914,-3.22183
34.915,-3.22831
34.916,-3.23477
34.917,-3.24121
34.918,-3.24761
34.919,-3.254
34.92,-3.26035
34.921,-3.26668
34.922,-3.27299
34.923,-3.27927
34.924,-3.28552
34.925,-3.29175
34.926,-3.29795
34.927,-3.30413
34.928,-3.31028
34.929,-3.31641
34.93,-3.32251
34.931,-3.32859
34.932,-3.33464
34.933,-3.34067
34.934,-3.34667
34.935,-3.35265
34.936,-3.35861
34.937,-3.36453
34.938,-3.37044
34.939,-3.37632
34.94,-3.38218
34.941,-3.38801
34.942,-3.39382
34.943,-3.3996
34.944,-3.40537
34.945,-3.4111
34.946,-3.41682
34.947,-3.42251
34.948,-3.42817
34.949,-3.43381
34.95,-3.43943
34.951,-3.44503
34.952,-3.4506
34.953,-3.45615
34.954,-3.46168
34.955,-3.46718
34.956,-3.47266
34.957,-3.47811
34.958,-3.48355
34.959,-3.48896
34.96,-3.49435
34.961,-3.49971
34.962,-3.50506
34.963,-3.51038
34.964,-3.51568
34.965,-3.52095
34.966,-3.52621
34.967,-3.53144
34.968,-3.53665
34.969,-3.54183
34.97,-3.547
34.971,-3.55214
34.972,-3.55726
34.973,-3.56236
34.974,-3.56744
34.975,-3.5725
34.976,-3.57753
34.977,-3.58254
34.978,-3.58754
34.979,-3.59251
34.98,-3.59745
34.981,-3.60238
34.982,-3.60729
34.983,-3.61217
34.984,-3.61704
34.985,-3.62188
34.986,-3.6267
34.987,-3.63151
34.988,-3.63629
34.989,-3.64105
34.99,-3.64579
34.991,-3.6505
34.992,-3.6552
34.993,-3.65988
34.994,-3.66454
34.995,-3.66917
34.996,-3.67379
34.997,-3.67839
34.998,-3.68296
34.999,-3.68752
35,-3.69206
35.001,-3.69657
35.002,-3.70107
35.003,-3.70555
35.004,-3.71
35.005,-3.71444
35.006,-3.71886
35.007,-3.72326
35.008,-3.72763
35.009,-3.73199
35.01,-3.73633
35.011,-3.74065
35.012,-3.74496
35.013,-3.74924
35.014,-3.7535
35.015,-3.75774
35.016,-3.76197
35.017,-3.76618
35.018,-3.77036
35.019,-3.77453
35.02,-3.77868
35.021,-3.78281
35.022,-3.78692
35.023,-3.79102
35.024,-3.79509
35.025,-3.79915
35.026,-3.80319
35.027,-3.80721
35.028,-3.81121
35.029,-3.81519
35.03,-3.81916
35.031,-3.82311
35.032,-3.82703
35.033,-3.83095
35.034,-3.83484
35.035,-3.83871
35.036,-3.84257
35.037,-3.84641
35.038,-3.85023
35.039,-3.85404
35.04,-3.85783
35.041,-3.8616
35.042,-3.86535
35.043,-3.86908
35.044,-3.8728
35.045,-3.8765
35.046,-3.88018
35.047,-3.88385
35.048,-3.8875
35.049,-3.89113
35.05,-3.89474
35.051,-3.89834
35.052,-3.90192
35.053,-3.90548
35.054,-3.90903
35.055,-3.91256
35.056,-3.91607
35.057,-3.91957
35.058,-3.92305
35.059,-3.92651
35.06,-3.92996
35.061,-3.93339
35.062,-3.93681
35.063,-3.9402
35.064,-3.94359
35.065,-3.94695
35.066,-3.9503
35.067,-3.95364
35.068,-3.95695
35.069,-3.96025
35.07,-3.96354
35.071,-3.96681
35.072,-3.97006
35.073,-3.9733
35.074,-3.97652
35.075,-3.97973
35.076,-3.98292
35.077,-3.9861
35.078,-3.98926
35.079,-3.9924
35.08,-3.99553
35.081,-3.99864
35.082,-4.00174
35.083,-4.00482
35.084,-4.00789
35.085,-4.01094
35.086,-4.01398
35.087,-4.017
35.088,-4.02001
35.089,-4.023
35.09,-4.02598
35.091,-4.02894
35.092,-4.03189
35.093,-4.03482
35.094,-4.03774
35.095,-4.04065
35.096,-4.04354
35.097,-4.04641
35.098,-4.04927
35.099,-4.05212
35.1,-4.05495
35.101,-4.05776
35.102,-4.06057
35.103,-4.06335
35.104,-4.06613
35.105,-4.06889
35.106,-4.07163
35.107,-4.07436
35.108,-4.07708
35.109,-4.07978
35.11,-4.08247
35.111,-4.08515
35.112,-4.08781
35.113,-4.09046
35.114,-4.09309
35.115,-4.09571
35.116,-4.09832
35.117,-4.10091
35.118,-4.10349
35.119,-4.10605
35.12,-4.10861
35.121,-4.11114
35.122,-4.11367
35.123,-4.11618
35.124,-4.11868
35.125,-4.12116
35.126,-4.12364
35.127,-4.1261
35.128,-4.12854
35.129,-4.13097
35.13,-4.13339
35.131,-4.1358
35.132,-4.13819
35.133,-4.14057
35.134,-4.14294
35.135,-4.1453
35.136,-4.14764
35.137,-4.14997
35.138,-4.15228
35.139,-4.15459
35.14,-4.15688
35.141,-4.15916
35.142,-4.16142
35.143,-4.16368
35.144,-4.16592
35.145,-4.16814
35.146,-4.17036
35.147,-4.17256
35.148,-4.17476
35.149,-4.17694
35.15,-4.1791
35.151,-4.18126
35.152,-4.1834
35.153,-4.18553
35.154,-4.18765
35.155,-4.18976
35.156,-4.19185
35.157,-4.19393
35.158,-4.196
35.159,-4.19806
35.16,-4.20011
35.161,-4.20214
35.162,-4.20417
35.163,-4.20618
35.164,-4.20818
35.165,-4.21017
35.166,-4.21215
35.167,-4.21411
35.168,-4.21606
35.169,-4.21801
35.17,-4.21994
35.171,-4.22186
35.172,-4.22377
35.173,-4.22566
35.174,-4.22755
35.175,-4.22942
35.176,-4.23129
35.177,-4.23314
35.178,-4.23498
35.179,-4.23681
35.18,-4.23863
35.181,-4.24044
35.182,-4.24223
35.183,-4.24402
35.184,-4.24579
35.185,-4.24756
35.186,-4.24931
35.187,-4.25106
35.188,-4.25279
35.189,-4.25451
35.19,-4.25622
35.191,-4.25792
35.192,-4.25961
35.193,-4.26129
35.194,-4.26295
35.195,-4.26461
35.196,-4.26626
35.197,-4.2679
35.198,-4.26952
35.199,-4.27114
35.2,-4.27275
35.201,-4.27434
35.202,-4.27593
35.203,-4.2775
35.204,-4.27907
35.205,-4.28062
35.206,-4.28217
35.207,-4.2837
35.208,-4.28522
35.209,-4.28674
35.21,-4.28824
35.211,-4.28974
35.212,-4.29122
35.213,-4.2927
35.214,-4.29416
35.215,-4.29562
35.216,-4.29706
35.217,-4.2985
35.218,-4.29992
35.219,-4.30134
35.22,-4.30275
35.221,-4.30414
35.222,-4.30553
35.223,-4.30691
35.224,-4.30828
35.225,-4.30964
35.226,-4.31099
35.227,-4.31233
35.228,-4.31366
35.229,-4.31498
35.23,-4.31629
35.231,-4.3176
35.232,-4.31889
35.233,-4.32017
35.234,-4.32145
35.235,-4.32272
35.236,-4.32397
35.237,-4.32522
35.238,-4.32646
35.239,-4.32769
35.24,-4.32891
35.241,-4.33012
35.242,-4.33132
35.243,-4.33252
35.244,-4.3337
35.245,-4.33488
35.246,-4.33605
35.247,-4.33721
35.248,-4.33836
35.249,-4.3395
35.25,-4.34063
35.251,-4.34176
35.252,-4.34287
35.253,-4.34398
35.254,-4.34508
35.255,-4.34617
35.256,-4.34725
35.257,-4.34832
35.258,-4.34938
35.259,-4.35044
35.26,-4.35149
35.261,-4.35253
35.262,-4.35356
35.263,-4.35458
35.264,-4.35559
35.265,-4.3566
35.266,-4.3576
35.267,-4.35859
35.268,-4.35957
35.269,-4.36054
35.27,-4.36151
35.271,-4.36247
35.272,-4.36342
35.273,-4.36436
35.274,-4.36529
35.275,-4.36621
35.276,-4.36713
35.277,-4.36804
35.278,-4.36894
35.279,-4.36984
35.28,-4.37072
35.281,-4.3716
35.282,-4.37247
35.283,-4.37333
35.284,-4.37419
35.285,-4.37504
35.286,-4.37588
35.287,-4.37671
35.288,-4.37753
35.289,-4.37835
35.29,-4.37916
35.291,-4.37996
35.292,-4.38075
35.293,-4.38154
35.294,-4.38232
35.295,-4.38309
35.296,-4.38386
35.297,-4.38461
35.298,-4.38536
35.299,-4.38611
35.3,-4.38684
35.301,-4.38757
35.302,-4.38829
35.303,-4.389
35.304,-4.38971
35.305,-4.39041
35.306,-4.3911
35.307,-4.39179
35.308,-4.39246
35.309,-4.39314
35.31,-4.3938
35.311,-4.39446
35.312,-4.39511
35.313,-4.39575
35.314,-4.39638
35.315,-4.39701
35.316,-4.39764
35.317,-4.39825
35.318,-4.39886
35.319,-4.39946
35.32,-4.40006
35.321,-4.40064
35.322,-4.40123
35.323,-4.4018
35.324,-4.40237
35.325,-4.40293
35.326,-4.40348
35.327,-4.40403
35.328,-4.40457
35.329,-4.40511
35.33,-4.40564
35.331,-4.40616
35.332,-4.40668
35.333,-4.40718
35.334,-4.40769
35.335,-4.40818
35.336,-4.40867
35.337,-4.40916
35.338,-4.40963
35.339,-4.4101
35.34,-4.41057
35.341,-4.41103
35.342,-4.41148
35.343,-4.41192
35.344,-4.41236
35.345,-4.4128
35.346,-4.41322
35.347,-4.41364
35.348,-4.41406
35.349,-4.41447
35.35,-4.41487
35.351,-4.41527
35.352,-4.41566
35.353,-4.41604
35.354,-4.41642
35.355,-4.41679
35.356,-4.41716
35.357,-4.41752
35.358,-4.41787
35.359,-4.41822
35.36,-4.41856
35.361,-4.4189
35.362,-4.41923
35.363,-4.41956
35.364,-4.41988
35.365,-4.42019
35.366,-4.4205
35.367,-4.4208
35.368,-4.4211
35.369,-4.42139
35.37,-4.42167
35.371,-4.42195
35.372,-4.42223
35.373,-4.4225
35.374,-4.42276
35.375,-4.42302
35.376,-4.42327
35.377,-4.42351
35.378,-4.42376
35.379,-4.42399
35.38,-4.42422
35.381,-4.42444
35.382,-4.42466
35.383,-4.42488
35.384,-4.42509
35.385,-4.42529
35.386,-4.42549
35.387,-4.42568
35.388,-4.42587
35.389,-4.42605
35.39,-4.42622
35.391,-4.42639
35.392,-4.42656
35.393,-4.42672
35.394,-4.42688
35.395,-4.42703
35.396,-4.42717
35.397,-4.42731
35.398,-4.42745
35.399,-4.42758
35.4,-4.4277
35.401,-4.42782
35.402,-4.42794
35.403,-4.42805
35.404,-4.42815
35.405,-4.42825
35.406,-4.42835
35.407,-4.42844
35.408,-4.42852
35.409,-4.4286
35.41,-4.42868
35.411,-4.42875
35.412,-4.42881
35.413,-4.42888
35.414,-4.42893
35.415,-4.42898
35.416,-4.42903
35.417,-4.42907
35.418,-4.42911
35.419,-4.42914
35.42,-4.42917
35.421,-4.42919
35.422,-4.42921
35.423,-4.42922
35.424,-4.42923
35.425,-4.42924
35.426,-4.42924
35.427,-4.42923
35.428,-4.42922
35.429,-4.42921
35.43,-4.42919
35.431,-4.42917
35.432,-4.42914
35.433,-4.42911
35.434,-4.42907
35.435,-4.42903
35.436,-4.42898
35.437,-4.42893
35.438,-4.42888
35.439,-4.42882
35.44,-4.42876
35.441,-4.42869
35.442,-4.42862
35.443,-4.42855
35.444,-4.42847
35.445,-4.42838
35.446,-4.42829
35.447,-4.4282
35.448,-4.4281
35.449,-4.428
35.45,-4.4279
35.451,-4.42779
35.452,-4.42767
35.453,-4.42756
35.454,-4.42743
35.455,-4.42731
35.456,-4.42718
35.457,-4.42704
35.458,-4.42691
35.459,-4.42676
35.46,-4.42662
35.461,-4.42647
35.462,-4.42631
35.463,-4.42615
35.464,-4.42599
35.465,-4.42582
35.466,-4.42565
35.467,-4.42548
35.468,-4.4253
35.469,-4.42512
35.47,-4.42493
35.471,-4.42474
35.472,-4.42455
35.473,-4.42435
35.474,-4.42415
35.475,-4.42395
35.476,-4.42374
35.477,-4.42353
35.478,-4.42331
35.479,-4.42309
35.48,-4.42287
35.481,-4.42264
35.482,-4.42241
35.483,-4.42217
35.484,-4.42193
35.485,-4.42169
35.486,-4.42144
35.487,-4.4212
35.488,-4.42094
35.489,-4.42069
35.49,-4.42043
35.491,-4.42016
35.492,-4.41989
35.493,-4.41962
35.494,-4.41935
35.495,-4.41907
35.496,-4.41879
35.497,-4.4185
35.498,-4.41821
35.499,-4.41792
35.5,-4.41763
35.501,-4.41733
35.502,-4.41703
35.503,-4.41672
35.504,-4.41641
35.505,-4.4161
35.506,-4.41578
35.507,-4.41546
35.508,-4.41514
35.509,-4.41482
35.51,-4.41449
35.511,-4.41415
35.512,-4.41382
35.513,-4.41348
35.514,-4.41314
35.515,-4.41279
35.516,-4.41244
35.517,-4.41209
35.518,-4.41174
35.519,-4.41138
35.52,-4.41102
35.521,-4.41065
35.522,-4.41028
35.523,-4.40991
35.524,-4.40954
35.525,-4.40916
35.526,-4.40878
35.527,-4.4084
35.528,-4.40801
35.529,-4.40762
35.53,-4.40723
35.531,-4.40683
35.532,-4.40643
35.533,-4.40603
35.534,-4.40563
35.535,-4.40522
35.536,-4.40481
35.537,-4.40439
35.538,-4.40398
35.539,-4.40356
35.54,-4.40313
35.541,-4.40271
35.542,-4.40228
35.543,-4.40185
35.544,-4.40142
35.545,-4.40098
35.546,-4.40054
35.547,-4.4001
35.548,-4.39965
35.549,-4.3992
35.55,-4.39875
35.551,-4.3983
35.552,-4.39784
35.553,-4.39738
35.554,-4.39692
35.555,-4.39645
35.556,-4.39598
35.557,-4.39551
35.558,-4.39504
35.559,-4.39456
35.56,-4.39408
35.561,-4.3936
35.562,-4.39312
35.563,-4.39263
35.564,-4.39214
35.565,-4.39165
35.566,-4.39116
35.567,-4.39066
35.568,-4.39016
35.569,-4.38966
35.57,-4.38915
35.571,-4.38864
35.572,-4.38813
35.573,-4.38762
35.574,-4.3871
35.575,-4.38659
35.576,-4.38607
35.577,-4.38554
35.578,-4.38502
35.579,-4.38449
35.58,-4.38396
35.581,-4.38343
35.582,-4.38289
35.583,-4.38235
35.584,-4.38181
35.585,-4.38127
35.586,-4.38072
35.587,-4.38018
35.588,-4.37963
35.589,-4.37907
35.59,-4.37852
35.591,-4.37796
35.592,-4.3774
35.593,-4.37684
35.594,-4.37628
35.595,-4.37571
35.596,-4.37514
35.597,-4.37457
35.598,-4.374
35.599,-4.37342
35.6,-4.37284
35.601,-4.37226
35.602,-4.37168
35.603,-4.3711
35.604,-4.37051
35.605,-4.36992
35.606,-4.36933
35.607,-4.36873
35.608,-4.36814
35.609,-4.36754
35.61,-4.36694
35.611,-4.36634
35.612,-4.36573
35.613,-4.36513
35.614,-4.36452
35.615,-4.36391
35.616,-4.36329
35.617,-4.36268
35.618,-4.36206
35.619,-4.36144
35.62,-4.36082
35.621,-4.3602
35.622,-4.35957
35.623,-4.35894
35.624,-4.35831
35.625,-4.35768
35.626,-4.35705
35.627,-4.35641
35.628,-4.35577
35.629,-4.35513
35.63,-4.35449
35.631,-4.35385
35.632,-4.3532
35.633,-4.35255
35.634,-4.3519
35.635,-4.35125
35.636,-4.3506
35.637,-4.34994
35.638,-4.34928
35.639,-4.34863
35.64,-4.34796
35.641,-4.3473
35.642,-4.34664
35.643,-4.34597
35.644,-4.3453
35.645,-4.34463
35.646,-4.34396
35.647,-4.34328
35.648,-4.34261
35.649,-4.34193
35.65,-4.34125
35.651,-4.34057
35.652,-4.33988
35.653,-4.3392
35.654,-4.33851
35.655,-4.33782
35.656,-4.33713
35.657,-4.33644
35.658,-4.33574
35.659,-4.33505
35.66,-4.33435
35.661,-4.33365
35.662,-4.33295
35.663,-4.33224
35.664,-4.33154
35.665,-4.33083
35.666,-4.33013
35.667,-4.32942
35.668,-4.3287
35.669,-4.32799
35.67,-4.32728
35.671,-4.32656
35.672,-4.32584
35.673,-4.32512
35.674,-4.3244
35.675,-4.32368
35.676,-4.32295
35.677,-4.32223
35.678,-4.3215
35.679,-4.32077
35.68,-4.32004
35.681,-4.31931
35.682,-4.31857
35.683,-4.31784
35.684,-4.3171
35.685,-4.31636
35.686,-4.31562
35.687,-4.31488
35.688,-4.31414
35.689,-4.31339
35.69,-4.31264
35.691,-4.3119
35.692,-4.31115
35.693,-4.3104
35.694,-4.30964
35.695,-4.30889
35.696,-4.30813
35.697,-4.30738
35.698,-4.30662
35.699,-4.30586
35.7,-4.3051
35.701,-4.30434
35.702,-4.30357
35.703,-4.30281
35.704,-4.30204
35.705,-4.30127
35.706,-4.3005
35.707,-4.29973
35.708,-4.29896
35.709,-4.29819
35.71,-4.29741
35.711,-4.29663
35.712,-4.29586
35.713,-4.29508
35.714,-4.2943
35.715,-4.29352
35.716,-4.29273
35.717,-4.29195
35.718,-4.29116
35.719,-4.29037
35.72,-4.28959
35.721,-4.2888
35.722,-4.28801
35.723,-4.28721
35.724,-4.28642
35.725,-4.28563
35.726,-4.28483
35.727,-4.28403
35.728,-4.28323
35.729,-4.28243
35.73,-4.28163
35.731,-4.28083
35.732,-4.28003
35.733,-4.27922
35.734,-4.27842
35.735,-4.27761
35.736,-4.2768
35.737,-4.27599
35.738,-4.27518
35.739,-4.27437
35.74,-4.27356
35.741,-4.27274
35.742,-4.27193
35.743,-4.27111
35.744,-4.27029
35.745,-4.26947
35.746,-4.26865
35.747,-4.26783
35.748,-4.26701
35.749,-4.26619
35.75,-4.26536
35.751,-4.26454
35.752,-4.26371
35.753,-4.26288
35.754,-4.26205
35.755,-4.26122
35.756,-4.26039
35.757,-4.25956
35.758,-4.25873
35.759,-4.25789
35.76,-4.25706
35.761,-4.25622
35.762,-4.25538
35.763,-4.25455
35.764,-4.25371
35.765,-4.25287
35.766,-4.25202
35.767,-4.25118
35.768,-4.25034
35.769,-4.24949
35.77,-4.24865
35.771,-4.2478
35.772,-4.24696
35.773,-4.24611
35.774,-4.24526
35.775,-4.24441
35.776,-4.24356
35.777,-4.2427
35.778,-4.24185
35.779,-4.241
35.78,-4.24014
35.781,-4.23928
35.782,-4.23843
35.783,-4.23757
35.784,-4.23671
35.785,-4.23585
35.786,-4.23499
35.787,-4.23413
35.788,-4.23327
35.789,-4.2324
35.79,-4.23154
35.791,-4.23067
35.792,-4.22981
35.793,-4.22894
35.794,-4.22807
35.795,-4.22721
35.796,-4.22634
35.797,-4.22547
35.798,-4.22459
35.799,-4.22372
35.8,-4.22285
35.801,-4.22198
35.802,-4.2211
35.803,-4.22023
35.804,-4.21935
35.805,-4.21847
35.806,-4.2176
35.807,-4.21672
35.808,-4.21584
35.809,-4.21496
35.81,-4.21408
35.811,-4.21319
35.812,-4.21231
35.813,-4.21143
35.814,-4.21055
35.815,-4.20966
35.816,-4.20877
35.817,-4.20789
35.818,-4.207
35.819,-4.20611
35.82,-4.20523
35.821,-4.20434
35.822,-4.20345
35.823,-4.20256
35.824,-4.20166
35.825,-4.20077
35.826,-4.19988
35.827,-4.19899
35.828,-4.19809
35.829,-4.1972
35.83,-4.1963
35.831,-4.1954
35.832,-4.19451
35.833,-4.19361
35.834,-4.19271
35.835,-4.19181
35.836,-4.19091
35.837,-4.19001
35.838,-4.18911
35.839,-4.18821
35.84,-4.18731
35.841,-4.1864
35.842,-4.1855
35.843,-4.1846
35.844,-4.18369
35.845,-4.18279
35.846,-4.18188
35.847,-4.18097
35.848,-4.18006
35.849,-4.17916
35.85,-4.17825
35.851,-4.17734
35.852,-4.17643
35.853,-4.17552
35.854,-4.17461
35.855,-4.1737
35.856,-4.17278
35.857,-4.17187
35.858,-4.17096
35.859,-4.17004
35.86,-4.16913
35.861,-4.16821
35.862,-4.1673
35.863,-4.16638
35.864,-4.16547
35.865,-4.16455
35.866,-4.16363
35.867,-4.16271
35.868,-4.16179
35.869,-4.16088
35.87,-4.15996
35.871,-4.15903
35.872,-4.15811
35.873,-4.15719
35.874,-4.15627
35.875,-4.15535
35.876,-4.15443
35.877,-4.1535
35.878,-4.15258
35.879,-4.15165
35.88,-4.15073
35.881,-4.1498
35.882,-4.14888
35.883,-4.14795
35.884,-4.14702
35.885,-4.1461
35.886,-4.14517
35.887,-4.14424
35.888,-4.14331
35.889,-4.14238
35.89,-4.14145
35.891,-4.14052
35.892,-4.13959
35.893,-4.13866
35.894,-4.13773
35.895,-4.1368
35.896,-4.13587
35.897,-4.13494
35.898,-4.134
35.899,-4.13307
35.9,-4.13214
35.901,-4.1312
35.902,-4.13027
35.903,-4.12933
35.904,-4.1284
35.905,-4.12746
35.906,-4.12652
35.907,-4.12559
35.908,-4.12465
35.909,-4.12371
35.91,-4.12278
35.911,-4.12184
35.912,-4.1209
35.913,-4.11996
35.914,-4.11902
35.915,-4.11808
35.916,-4.11714
35.917,-4.1162
35.918,-4.11526
35.919,-4.11432
35.92,-4.11338
35.921,-4.11244
35.922,-4.11149
35.923,-4.11055
35.924,-4.10961
35.925,-4.10867
35.926,-4.10772
35.927,-4.10678
35.928,-4.10584
35.929,-4.10489
35.93,-4.10395
35.931,-4.103
35.932,-4.10206
35.933,-4.10111
35.934,-4.10017
35.935,-4.09922
35.936,-4.09827
35.937,-4.09733
35.938,-4.09638
35.939,-4.09543
35.94,-4.09448
35.941,-4.09354
35.942,-4.09259
35.943,-4.09164
35.944,-4.09069
35.945,-4.08974
35.946,-4.08879
35.947,-4.08784
35.948,-4.08689
35.949,-4.08595
35.95,-4.08499
35.951,-4.08404
35.952,-4.08309
35.953,-4.08214
35.954,-4.08119
35.955,-4.08024
35.956,-4.07929
35.957,-4.07834
35.958,-4.07739
35.959,-4.07643
35.96,-4.07548
35.961,-4.07453
35.962,-4.07357
35.963,-4.07262
35.964,-4.07167
35.965,-4.07072
35.966,-4.06976
35.967,-4.06881
35.968,-4.06785
35.969,-4.0669
35.97,-4.06594
35.971,-4.06499
35.972,-4.06403
35.973,-4.06308
35.974,-4.06212
35.975,-4.06117
35.976,-4.06021
35.977,-4.05926
35.978,-4.0583
35.979,-4.05735
35.98,-4.05639
35.981,-4.05543
35.982,-4.05448
35.983,-4.05352
35.984,-4.05256
35.985,-4.05161
35.986,-4.05065
35.987,-4.04969
35.988,-4.04873
35.989,-4.04778
35.99,-4.04682
35.991,-4.04586
35.992,-4.0449
35.993,-4.04394
35.994,-4.04299
35.995,-4.04203
35.996,-4.04107
35.997,-4.04011
35.998,-4.03915
35.999,-4.03819
36,-4.03723
36.001,-4.03627
36.002,-4.03531
36.003,-4.03436
36.004,-4.0334
36.005,-4.03244
36.006,-4.03148
36.007,-4.03052
36.008,-4.02956
36.009,-4.0286
36.01,-4.02764
36.011,-4.02668
36.012,-4.02572
36.013,-4.02476
36.014,-4.0238
36.015,-4.02283
36.016,-4.02187
36.017,-4.02091
36.018,-4.01995
36.019,-4.01899
36.02,-4.01803
36.021,-4.01707
36.022,-4.01611
36.023,-4.01515
36.024,-4.01419
36.025,-4.01323
36.026,-4.01227
36.027,-4.0113
36.028,-4.01034
36.029,-4.00938
36.03,-4.00842
36.031,-4.00746
36.032,-4.0065
36.033,-4.00554
36.034,-4.00457
36.035,-4.00361
36.036,-4.00265
36.037,-4.00169
36.038,-4.00073
36.039,-3.99977
36.04,-3.9988
36.041,-3.99784
36.042,-3.99688
36.043,-3.99592
36.044,-3.99496
36.045,-3.994
36.046,-3.99303
36.047,-3.99207
36.048,-3.99111
36.049,-3.99015
36.05,-3.98919
36.051,-3.98822
36.052,-3.98726
36.053,-3.9863
36.054,-3.98534
36.055,-3.98438
36.056,-3.98342
36.057,-3.98245
36.058,-3.98149
36.059,-3.98053
36.06,-3.97957
36.061,-3.97861
36.062,-3.97765
36.063,-3.97668
36.064,-3.97572
36.065,-3.97476
36.066,-3.9738
36.067,-3.97284
36.068,-3.97188
36.069,-3.97091
36.07,-3.96995
36.071,-3.96899
36.072,-3.96803
36.073,-3.96707
36.074,-3.96611
36.075,-3.96515
36.076,-3.96418
36.077,-3.96322
36.078,-3.96226
36.079,-3.9613
36.08,-3.96034
36.081,-3.95938
36.082,-3.95842
36.083,-3.95746
36.084,-3.9565
36.085,-3.95554
36.086,-3.95458
36.087,-3.95362
36.088,-3.95266
36.089,-3.95169
36.09,-3.95073
36.091,-3.94977
36.092,-3.94881
36.093,-3.94785
36.094,-3.94689
36.095,-3.94593
36.096,-3.94497
36.097,-3.94401
36.098,-3.94305
36.099,-3.9421
36.1,-3.94114
36.101,-3.94018
36.102,-3.93922
36.103,-3.93826
36.104,-3.9373
36.105,-3.93634
36.106,-3.93538
36.107,-3.93442
36.108,-3.93346
36.109,-3.9325
36.11,-3.93155
36.111,-3.93059
36.112,-3.92963
36.113,-3.92867
36.114,-3.92771
36.115,-3.92676
36.116,-3.9258
36.117,-3.92484
36.118,-3.92388
36.119,-3.92292
36.12,-3.92197
36.121,-3.92101
36.122,-3.92005
36.123,-3.9191
36.124,-3.91814
36.125,-3.91718
36.126,-3.91623
36.127,-3.91527
36.128,-3.91431
36.129,-3.91336
36.13,-3.9124
36.131,-3.91145
36.132,-3.91049
36.133,-3.90953
36.134,-3.90858
36.135,-3.90762
36.136,-3.90667
36.137,-3.90571
36.138,-3.90476
36.139,-3.9038
36.14,-3.90285
36.141,-3.90189
36.142,-3.90094
36.143,-3.89999
36.144,-3.89903
36.145,-3.89808
36.146,-3.89712
36.147,-3.89617
36.148,-3.89522
36.149,-3.89427
36.15,-3.89331
36.151,-3.89236
36.152,-3.89141
36.153,-3.89045
36.154,-3.8895
36.155,-3.88855
36.156,-3.8876
36.157,-3.88665
36.158,-3.88569
36.159,-3.88474
36.16,-3.88379
36.161,-3.88284
36.162,-3.88189
36.163,-3.88094
36.164,-3.87999
36.165,-3.87904
36.166,-3.87809
36.167,-3.87714
36.168,-3.87619
36.169,-3.87524
36.17,-3.87429
36.171,-3.87334
36.172,-3.87239
36.173,-3.87144
36.174,-3.87049
36.175,-3.86955
36.176,-3.8686
36.177,-3.86765
36.178,-3.8667
36.179,-3.86575
36.18,-3.86481
36.181,-3.86386
36.182,-3.86291
36.183,-3.86197
36.184,-3.86102
36.185,-3.86007
36.186,-3.85913
36.187,-3.85818
36.188,-3.85724
36.189,-3.85629
36.19,-3.85535
36.191,-3.8544
36.192,-3.85346
36.193,-3.85251
36.194,-3.85157
36.195,-3.85062
36.196,-3.84968
36.197,-3.84873
36.198,-3.84779
36.199,-3.84685
36.2,-3.8459
36.201,-3.84496
36.202,-3.84402
36.203,-3.84308
36.204,-3.84214
36.205,-3.84119
36.206,-3.84025
36.207,-3.83931
36.208,-3.83837
36.209,-3.83743
36.21,-3.83649
36.211,-3.83555
36.212,-3.83461
36.213,-3.83367
36.214,-3.83273
36.215,-3.83179
36.216,-3.83085
36.217,-3.82991
36.218,-3.82897
36.219,-3.82803
36.22,-3.82709
36.221,-3.82616
36.222,-3.82522
36.223,-3.82428
36.224,-3.82334
36.225,-3.82241
36.226,-3.82147
36.227,-3.82053
36.228,-3.8196
36.229,-3.81866
36.23,-3.81773
36.231,-3.81679
36.232,-3.81586
36.233,-3.81492
36.234,-3.81399
36.235,-3.81305
36.236,-3.81212
36.237,-3.81118
36.238,-3.81025
36.239,-3.80932
36.24,-3.80838
36.241,-3.80745
36.242,-3.80652
36.243,-3.80559
36.244,-3.80465
36.245,-3.80372
36.246,-3.80279
36.247,-3.80186
36.248,-3.80093
36.249,-3.8
36.25,-3.79907
36.251,-3.79814
36.252,-3.79721
36.253,-3.79628
36.254,-3.79535
36.255,-3.79442
36.256,-3.79349
36.257,-3.79256
36.258,-3.79164
36.259,-3.79071
36.26,-3.78978
36.261,-3.78885
36.262,-3.78793
36.263,-3.787
36.264,-3.78607
36.265,-3.78515
36.266,-3.78422
36.267,-3.7833
36.268,-3.78237
36.269,-3.78145
36.27,-3.78052
36.271,-3.7796
36.272,-3.77867
36.273,-3.77775
36.274,-3.77683
36.275,-3.7759
36.276,-3.77498
36.277,-3.77406
36.278,-3.77314
36.279,-3.77221
36.28,-3.77129
36.281,-3.77037
36.282,-3.76945
36.283,-3.76853
36.284,-3.76761
36.285,-3.76669
36.286,-3.76577
36.287,-3.76485
36.288,-3.76393
36.289,-3.76301
36.29,-3.76209
36.291,-3.76118
36.292,-3.76026
36.293,-3.75934
36.294,-3.75842
36.295,-3.75751
36.296,-3.75659
36.297,-3.75567
36.298,-3.75476
36.299,-3.75384
36.3,-3.75293
36.301,-3.75201
36.302,-3.7511
36.303,-3.75018
36.304,-3.74927
36.305,-3.74836
36.306,-3.74744
36.307,-3.74653
36.308,-3.74562
36.309,-3.7447
36.31,-3.74379
36.311,-3.74288
36.312,-3.74197
36.313,-3.74106
36.314,-3.74015
36.315,-3.73924
36.316,-3.73833
36.317,-3.73742
36.318,-3.73651
36.319,-3.7356
36.32,-3.73469
36.321,-3.73378
36.322,-3.73287
36.323,-3.73196
36.324,-3.73106
36.325,-3.73015
36.326,-3.72924
36.327,-3.72834
36.328,-3.72743
36.329,-3.72652
36.33,-3.72562
36.331,-3.72471
36.332,-3.72381
36.333,-3.7229
36.334,-3.722
36.335,-3.7211
36.336,-3.72019
36.337,-3.71929
36.338,-3.71839
36.339,-3.71748
36.34,-3.71658
36.341,-3.71568
36.342,-3.71478
36.343,-3.71388
36.344,-3.71298
36.345,-3.71208
36.346,-3.71118
36.347,-3.71028
36.348,-3.70938
36.349,-3.70848
36.35,-3.70758
36.351,-3.70668
36.352,-3.70578
36.353,-3.70489
36.354,-3.70399
36.355,-3.70309
36.356,-3.7022
36.357,-3.7013
36.358,-3.7004
36.359,-3.69951
36.36,-3.69861
36.361,-3.69772
36.362,-3.69682
36.363,-3.69593
36.364,-3.69504
36.365,-3.69414
36.366,-3.69325
36.367,-3.69236
36.368,-3.69146
36.369,-3.69057
36.37,-3.68968
36.371,-3.68879
36.372,-3.6879
36.373,-3.68701
36.374,-3.68612
36.375,-3.68523
36.376,-3.68434
36.377,-3.68345
36.378,-3.68256
36.379,-3.68167
36.38,-3.68079
36.381,-3.6799
36.382,-3.67901
36.383,-3.67812
36.384,-3.67724
36.385,-3.67635
36.386,-3.67547
36.387,-3.67458
36.388,-3.6737
36.389,-3.67281
36.39,-3.67193
36.391,-3.67104
36.392,-3.67016
36.393,-3.66928
36.394,-3.66839
36.395,-3.66751
36.396,-3.66663
36.397,-3.66575
36.398,-3.66487
36.399,-3.66398
36.4,-3.6631
36.401,-3.66222
36.402,-3.66134
36.403,-3.66046
36.404,-3.65959
36.405,-3.65871
36.406,-3.65783
36.407,-3.65695
36.408,-3.65607
36.409,-3.6552
36.41,-3.65432
36.411,-3.65344
36.412,-3.65257
36.413,-3.65169
36.414,-3.65082
36.415,-3.64994
36.416,-3.64907
36.417,-3.64819
36.418,-3.64732
36.419,-3.64645
36.42,-3.64557
36.421,-3.6447
36.422,-3.64383
36.423,-3.64296
36.424,-3.64208
36.425,-3.64121
36.426,-3.64034
36.427,-3.63947
36.428,-3.6386
36.429,-3.63773
36.43,-3.63686
36.431,-3.63599
36.432,-3.63513
36.433,-3.63426
36.434,-3.63339
36.435,-3.63252
36.436,-3.63166
36.437,-3.63079
36.438,-3.62992
36.439,-3.62906
36.44,-3.62819
36.441,-3.62733
36.442,-3.62646
36.443,-3.6256
36.444,-3.62473
36.445,-3.62387
36.446,-3.62301
36.447,-3.62215
36.448,-3.62128
36.449,-3.62042
36.45,-3.61956
36.451,-3.6187
36.452,-3.61784
36.453,-3.61698
36.454,-3.61612
36.455,-3.61526
36.456,-3.6144
36.457,-3.61354
36.458,-3.61268
36.459,-3.61182
36.46,-3.61097
36.461,-3.61011
36.462,-3.60925
36.463,-3.6084
36.464,-3.60754
36.465,-3.60669
36.466,-3.60583
36.467,-3.60498
36.468,-3.60412
36.469,-3.60327
36.47,-3.60241
36.471,-3.60156
36.472,-3.60071
36.473,-3.59986
36.474,-3.599
36.475,-3.59815
36.476,-3.5973
36.477,-3.59645
36.478,-3.5956
36.479,-3.59475
36.48,-3.5939
36.481,-3.59305
36.482,-3.5922
36.483,-3.59135
36.484,-3.5905
36.485,-3.58966
36.486,-3.58881
36.487,-3.58796
36.488,-3.58712
36.489,-3.58627
36.49,-3.58543
36.491,-3.58458
36.492,-3.58374
36.493,-3.58289
36.494,-3.58205
36.495,-3.5812
36.496,-3.58036
36.497,-3.57952
36.498,-3.57867
36.499,-3.57783
36.5,-3.57699
36.501,-3.57615
36.502,-3.57531
36.503,-3.57447
36.504,-3.57363
36.505,-3.57279
36.506,-3.57195
36.507,-3.57111
36.508,-3.57027
36.509,-3.56944
36.51,-3.5686
36.511,-3.56776
36.512,-3.56692
36.513,-3.56609
36.514,-3.56525
36.515,-3.56442
36.516,-3.56358
36.517,-3.56275
36.518,-3.56191
36.519,-3.56108
36.52,-3.56024
36.521,-3.55941
36.522,-3.55858
36.523,-3.55775
36.524,-3.55691
36.525,-3.55608
36.526,-3.55525
36.527,-3.55442
36.528,-3.55359
36.529,-3.55276
36.53,-3.55193
36.531,-3.5511
36.532,-3.55027
36.533,-3.54945
36.534,-3.54862
36.535,-3.54779
36.536,-3.54696
36.537,-3.54614
36.538,-3.54531
36.539,-3.54449
36.54,-3.54366
36.541,-3.54284
36.542,-3.54201
36.543,-3.54119
36.544,-3.54036
36.545,-3.53954
36.546,-3.53872
36.547,-3.53789
36.548,-3.53707
36.549,-3.53625
36.55,-3.53543
36.551,-3.53461
36.552,-3.53379
36.553,-3.53297
36.554,-3.53215
36.555,-3.53133
36.556,-3.53051
36.557,-3.52969
36.558,-3.52888
36.559,-3.52806
36.56,-3.52724
36.561,-3.52642
36.562,-3.52561
36.563,-3.52479
36.564,-3.52398
36.565,-3.52316
36.566,-3.52235
36.567,-3.52153
36.568,-3.52072
36.569,-3.51991
36.57,-3.51909
36.571,-3.51828
36.572,-3.51747
36.573,-3.51666
36.574,-3.51584
36.575,-3.51503
36.576,-3.51422
36.577,-3.51341
36.578,-3.5126
36.579,-3.51179
36.58,-3.51099
36.581,-3.51018
36.582,-3.50937
36.583,-3.50856
36.584,-3.50775
36.585,-3.50695
36.586,-3.50614
36.587,-3.50534
36.588,-3.50453
36.589,-3.50373
36.59,-3.50292
36.591,-3.50212
36.592,-3.50131
36.593,-3.50051
36.594,-3.49971
36.595,-3.4989
36.596,-3.4981
36.597,-3.4973
36.598,-3.4965
36.599,-3.4957
36.6,-3.4949
36.601,-3.4941
36.602,-3.4933
36.603,-3.4925
36.604,-3.4917
36.605,-3.4909
36.606,-3.4901
36.607,-3.4893
36.608,-3.48851
36.609,-3.48771
36.61,-3.48691
36.611,-3.48612
36.612,-3.48532
36.613,-3.48453
36.614,-3.48373
36.615,-3.48294
36.616,-3.48215
36.617,-3.48135
36.618,-3.48056
36.619,-3.47977
36.62,-3.47897
36.621,-3.47818
36.622,-3.47739
36.623,-3.4766
36.624,-3.47581
36.625,-3.47502
36.626,-3.47423
36.627,-3.47344
36.628,-3.47265
36.629,-3.47186
36.63,-3.47108
36.631,-3.47029
36.632,-3.4695
36.633,-3.46871
36.634,-3.46793
36.635,-3.46714
36.636,-3.46636
36.637,-3.46557
36.638,-3.46479
36.639,-3.464
36.64,-3.46322
36.641,-3.46244
36.642,-3.46165
36.643,-3.46087
36.644,-3.46009
36.645,-3.45931
36.646,-3.45852
36.647,-3.45774
36.648,-3.45696
36.649,-3.45618
36.65,-3.4554
36.651,-3.45462
36.652,-3.45385
36.653,-3.45307
36.654,-3.45229
36.655,-3.45151
36.656,-3.45073
36.657,-3.44996
36.658,-3.44918
36.659,-3.44841
36.66,-3.44763
36.661,-3.44686
36.662,-3.44608
36.663,-3.44531
36.664,-3.44453
36.665,-3.44376
36.666,-3.44299
36.667,-3.44221
36.668,-3.44144
36.669,-3.44067
36.67,-3.4399
36.671,-3.43913
36.672,-3.43836
36.673,-3.43759
36.674,-3.43682
36.675,-3.43605
36.676,-3.43528
36.677,-3.43451
36.678,-3.43374
36.679,-3.43298
36.68,-3.43221
36.681,-3.43144
36.682,-3.43068
36.683,-3.42991
36.684,-3.42915
36.685,-3.42838
36.686,-3.42762
36.687,-3.42685
36.688,-3.42609
36.689,-3.42532
36.69,-3.42456
36.691,-3.4238
36.692,-3.42304
36.693,-3.42228
36.694,-3.42151
36.695,-3.42075
36.696,-3.41999
36.697,-3.41923
36.698,-3.41847
36.699,-3.41771
36.7,-3.41696
36.701,-3.4162
36.702,-3.41544
36.703,-3.41468
36.704,-3.41393
36.705,-3.41317
36.706,-3.41241
36.707,-3.41166
36.708,-3.4109
36.709,-3.41015
36.71,-3.40939
36.711,-3.40864
36.712,-3.40788
36.713,-3.40713
36.714,-3.40638
36.715,-3.40563
36.716,-3.40487
36.717,-3.40412
36.718,-3.40337
36.719,-3.40262
36.72,-3.40187
36.721,-3.40112
36.722,-3.40037
36.723,-3.39962
36.724,-3.39887
36.725,-3.39812
36.726,-3.39738
36.727,-3.39663
36.728,-3.39588
36.729,-3.39513
36.73,-3.39439
36.731,-3.39364
36.732,-3.3929
36.733,-3.39215
36.734,-3.39141
36.735,-3.39066
36.736,-3.38992
36.737,-3.38918
36.738,-3.38843
36.739,-3.38769
36.74,-3.38695
36.741,-3.38621
36.742,-3.38547
36.743,-3.38473
36.744,-3.38399
36.745,-3.38325
36.746,-3.38251
36.747,-3.38177
36.748,-3.38103
36.749,-3.38029
36.75,-3.37955
36.751,-3.37881
36.752,-3.37808
36.753,-3.37734
36.754,-3.3766
36.755,-3.37587
36.756,-3.37513
36.757,-3.3744
36.758,-3.37366
36.759,-3.37293
36.76,-3.3722
36.761,-3.37146
36.762,-3.37073
36.763,-3.37
36.764,-3.36926
36.765,-3.36853
36.766,-3.3678
36.767,-3.36707
36.768,-3.36634
36.769,-3.36561
36.77,-3.36488
36.771,-3.36415
36.772,-3.36342
36.773,-3.36269
36.774,-3.36197
36.775,-3.36124
36.776,-3.36051
36.777,-3.35978
36.778,-3.35906
36.779,-3.35833
36.78,-3.35761
36.781,-3.35688
36.782,-3.35616
36.783,-3.35543
36.784,-3.35471
36.785,-3.35399
36.786,-3.35326
36.787,-3.35254
36.788,-3.35182
36.789,-3.3511
36.79,-3.35038
36.791,-3.34965
36.792,-3.34893
36.793,-3.34821
36.794,-3.34749
36.795,-3.34677
36.796,-3.34606
36.797,-3.34534
36.798,-3.34462
36.799,-3.3439
36.8,-3.34318
36.801,-3.34247
36.802,-3.34175
36.803,-3.34104
36.804,-3.34032
36.805,-3.3396
36.806,-3.33889
36.807,-3.33818
36.808,-3.33746
36.809,-3.33675
36.81,-3.33603
36.811,-3.33532
36.812,-3.33461
36.813,-3.3339
36.814,-3.33319
36.815,-3.33247
36.816,-3.33176
36.817,-3.33105
36.818,-3.33034
36.819,-3.32963
36.82,-3.32893
36.821,-3.32822
36.822,-3.32751
36.823,-3.3268
36.824,-3.32609
36.825,-3.32539
36.826,-3.32468
36.827,-3.32397
36.828,-3.32327
36.829,-3.32256
36.83,-3.32186
36.831,-3.32115
36.832,-3.32045
36.833,-3.31975
36.834,-3.31904
36.835,-3.31834
36.836,-3.31764
36.837,-3.31693
36.838,-3.31623
36.839,-3.31553
36.84,-3.31483
36.841,-3.31413
36.842,-3.31343
36.843,-3.31273
36.844,-3.31203
36.845,-3.31133
36.846,-3.31063
36.847,-3.30994
36.848,-3.30924
36.849,-3.30854
36.85,-3.30784
36.851,-3.30715
36.852,-3.30645
36.853,-3.30576
36.854,-3.30506
36.855,-3.30437
36.856,-3.30367
36.857,-3.30298
36.858,-3.30228
36.859,-3.30159
36.86,-3.3009
36.861,-3.30021
36.862,-3.29951
36.863,-3.29882
36.864,-3.29813
36.865,-3.29744
36.866,-3.29675
36.867,-3.29606
36.868,-3.29537
36.869,-3.29468
36.87,-3.29399
36.871,-3.2933
36.872,-3.29262
36.873,-3.29193
36.874,-3.29124
36.875,-3.29055
36.876,-3.28987
36.877,-3.28918
36.878,-3.2885
36.879,-3.28781
36.88,-3.28713
36.881,-3.28644
36.882,-3.28576
36.883,-3.28508
36.884,-3.28439
36.885,-3.28371
36.886,-3.28303
36.887,-3.28235
36.888,-3.28166
36.889,-3.28098
36.89,-3.2803
36.891,-3.27962
36.892,-3.27894
36.893,-3.27826
36.894,-3.27758
36.895,-3.2769
36.896,-3.27623
36.897,-3.27555
36.898,-3.27487
36.899,-3.27419
36.9,-3.27352
36.901,-3.27284
36.902,-3.27216
36.903,-3.27149
36.904,-3.27081
36.905,-3.27014
36.906,-3.26946
36.907,-3.26879
36.908,-3.26812
36.909,-3.26744
36.91,-3.26677
36.911,-3.2661
36.912,-3.26543
36.913,-3.26476
36.914,-3.26408
36.915,-3.26341
36.916,-3.26274
36.917,-3.26207
36.918,-3.2614
36.919,-3.26073
36.92,-3.26007
36.921,-3.2594
36.922,-3.25873
36.923,-3.25806
36.924,-3.25739
36.925,-3.25673
36.926,-3.25606
36.927,-3.2554
36.928,-3.25473
36.929,-3.25406
36.93,-3.2534
36.931,-3.25274
36.932,-3.25207
36.933,-3.25141
36.934,-3.25074
36.935,-3.25008
36.936,-3.24942
36.937,-3.24876
36.938,-3.2481
36.939,-3.24743
36.94,-3.24677
36.941,-3.24611
36.942,-3.24545
36.943,-3.24479
36.944,-3.24413
36.945,-3.24347
36.946,-3.24282
36.947,-3.24216
36.948,-3.2415
36.949,-3.24084
36.95,-3.24019
36.951,-3.23953
36.952,-3.23887
36.953,-3.23822
36.954,-3.23756
36.955,-3.23691
36.956,-3.23625
36.957,-3.2356
36.958,-3.23494
36.959,-3.23429
36.96,-3.23364
36.961,-3.23298
36.962,-3.23233
36.963,-3.23168
36.964,-3.23103
36.965,-3.23038
36.966,-3.22973
36.967,-3.22908
36.968,-3.22843
36.969,-3.22778
36.97,-3.22713
36.971,-3.22648
36.972,-3.22583
36.973,-3.22518
36.974,-3.22454
36.975,-3.22389
36.976,-3.22324
36.977,-3.22259
36.978,-3.22195
36.979,-3.2213
36.98,-3.22066
36.981,-3.22001
36.982,-3.21937
36.983,-3.21872
36.984,-3.21808
36.985,-3.21744
36.986,-3.21679
36.987,-3.21615
36.988,-3.21551
36.989,-3.21487
36.99,-3.21423
36.991,-3.21358
36.992,-3.21294
36.993,-3.2123
36.994,-3.21166
36.995,-3.21102
36.996,-3.21039
36.997,-3.20975
36.998,-3.20911
36.999,-3.20847
37,-3.20783
37.001,-3.2072
37.002,-3.20656
37.003,-3.20592
37.004,-3.20529
37.005,-3.20465
37.006,-3.20402
37.007,-3.20338
37.008,-3.20275
37.009,-3.20211
37.01,-3.20148
37.011,-3.20084
37.012,-3.20021
37.013,-3.19958
37.014,-3.19895
37.015,-3.19831
37.016,-3.19768
37.017,-3.19705
37.018,-3.19642
37.019,-3.19579
37.02,-3.19516
37.021,-3.19453
37.022,-3.1939
37.023,-3.19327
37.024,-3.19265
37.025,-3.19202
37.026,-3.19139
37.027,-3.19076
37.028,-3.19014
37.029,-3.18951
37.03,-3.18888
37.031,-3.18826
37.032,-3.18763
37.033,-3.18701
37.034,-3.18638
37.035,-3.18576
37.036,-3.18513
37.037,-3.18451
37.038,-3.18389
37.039,-3.18326
37.04,-3.18264
37.041,-3.18202
37.042,-3.1814
37.043,-3.18078
37.044,-3.18016
37.045,-3.17954
37.046,-3.17891
37.047,-3.1783
37.048,-3.17768
37.049,-3.17706
37.05,-3.17644
37.051,-3.17582
37.052,-3.1752
37.053,-3.17458
37.054,-3.17397
37.055,-3.17335
37.056,-3.17273
37.057,-3.17212
37.058,-3.1715
37.059,-3.17089
37.06,-3.17027
37.061,-3.16966
37.062,-3.16904
37.063,-3.16843
37.064,-3.16782
37.065,-3.1672
37.066,-3.16659
37.067,-3.16598
37.068,-3.16537
37.069,-3.16475
37.07,-3.16414
37.071,-3.16353
37.072,-3.16292
37.073,-3.16231
37.074,-3.1617
37.075,-3.16109
37.076,-3.16048
37.077,-3.15988
37.078,-3.15927
37.079,-3.15866
37.08,-3.15805
37.081,-3.15745
37.082,-3.15684
37.083,-3.15623
37.084,-3.15563
37.085,-3.15502
37.086,-3.15442
37.087,-3.15381
37.088,-3.15321
37.089,-3.1526
37.09,-3.152
37.091,-3.15139
37.092,-3.15079
37.093,-3.15019
37.094,-3.14959
37.095,-3.14898
37.096,-3.14838
37.097,-3.14778
37.098,-3.14718
37.099,-3.14658
37.1,-3.14598
37.101,-3.14538
37.102,-3.14478
37.103,-3.14418
37.104,-3.14358
37.105,-3.14299
37.106,-3.14239
37.107,-3.14179
37.108,-3.14119
37.109,-3.1406
37.11,-3.14
37.111,-3.1394
37.112,-3.13881
37.113,-3.13821
37.114,-3.13762
37.115,-3.13702
37.116,-3.13643
37.117,-3.13583
37.118,-3.13524
37.119,-3.13465
37.12,-3.13405
37.121,-3.13346
37.122,-3.13287
37.123,-3.13228
37.124,-3.13169
37.125,-3.1311
37.126,-3.1305
37.127,-3.12991
37.128,-3.12932
37.129,-3.12874
37.13,-3.12815
37.131,-3.12756
37.132,-3.12697
37.133,-3.12638
37.134,-3.12579
37.135,-3.12521
37.136,-3.12462
37.137,-3.12403
37.138,-3.12345
37.139,-3.12286
37.14,-3.12227
37.141,-3.12169
37.142,-3.1211
37.143,-3.12052
37.144,-3.11993
37.145,-3.11935
37.146,-3.11877
37.147,-3.11818
37.148,-3.1176
37.149,-3.11702
37.15,-3.11644
37.151,-3.11586
37.152,-3.11527
37.153,-3.11469
37.154,-3.11411
37.155,-3.11353
37.156,-3.11295
37.157,-3.11237
37.158,-3.11179
37.159,-3.11121
37.16,-3.11064
37.161,-3.11006
37.162,-3.10948
37.163,-3.1089
37.164,-3.10833
37.165,-3.10775
37.166,-3.10717
37.167,-3.1066
37.168,-3.10602
37.169,-3.10545
37.17,-3.10487
37.171,-3.1043
37.172,-3.10372
37.173,-3.10315
37.174,-3.10257
37.175,-3.102
37.176,-3.10143
37.177,-3.10086
37.178,-3.10028
37.179,-3.09971
37.18,-3.09914
37.181,-3.09857
37.182,-3.098
37.183,-3.09743
37.184,-3.09686
37.185,-3.09629
37.186,-3.09572
37.187,-3.09515
37.188,-3.09458
37.189,-3.09401
37.19,-3.09345
37.191,-3.09288
37.192,-3.09231
37.193,-3.09174
37.194,-3.09118
37.195,-3.09061
37.196,-3.09005
37.197,-3.08948
37.198,-3.08892
37.199,-3.08835
37.2,-3.08779
37.201,-3.08722
37.202,-3.08666
37.203,-3.08609
37.204,-3.08553
37.205,-3.08497
37.206,-3.08441
37.207,-3.08384
37.208,-3.08328
37.209,-3.08272
37.21,-3.08216
37.211,-3.0816
37.212,-3.08104
37.213,-3.08048
37.214,-3.07992
37.215,-3.07936
37.216,-3.0788
37.217,-3.07824
37.218,-3.07769
37.219,-3.07713
37.22,-3.07657
37.221,-3.07601
37.222,-3.07546
37.223,-3.0749
37.224,-3.07434
37.225,-3.07379
37.226,-3.07323
37.227,-3.07268
37.228,-3.07212
37.229,-3.07157
37.23,-3.07101
37.231,-3.07046
37.232,-3.06991
37.233,-3.06935
37.234,-3.0688
37.235,-3.06825
37.236,-3.0677
37.237,-3.06714
37.238,-3.06659
37.239,-3.06604
37.24,-3.06549
37.241,-3.06494
37.242,-3.06439
37.243,-3.06384
37.244,-3.06329
37.245,-3.06274
37.246,-3.06219
37.247,-3.06165
37.248,-3.0611
37.249,-3.06055
37.25,-3.06
37.251,-3.05946
37.252,-3.05891
37.253,-3.05836
37.254,-3.05782
37.255,-3.05727
37.256,-3.05673
37.257,-3.05618
37.258,-3.05564
37.259,-3.05509
37.26,-3.05455
37.261,-3.05401
37.262,-3.05346
37.263,-3.05292
37.264,-3.05238
37.265,-3.05183
37.266,-3.05129
37.267,-3.05075
37.268,-3.05021
37.269,-3.04967
37.27,-3.04913
37.271,-3.04859
37.272,-3.04805
37.273,-3.04751
37.274,-3.04697
37.275,-3.04643
37.276,-3.04589
37.277,-3.04535
37.278,-3.04482
37.279,-3.04428
37.28,-3.04374
37.281,-3.0432
37.282,-3.04267
37.283,-3.04213
37.284,-3.0416
37.285,-3.04106
37.286,-3.04053
37.287,-3.03999
37.288,-3.03946
37.289,-3.03892
37.29,-3.03839
37.291,-3.03785
37.292,-3.03732
37.293,-3.03679
37.294,-3.03626
37.295,-3.03572
37.296,-3.03519
37.297,-3.03466
37.298,-3.03413
37.299,-3.0336
37.3,-3.03307
37.301,-3.03254
37.302,-3.03201
37.303,-3.03148
37.304,-3.03095
37.305,-3.03042
37.306,-3.02989
37.307,-3.02936
37.308,-3.02883
37.309,-3.02831
37.31,-3.02778
37.311,-3.02725
37.312,-3.02673
37.313,-3.0262
37.314,-3.02567
37.315,-3.02515
37.316,-3.02462
37.317,-3.0241
37.318,-3.02357
37.319,-3.02305
37.32,-3.02252
37.321,-3.022
37.322,-3.02148
37.323,-3.02095
37.324,-3.02043
37.325,-3.01991
37.326,-3.01939
37.327,-3.01886
37.328,-3.01834
37.329,-3.01782
37.33,-3.0173
37.331,-3.01678
37.332,-3.01626
37.333,-3.01574
37.334,-3.01522
37.335,-3.0147
37.336,-3.01418
37.337,-3.01367
37.338,-3.01315
37.339,-3.01263
37.34,-3.01211
37.341,-3.01159
37.342,-3.01108
37.343,-3.01056
37.344,-3.01004
37.345,-3.00953
37.346,-3.00901
37.347,-3.0085
37.348,-3.00798
37.349,-3.00747
37.35,-3.00695
37.351,-3.00644
37.352,-3.00593
37.353,-3.00541
37.354,-3.0049
37.355,-3.00439
37.356,-3.00387
37.357,-3.00336
37.358,-3.00285
37.359,-3.00234
37.36,-3.00183
37.361,-3.00132
37.362,-3.00081
37.363,-3.0003
37.364,-2.99979
37.365,-2.99928
37.366,-2.99877
37.367,-2.99826
37.368,-2.99775
37.369,-2.99724
37.37,-2.99673
37.371,-2.99623
37.372,-2.99572
37.373,-2.99521
37.374,-2.9947
37.375,-2.9942
37.376,-2.99369
37.377,-2.99319
37.378,-2.99268
37.379,-2.99217
37.38,-2.99167
37.381,-2.99117
37.382,-2.99066
37.383,-2.99016
37.384,-2.98965
37.385,-2.98915
37.386,-2.98865
37.387,-2.98814
37.388,-2.98764
37.389,-2.98714
37.39,-2.98664
37.391,-2.98614
37.392,-2.98564
37.393,-2.98514
37.394,-2.98464
37.395,-2.98413
37.396,-2.98364
37.397,-2.98314
37.398,-2.98264
37.399,-2.98214
37.4,-2.98164
37.401,-2.98114
37.402,-2.98064
37.403,-2.98014
37.404,-2.97965
37.405,-2.97915
37.406,-2.97865
37.407,-2.97816
37.408,-2.97766
37.409,-2.97717
37.41,-2.97667
37.411,-2.97617
37.412,-2.97568
37.413,-2.97519
37.414,-2.97469
37.415,-2.9742
37.416,-2.9737
37.417,-2.97321
37.418,-2.97272
37.419,-2.97222
37.42,-2.97173
37.421,-2.97124
37.422,-2.97075
37.423,-2.97026
37.424,-2.96977
37.425,-2.96927
37.426,-2.96878
37.427,-2.96829
37.428,-2.9678
37.429,-2.96731
37.43,-2.96682
37.431,-2.96634
37.432,-2.96585
37.433,-2.96536
37.434,-2.96487
37.435,-2.96438
37.436,-2.96389
37.437,-2.96341
37.438,-2.96292
37.439,-2.96243
37.44,-2.96195
37.441,-2.96146
37.442,-2.96098
37.443,-2.96049
37.444,-2.96001
37.445,-2.95952
37.446,-2.95904
37.447,-2.95855
37.448,-2.95807
37.449,-2.95758
37.45,-2.9571
37.451,-2.95662
37.452,-2.95614
37.453,-2.95565
37.454,-2.95517
37.455,-2.95469
37.456,-2.95421
37.457,-2.95373
37.458,-2.95325
37.459,-2.95276
37.46,-2.95228
37.461,-2.9518
37.462,-2.95132
37.463,-2.95085
37.464,-2.95037
37.465,-2.94989
37.466,-2.94941
37.467,-2.94893
37.468,-2.94845
37.469,-2.94798
37.47,-2.9475
37.471,-2.94702
37.472,-2.94654
37.473,-2.94607
37.474,-2.94559
37.475,-2.94512
37.476,-2.94464
37.477,-2.94417
37.478,-2.94369
37.479,-2.94322
37.48,-2.94274
37.481,-2.94227
37.482,-2.94179
37.483,-2.94132
37.484,-2.94085
37.485,-2.94037
37.486,-2.9399
37.487,-2.93943
37.488,-2.93896
37.489,-2.93849
37.49,-2.93801
37.491,-2.93754
37.492,-2.93707
37.493,-2.9366
37.494,-2.93613
37.495,-2.93566
37.496,-2.93519
37.497,-2.93472
37.498,-2.93425
37.499,-2.93379
37.5,-2.93332
37.501,-2.93285
37.502,-2.93238
37.503,-2.93191
37.504,-2.93145
37.505,-2.93098
37.506,-2.93051
37.507,-2.93005
37.508,-2.92958
37.509,-2.92911
37.51,-2.92865
37.511,-2.92818
37.512,-2.92772
37.513,-2.92725
37.514,-2.92679
37.515,-2.92633
37.516,-2.92586
37.517,-2.9254
37.518,-2.92494
37.519,-2.92447
37.52,-2.92401
37.521,-2.92355
37.522,-2.92309
37.523,-2.92262
37.524,-2.92216
37.525,-2.9217
37.526,-2.92124
37.527,-2.92078
37.528,-2.92032
37.529,-2.91986
37.53,-2.9194
37.531,-2.91894
37.532,-2.91848
37.533,-2.91802
37.534,-2.91756
37.535,-2.91711
37.536,-2.91665
37.537,-2.91619
37.538,-2.91573
37.539,-2.91527
37.54,-2.91482
37.541,-2.91436
37.542,-2.91391
37.543,-2.91345
37.544,-2.91299
37.545,-2.91254
37.546,-2.91208
37.547,-2.91163
37.548,-2.91117
37.549,-2.91072
37.55,-2.91027
37.551,-2.90981
37.552,-2.90936
37.553,-2.9089
37.554,-2.90845
37.555,-2.908
37.556,-2.90755
37.557,-2.9071
37.558,-2.90664
37.559,-2.90619
37.56,-2.90574
37.561,-2.90529
37.562,-2.90484
37.563,-2.90439
37.564,-2.90394
37.565,-2.90349
37.566,-2.90304
37.567,-2.90259
37.568,-2.90214
37.569,-2.90169
37.57,-2.90124
37.571,-2.9008
37.572,-2.90035
37.573,-2.8999
37.574,-2.89945
37.575,-2.89901
37.576,-2.89856
37.577,-2.89811
37.578,-2.89767
37.579,-2.89722
37.58,-2.89678
37.581,-2.89633
37.582,-2.89589
37.583,-2.89544
37.584,-2.895
37.585,-2.89455
37.586,-2.89411
37.587,-2.89367
37.588,-2.89322
37.589,-2.89278
37.59,-2.89234
37.591,-2.89189
37.592,-2.89145
37.593,-2.89101
37.594,-2.89057
37.595,-2.89013
37.596,-2.88969
37.597,-2.88924
37.598,-2.8888
37.599,-2.88836
37.6,-2.88792
37.601,-2.88748
37.602,-2.88704
37.603,-2.88661
37.604,-2.88617
37.605,-2.88573
37.606,-2.88529
37.607,-2.88485
37.608,-2.88441
37.609,-2.88398
37.61,-2.88354
37.611,-2.8831
37.612,-2.88266
37.613,-2.88223
37.614,-2.88179
37.615,-2.88136
37.616,-2.88092
37.617,-2.88049
37.618,-2.88005
37.619,-2.87962
37.62,-2.87918
37.621,-2.87875
37.622,-2.87831
37.623,-2.87788
37.624,-2.87745
37.625,-2.87701
37.626,-2.87658
37.627,-2.87615
37.628,-2.87571
37.629,-2.87528
37.63,-2.87485
37.631,-2.87442
37.632,-2.87399
37.633,-2.87356
37.634,-2.87313
37.635,-2.8727
37.636,-2.87227
37.637,-2.87184
37.638,-2.87141
37.639,-2.87098
37.64,-2.87055
37.641,-2.87012
37.642,-2.86969
37.643,-2.86926
37.644,-2.86883
37.645,-2.86841
37.646,-2.86798
37.647,-2.86755
37.648,-2.86712
37.649,-2.8667
37.65,-2.86627
37.651,-2.86584
37.652,-2.86542
37.653,-2.86499
37.654,-2.86457
37.655,-2.86414
37.656,-2.86372
37.657,-2.86329
37.658,-2.86287
37.659,-2.86244
37.66,-2.86202
37.661,-2.8616
37.662,-2.86117
37.663,-2.86075
37.664,-2.86033
37.665,-2.85991
37.666,-2.85948
37.667,-2.85906
37.668,-2.85864
37.669,-2.85822
37.67,-2.8578
37.671,-2.85738
37.672,-2.85696
37.673,-2.85654
37.674,-2.85612
37.675,-2.8557
37.676,-2.85528
37.677,-2.85486
37.678,-2.85444
37.679,-2.85402
37.68,-2.8536
37.681,-2.85318
37.682,-2.85277
37.683,-2.85235
37.684,-2.85193
37.685,-2.85151
37.686,-2.8511
37.687,-2.85068
37.688,-2.85026
37.689,-2.84985
37.69,-2.84943
37.691,-2.84902
37.692,-2.8486
37.693,-2.84818
37.694,-2.84777
37.695,-2.84736
37.696,-2.84694
37.697,-2.84653
37.698,-2.84611
37.699,-2.8457
37.7,-2.84529
37.701,-2.84487
37.702,-2.84446
37.703,-2.84405
37.704,-2.84364
37.705,-2.84322
37.706,-2.84281
37.707,-2.8424
37.708,-2.84199
37.709,-2.84158
37.71,-2.84117
37.711,-2.84076
37.712,-2.84035
37.713,-2.83994
37.714,-2.83953
37.715,-2.83912
37.716,-2.83871
37.717,-2.8383
37.718,-2.83789
37.719,-2.83748
37.72,-2.83708
37.721,-2.83667
37.722,-2.83626
37.723,-2.83585
37.724,-2.83545
37.725,-2.83504
37.726,-2.83463
37.727,-2.83423
37.728,-2.83382
37.729,-2.83341
37.73,-2.83301
37.731,-2.8326
37.732,-2.8322
37.733,-2.83179
37.734,-2.83139
37.735,-2.83098
37.736,-2.83058
37.737,-2.83018
37.738,-2.82977
37.739,-2.82937
37.74,-2.82897
37.741,-2.82856
37.742,-2.82816
37.743,-2.82776
37.744,-2.82736
37.745,-2.82695
37.746,-2.82655
37.747,-2.82615
37.748,-2.82575
37.749,-2.82535
37.75,-2.82495
37.751,-2.82455
37.752,-2.82415
37.753,-2.82375
37.754,-2.82335
37.755,-2.82295
37.756,-2.82255
37.757,-2.82215
37.758,-2.82175
37.759,-2.82136
37.76,-2.82096
37.761,-2.82056
37.762,-2.82016
37.763,-2.81977
37.764,-2.81937
37.765,-2.81897
37.766,-2.81858
37.767,-2.81818
37.768,-2.81778
37.769,-2.81739
37.77,-2.81699
37.771,-2.8166
37.772,-2.8162
37.773,-2.81581
37.774,-2.81541
37.775,-2.81502
37.776,-2.81462
37.777,-2.81423
37.778,-2.81384
37.779,-2.81344
37.78,-2.81305
37.781,-2.81266
37.782,-2.81227
37.783,-2.81187
37.784,-2.81148
37.785,-2.81109
37.786,-2.8107
37.787,-2.81031
37.788,-2.80992
37.789,-2.80952
37.79,-2.80913
37.791,-2.80874
37.792,-2.80835
37.793,-2.80796
37.794,-2.80757
37.795,-2.80718
37.796,-2.8068
37.797,-2.80641
37.798,-2.80602
37.799,-2.80563
37.8,-2.80524
37.801,-2.80485
37.802,-2.80447
37.803,-2.80408
37.804,-2.80369
37.805,-2.8033
37.806,-2.80292
37.807,-2.80253
37.808,-2.80215
37.809,-2.80176
37.81,-2.80137
37.811,-2.80099
37.812,-2.8006
37.813,-2.80022
37.814,-2.79983
37.815,-2.79945
37.816,-2.79906
37.817,-2.79868
37.818,-2.7983
37.819,-2.79791
37.82,-2.79753
37.821,-2.79715
37.822,-2.79676
37.823,-2.79638
37.824,-2.796
37.825,-2.79562
37.826,-2.79524
37.827,-2.79485
37.828,-2.79447
37.829,-2.79409
37.83,-2.79371
37.831,-2.79333
37.832,-2.79295
37.833,-2.79257
37.834,-2.79219
37.835,-2.79181
37.836,-2.79143
37.837,-2.79105
37.838,-2.79067
37.839,-2.79029
37.84,-2.78992
37.841,-2.78954
37.842,-2.78916
37.843,-2.78878
37.844,-2.7884
37.845,-2.78803
37.846,-2.78765
37.847,-2.78727
37.848,-2.7869
37.849,-2.78652
37.85,-2.78614
37.851,-2.78577
37.852,-2.78539
37.853,-2.78502
37.854,-2.78464
37.855,-2.78427
37.856,-2.78389
37.857,-2.78352
37.858,-2.78314
37.859,-2.78277
37.86,-2.78239
37.861,-2.78202
37.862,-2.78165
37.863,-2.78127
37.864,-2.7809
37.865,-2.78053
37.866,-2.78016
37.867,-2.77979
37.868,-2.77941
37.869,-2.77904
37.87,-2.77867
37.871,-2.7783
37.872,-2.77793
37.873,-2.77756
37.874,-2.77719
37.875,-2.77682
37.876,-2.77645
37.877,-2.77608
37.878,-2.77571
37.879,-2.77534
37.88,-2.77497
37.881,-2.7746
37.882,-2.77423
37.883,-2.77386
37.884,-2.77349
37.885,-2.77313
37.886,-2.77276
37.887,-2.77239
37.888,-2.77202
37.889,-2.77166
37.89,-2.77129
37.891,-2.77092
37.892,-2.77056
37.893,-2.77019
37.894,-2.76983
37.895,-2.76946
37.896,-2.76909
37.897,-2.76873
37.898,-2.76836
37.899,-2.768
37.9,-2.76764
37.901,-2.76727
37.902,-2.76691
37.903,-2.76654
37.904,-2.76618
37.905,-2.76582
37.906,-2.76545
37.907,-2.76509
37.908,-2.76473
37.909,-2.76437
37.91,-2.764
37.911,-2.76364
37.912,-2.76328
37.913,-2.76292
37.914,-2.76256
37.915,-2.7622
37.916,-2.76183
37.917,-2.76147
37.918,-2.76111
37.919,-2.76075
37.92,-2.76039
37.921,-2.76003
37.922,-2.75967
37.923,-2.75931
37.924,-2.75896
37.925,-2.7586
37.926,-2.75824
37.927,-2.75788
37.928,-2.75752
37.929,-2.75716
37.93,-2.75681
37.931,-2.75645
37.932,-2.75609
37.933,-2.75573
37.934,-2.75538
37.935,-2.75502
37.936,-2.75467
37.937,-2.75431
37.938,-2.75395
37.939,-2.7536
37.94,-2.75324
37.941,-2.75289
37.942,-2.75253
37.943,-2.75218
37.944,-2.75182
37.945,-2.75147
37.946,-2.75111
37.947,-2.75076
37.948,-2.75041
37.949,-2.75005
37.95,-2.7497
37.951,-2.74935
37.952,-2.74899
37.953,-2.74864
37.954,-2.74829
37.955,-2.74794
37.956,-2.74759
37.957,-2.74723
37.958,-2.74688
37.959,-2.74653
37.96,-2.74618
37.961,-2.74583
37.962,-2.74548
37.963,-2.74513
37.964,-2.74478
37.965,-2.74443
37.966,-2.74408
37.967,-2.74373
37.968,-2.74338
37.969,-2.74303
37.97,-2.74268
37.971,-2.74233
37.972,-2.74199
37.973,-2.74164
37.974,-2.74129
37.975,-2.74094
37.976,-2.74059
37.977,-2.74025
37.978,-2.7399
37.979,-2.73955
37.98,-2.73921
37.981,-2.73886
37.982,-2.73851
37.983,-2.73817
37.984,-2.73782
37.985,-2.73748
37.986,-2.73713
37.987,-2.73679
37.988,-2.73644
37.989,-2.7361
37.99,-2.73575
37.991,-2.73541
37.992,-2.73506
37.993,-2.73472
37.994,-2.73438
37.995,-2.73403
37.996,-2.73369
37.997,-2.73335
37.998,-2.733
37.999,-2.73266
38,-2.73232
38.001,-2.73198
38.002,-2.73164
38.003,-2.73129
38.004,-2.73095
38.005,-2.73061
38.006,-2.73027
38.007,-2.72993
38.008,-2.72959
38.009,-2.72925
38.01,-2.72891
38.011,-2.72857
38.012,-2.72823
38.013,-2.72789
38.014,-2.72755
38.015,-2.72721
38.016,-2.72687
38.017,-2.72653
38.018,-2.7262
38.019,-2.72586
38.02,-2.72552
38.021,-2.72518
38.022,-2.72484
38.023,-2.72451
38.024,-2.72417
38.025,-2.72383
38.026,-2.7235
38.027,-2.72316
38.028,-2.72282
38.029,-2.72249
38.03,-2.72215
38.031,-2.72182
38.032,-2.72148
38.033,-2.72115
38.034,-2.72081
38.035,-2.72048
38.036,-2.72014
38.037,-2.71981
38.038,-2.71947
38.039,-2.71914
38.04,-2.7188
38.041,-2.71847
38.042,-2.71814
38.043,-2.7178
38.044,-2.71747
38.045,-2.71714
38.046,-2.71681
38.047,-2.71647
38.048,-2.71614
38.049,-2.71581
38.05,-2.71548
38.051,-2.71515
38.052,-2.71482
38.053,-2.71448
38.054,-2.71415
38.055,-2.71382
38.056,-2.71349
38.057,-2.71316
38.058,-2.71283
38.059,-2.7125
38.06,-2.71217
38.061,-2.71184
38.062,-2.71151
38.063,-2.71119
38.064,-2.71086
38.065,-2.71053
38.066,-2.7102
38.067,-2.70987
38.068,-2.70954
38.069,-2.70922
38.07,-2.70889
38.071,-2.70856
38.072,-2.70823
38.073,-2.70791
38.074,-2.70758
38.075,-2.70725
38.076,-2.70693
38.077,-2.7066
38.078,-2.70628
38.079,-2.70595
38.08,-2.70563
38.081,-2.7053
38.082,-2.70497
38.083,-2.70465
38.084,-2.70433
38.085,-2.704
38.086,-2.70368
38.087,-2.70335
38.088,-2.70303
38.089,-2.70271
38.09,-2.70238
38.091,-2.70206
38.092,-2.70174
38.093,-2.70141
38.094,-2.70109
38.095,-2.70077
38.096,-2.70045
38.097,-2.70012
38.098,-2.6998
38.099,-2.69948
38.1,-2.69916
38.101,-2.69884
38.102,-2.69852
38.103,-2.6982
38.104,-2.69788
38.105,-2.69756
38.106,-2.69724
38.107,-2.69692
38.108,-2.6966
38.109,-2.69628
38.11,-2.69596
38.111,-2.69564
38.112,-2.69532
38.113,-2.695
38.114,-2.69468
38.115,-2.69436
38.116,-2.69404
38.117,-2.69373
38.118,-2.69341
38.119,-2.69309
38.12,-2.69277
38.121,-2.69246
38.122,-2.69214
38.123,-2.69182
38.124,-2.69151
38.125,-2.69119
38.126,-2.69087
38.127,-2.69056
38.128,-2.69024
38.129,-2.68993
38.13,-2.68961
38.131,-2.6893
38.132,-2.68898
38.133,-2.68867
38.134,-2.68835
38.135,-2.68804
38.136,-2.68772
38.137,-2.68741
38.138,-2.6871
38.139,-2.68678
38.14,-2.68647
38.141,-2.68616
38.142,-2.68584
38.143,-2.68553
38.144,-2.68522
38.145,-2.6849
38.146,-2.68459
38.147,-2.68428
38.148,-2.68397
38.149,-2.68366
38.15,-2.68335
38.151,-2.68303
38.152,-2.68272
38.153,-2.68241
38.154,-2.6821
38.155,-2.68179
38.156,-2.68148
38.157,-2.68117
38.158,-2.68086
38.159,-2.68055
38.16,-2.68024
38.161,-2.67993
38.162,-2.67962
38.163,-2.67932
38.164,-2.67901
38.165,-2.6787
38.166,-2.67839
38.167,-2.67808
38.168,-2.67777
38.169,-2.67747
38.17,-2.67716
38.171,-2.67685
38.172,-2.67654
38.173,-2.67624
38.174,-2.67593
38.175,-2.67562
38.176,-2.67532
38.177,-2.67501
38.178,-2.67471
38.179,-2.6744
38.18,-2.67409
38.181,-2.67379
38.182,-2.67348
38.183,-2.67318
38.184,-2.67287
38.185,-2.67257
38.186,-2.67227
38.187,-2.67196
38.188,-2.67166
38.189,-2.67135
38.19,-2.67105
38.191,-2.67075
38.192,-2.67044
38.193,-2.67014
38.194,-2.66984
38.195,-2.66953
38.196,-2.66923
38.197,-2.66893
38.198,-2.66863
38.199,-2.66833
38.2,-2.66802
38.201,-2.66772
38.202,-2.66742
38.203,-2.66712
38.204,-2.66682
38.205,-2.66652
38.206,-2.66622
38.207,-2.66592
38.208,-2.66562
38.209,-2.66532
38.21,-2.66502
38.211,-2.66472
38.212,-2.66442
38.213,-2.66412
38.214,-2.66382
38.215,-2.66352
38.216,-2.66322
38.217,-2.66292
38.218,-2.66262
38.219,-2.66233
38.22,-2.66203
38.221,-2.66173
38.222,-2.66143
38.223,-2.66114
38.224,-2.66084
38.225,-2.66054
38.226,-2.66025
38.227,-2.65995
38.228,-2.65965
38.229,-2.65936
38.23,-2.65906
38.231,-2.65876
38.232,-2.65847
38.233,-2.65817
38.234,-2.65788
38.235,-2.65758
38.236,-2.65729
38.237,-2.65699
38.238,-2.6567
38.239,-2.6564
38.24,-2.65611
38.241,-2.65582
38.242,-2.65552
38.243,-2.65523
38.244,-2.65493
38.245,-2.65464
38.246,-2.65435
38.247,-2.65406
38.248,-2.65376
38.249,-2.65347
38.25,-2.65318
38.251,-2.65289
38.252,-2.65259
38.253,-2.6523
38.254,-2.65201
38.255,-2.65172
38.256,-2.65143
38.257,-2.65114
38.258,-2.65085
38.259,-2.65055
38.26,-2.65026
38.261,-2.64997
38.262,-2.64968
38.263,-2.64939
38.264,-2.6491
38.265,-2.64881
38.266,-2.64852
38.267,-2.64824
38.268,-2.64795
38.269,-2.64766
38.27,-2.64737
38.271,-2.64708
38.272,-2.64679
38.273,-2.6465
38.274,-2.64622
38.275,-2.64593
38.276,-2.64564
38.277,-2.64535
38.278,-2.64507
38.279,-2.64478
38.28,-2.64449
38.281,-2.64421
38.282,-2.64392
38.283,-2.64363
38.284,-2.64335
38.285,-2.64306
38.286,-2.64278
38.287,-2.64249
38.288,-2.6422
38.289,-2.64192
38.29,-2.64163
38.291,-2.64135
38.292,-2.64106
38.293,-2.64078
38.294,-2.6405
38.295,-2.64021
38.296,-2.63993
38.297,-2.63964
38.298,-2.63936
38.299,-2.63908
38.3,-2.63879
38.301,-2.63851
38.302,-2.63823
38.303,-2.63794
38.304,-2.63766
38.305,-2.63738
38.306,-2.6371
38.307,-2.63682
38.308,-2.63653
38.309,-2.63625
38.31,-2.63597
38.311,-2.63569
38.312,-2.63541
38.313,-2.63513
38.314,-2.63485
38.315,-2.63457
38.316,-2.63429
38.317,-2.63401
38.318,-2.63373
38.319,-2.63345
38.32,-2.63317
38.321,-2.63289
38.322,-2.63261
38.323,-2.63233
38.324,-2.63205
38.325,-2.63177
38.326,-2.63149
38.327,-2.63121
38.328,-2.63093
38.329,-2.63066
38.33,-2.63038
38.331,-2.6301
38.332,-2.62982
38.333,-2.62955
38.334,-2.62927
38.335,-2.62899
38.336,-2.62871
38.337,-2.62844
38.338,-2.62816
38.339,-2.62788
38.34,-2.62761
38.341,-2.62733
38.342,-2.62706
38.343,-2.62678
38.344,-2.62651
38.345,-2.62623
38.346,-2.62596
38.347,-2.62568
38.348,-2.62541
38.349,-2.62513
38.35,-2.62486
38.351,-2.62458
38.352,-2.62431
38.353,-2.62403
38.354,-2.62376
38.355,-2.62349
38.356,-2.62321
38.357,-2.62294
38.358,-2.62267
38.359,-2.62239
38.36,-2.62212
38.361,-2.62185
38.362,-2.62158
38.363,-2.6213
38.364,-2.62103
38.365,-2.62076
38.366,-2.62049
38.367,-2.62022
38.368,-2.61995
38.369,-2.61968
38.37,-2.6194
38.371,-2.61913
38.372,-2.61886
38.373,-2.61859
38.374,-2.61832
38.375,-2.61805
38.376,-2.61778
38.377,-2.61751
38.378,-2.61724
38.379,-2.61697
38.38,-2.6167
38.381,-2.61644
38.382,-2.61617
38.383,-2.6159
38.384,-2.61563
38.385,-2.61536
38.386,-2.61509
38.387,-2.61482
38.388,-2.61456
38.389,-2.61429
38.39,-2.61402
38.391,-2.61375
38.392,-2.61349
38.393,-2.61322
38.394,-2.61295
38.395,-2.61269
38.396,-2.61242
38.397,-2.61215
38.398,-2.61189
38.399,-2.61162
38.4,-2.61135
38.401,-2.61109
38.402,-2.61082
38.403,-2.61056
38.404,-2.61029
38.405,-2.61003
38.406,-2.60976
38.407,-2.6095
38.408,-2.60923
38.409,-2.60897
38.41,-2.60871
38.411,-2.60844
38.412,-2.60818
38.413,-2.60791
38.414,-2.60765
38.415,-2.60739
38.416,-2.60712
38.417,-2.60686
38.418,-2.6066
38.419,-2.60634
38.42,-2.60607
38.421,-2.60581
38.422,-2.60555
38.423,-2.60529
38.424,-2.60502
38.425,-2.60476
38.426,-2.6045
38.427,-2.60424
38.428,-2.60398
38.429,-2.60372
38.43,-2.60346
38.431,-2.6032
38.432,-2.60294
38.433,-2.60268
38.434,-2.60241
38.435,-2.60215
38.436,-2.60189
38.437,-2.60164
38.438,-2.60138
38.439,-2.60112
38.44,-2.60086
38.441,-2.6006
38.442,-2.60034
38.443,-2.60008
38.444,-2.59982
38.445,-2.59956
38.446,-2.59931
38.447,-2.59905
38.448,-2.59879
38.449,-2.59853
38.45,-2.59827
38.451,-2.59802
38.452,-2.59776
38.453,-2.5975
38.454,-2.59725
38.455,-2.59699
38.456,-2.59673
38.457,-2.59648
38.458,-2.59622
38.459,-2.59596
38.46,-2.59571
38.461,-2.59545
38.462,-2.5952
38.463,-2.59494
38.464,-2.59469
38.465,-2.59443
38.466,-2.59418
38.467,-2.59392
38.468,-2.59367
38.469,-2.59341
38.47,-2.59316
38.471,-2.5929
38.472,-2.59265
38.473,-2.5924
38.474,-2.59214
38.475,-2.59189
38.476,-2.59163
38.477,-2.59138
38.478,-2.59113
38.479,-2.59088
38.48,-2.59062
38.481,-2.59037
38.482,-2.59012
38.483,-2.58987
38.484,-2.58961
38.485,-2.58936
38.486,-2.58911
38.487,-2.58886
38.488,-2.58861
38.489,-2.58836
38.49,-2.5881
38.491,-2.58785
38.492,-2.5876
38.493,-2.58735
38.494,-2.5871
38.495,-2.58685
38.496,-2.5866
38.497,-2.58635
38.498,-2.5861
38.499,-2.58585
38.5,-2.5856
38.501,-2.58535
38.502,-2.5851
38.503,-2.58486
38.504,-2.58461
38.505,-2.58436
38.506,-2.58411
38.507,-2.58386
38.508,-2.58361
38.509,-2.58336
38.51,-2.58312
38.511,-2.58287
38.512,-2.58262
38.513,-2.58237
38.514,-2.58213
38.515,-2.58188
38.516,-2.58163
38.517,-2.58139
38.518,-2.58114
38.519,-2.58089
38.52,-2.58065
38.521,-2.5804
38.522,-2.58015
38.523,-2.57991
38.524,-2.57966
38.525,-2.57942
38.526,-2.57917
38.527,-2.57893
38.528,-2.57868
38.529,-2.57844
38.53,-2.57819
38.531,-2.57795
38.532,-2.5777
38.533,-2.57746
38.534,-2.57721
38.535,-2.57697
38.536,-2.57673
38.537,-2.57648
38.538,-2.57624
38.539,-2.576
38.54,-2.57575
38.541,-2.57551
38.542,-2.57527
38.543,-2.57502
38.544,-2.57478
38.545,-2.57454
38.546,-2.5743
38.547,-2.57405
38.548,-2.57381
38.549,-2.57357
38.55,-2.57333
38.551,-2.57309
38.552,-2.57285
38.553,-2.5726
38.554,-2.57236
38.555,-2.57212
38.556,-2.57188
38.557,-2.57164
38.558,-2.5714
38.559,-2.57116
38.56,-2.57092
38.561,-2.57068
38.562,-2.57044
38.563,-2.5702
38.564,-2.56996
38.565,-2.56972
38.566,-2.56948
38.567,-2.56924
38.568,-2.569
38.569,-2.56877
38.57,-2.56853
38.571,-2.56829
38.572,-2.56805
38.573,-2.56781
38.574,-2.56757
38.575,-2.56734
38.576,-2.5671
38.577,-2.56686
38.578,-2.56662
38.579,-2.56639
38.58,-2.56615
38.581,-2.56591
38.582,-2.56568
38.583,-2.56544
38.584,-2.5652
38.585,-2.56497
38.586,-2.56473
38.587,-2.56449
38.588,-2.56426
38.589,-2.56402
38.59,-2.56379
38.591,-2.56355
38.592,-2.56332
38.593,-2.56308
38.594,-2.56285
38.595,-2.56261
38.596,-2.56238
38.597,-2.56214
38.598,-2.56191
38.599,-2.56167
38.6,-2.56144
38.601,-2.5612
38.602,-2.56097
38.603,-2.56074
38.604,-2.5605
38.605,-2.56027
38.606,-2.56004
38.607,-2.5598
38.608,-2.55957
38.609,-2.55934
38.61,-2.55911
38.611,-2.55887
38.612,-2.55864
38.613,-2.55841
38.614,-2.55818
38.615,-2.55795
38.616,-2.55771
38.617,-2.55748
38.618,-2.55725
38.619,-2.55702
38.62,-2.55679
38.621,-2.55656
38.622,-2.55633
38.623,-2.5561
38.624,-2.55587
38.625,-2.55563
38.626,-2.5554
38.627,-2.55517
38.628,-2.55494
38.629,-2.55471
38.63,-2.55449
38.631,-2.55426
38.632,-2.55403
38.633,-2.5538
38.634,-2.55357
38.635,-2.55334
38.636,-2.55311
38.637,-2.55288
38.638,-2.55265
38.639,-2.55243
38.64,-2.5522
38.641,-2.55197
38.642,-2.55174
38.643,-2.55151
38.644,-2.55129
38.645,-2.55106
38.646,-2.55083
38.647,-2.5506
38.648,-2.55038
38.649,-2.55015
38.65,-2.54992
38.651,-2.5497
38.652,-2.54947
38.653,-2.54924
38.654,-2.54902
38.655,-2.54879
38.656,-2.54857
38.657,-2.54834
38.658,-2.54811
38.659,-2.54789
38.66,-2.54766
38.661,-2.54744
38.662,-2.54721
38.663,-2.54699
38.664,-2.54676
38.665,-2.54654
38.666,-2.54632
38.667,-2.54609
38.668,-2.54587
38.669,-2.54564
38.67,-2.54542
38.671,-2.5452
38.672,-2.54497
38.673,-2.54475
38.674,-2.54453
38.675,-2.5443
38.676,-2.54408
38.677,-2.54386
38.678,-2.54363
38.679,-2.54341
38.68,-2.54319
38.681,-2.54297
38.682,-2.54274
38.683,-2.54252
38.684,-2.5423
38.685,-2.54208
38.686,-2.54186
38.687,-2.54164
38.688,-2.54141
38.689,-2.54119
38.69,-2.54097
38.691,-2.54075
38.692,-2.54053
38.693,-2.54031
38.694,-2.54009
38.695,-2.53987
38.696,-2.53965
38.697,-2.53943
38.698,-2.53921
38.699,-2.53899
38.7,-2.53877
38.701,-2.53855
38.702,-2.53833
38.703,-2.53811
38.704,-2.53789
38.705,-2.53767
38.706,-2.53746
38.707,-2.53724
38.708,-2.53702
38.709,-2.5368
38.71,-2.53658
38.711,-2.53636
38.712,-2.53615
38.713,-2.53593
38.714,-2.53571
38.715,-2.53549
38.716,-2.53528
38.717,-2.53506
38.718,-2.53484
38.719,-2.53463
38.72,-2.53441
38.721,-2.53419
38.722,-2.53398
38.723,-2.53376
38.724,-2.53354
38.725,-2.53333
38.726,-2.53311
38.727,-2.5329
38.728,-2.53268
38.729,-2.53246
38.73,-2.53225
38.731,-2.53203
38.732,-2.53182
38.733,-2.5316
38.734,-2.53139
38.735,-2.53117
38.736,-2.53096
38.737,-2.53074
38.738,-2.53053
38.739,-2.53032
38.74,-2.5301
38.741,-2.52989
38.742,-2.52967
38.743,-2.52946
38.744,-2.52925
38.745,-2.52903
38.746,-2.52882
38.747,-2.52861
38.748,-2.5284
38.749,-2.52818
38.75,-2.52797
38.751,-2.52776
38.752,-2.52755
38.753,-2.52733
38.754,-2.52712
38.755,-2.52691
38.756,-2.5267
38.757,-2.52649
38.758,-2.52627
38.759,-2.52606
38.76,-2.52585
38.761,-2.52564
38.762,-2.52543
38.763,-2.52522
38.764,-2.52501
38.765,-2.5248
38.766,-2.52459
38.767,-2.52438
38.768,-2.52417
38.769,-2.52396
38.77,-2.52375
38.771,-2.52354
38.772,-2.52333
38.773,-2.52312
38.774,-2.52291
38.775,-2.5227
38.776,-2.52249
38.777,-2.52228
38.778,-2.52207
38.779,-2.52186
38.78,-2.52165
38.781,-2.52145
38.782,-2.52124
38.783,-2.52103
38.784,-2.52082
38.785,-2.52061
38.786,-2.52041
38.787,-2.5202
38.788,-2.51999
38.789,-2.51978
38.79,-2.51958
38.791,-2.51937
38.792,-2.51916
38.793,-2.51896
38.794,-2.51875
38.795,-2.51854
38.796,-2.51834
38.797,-2.51813
38.798,-2.51792
38.799,-2.51772
38.8,-2.51751
38.801,-2.51731
38.802,-2.5171
38.803,-2.51689
38.804,-2.51669
38.805,-2.51648
38.806,-2.51628
38.807,-2.51607
38.808,-2.51587
38.809,-2.51566
38.81,-2.51546
38.811,-2.51526
38.812,-2.51505
38.813,-2.51485
38.814,-2.51464
38.815,-2.51444
38.816,-2.51424
38.817,-2.51403
38.818,-2.51383
38.819,-2.51362
38.82,-2.51342
38.821,-2.51322
38.822,-2.51302
38.823,-2.51281
38.824,-2.51261
38.825,-2.51241
38.826,-2.5122
38.827,-2.512
38.828,-2.5118
38.829,-2.5116
38.83,-2.5114
38.831,-2.51119
38.832,-2.51099
38.833,-2.51079
38.834,-2.51059
38.835,-2.51039
38.836,-2.51019
38.837,-2.50999
38.838,-2.50979
38.839,-2.50958
38.84,-2.50938
38.841,-2.50918
38.842,-2.50898
38.843,-2.50878
38.844,-2.50858
38.845,-2.50838
38.846,-2.50818
38.847,-2.50798
38.848,-2.50778
38.849,-2.50758
38.85,-2.50739
38.851,-2.50719
38.852,-2.50699
38.853,-2.50679
38.854,-2.50659
38.855,-2.50639
38.856,-2.50619
38.857,-2.50599
38.858,-2.5058
38.859,-2.5056
38.86,-2.5054
38.861,-2.5052
38.862,-2.505
38.863,-2.50481
38.864,-2.50461
38.865,-2.50441
38.866,-2.50421
38.867,-2.50402
38.868,-2.50382
38.869,-2.50362
38.87,-2.50343
38.871,-2.50323
38.872,-2.50303
38.873,-2.50284
38.874,-2.50264
38.875,-2.50244
38.876,-2.50225
38.877,-2.50205
38.878,-2.50186
38.879,-2.50166
38.88,-2.50146
38.881,-2.50127
38.882,-2.50107
38.883,-2.50088
38.884,-2.50068
38.885,-2.50049
38.886,-2.50029
38.887,-2.5001
38.888,-2.49991
38.889,-2.49971
38.89,-2.49952
38.891,-2.49932
38.892,-2.49913
38.893,-2.49893
38.894,-2.49874
38.895,-2.49855
38.896,-2.49835
38.897,-2.49816
38.898,-2.49797
38.899,-2.49777
38.9,-2.49758
38.901,-2.49739
38.902,-2.4972
38.903,-2.497
38.904,-2.49681
38.905,-2.49662
38.906,-2.49643
38.907,-2.49623
38.908,-2.49604
38.909,-2.49585
38.91,-2.49566
38.911,-2.49547
38.912,-2.49528
38.913,-2.49508
38.914,-2.49489
38.915,-2.4947
38.916,-2.49451
38.917,-2.49432
38.918,-2.49413
38.919,-2.49394
38.92,-2.49375
38.921,-2.49356
38.922,-2.49337
38.923,-2.49318
38.924,-2.49299
38.925,-2.4928
38.926,-2.49261
38.927,-2.49242
38.928,-2.49223
38.929,-2.49204
38.93,-2.49185
38.931,-2.49166
38.932,-2.49147
38.933,-2.49128
38.934,-2.49109
38.935,-2.49091
38.936,-2.49072
38.937,-2.49053
38.938,-2.49034
38.939,-2.49015
38.94,-2.48996
38.941,-2.48978
38.942,-2.48959
38.943,-2.4894
38.944,-2.48921
38.945,-2.48903
38.946,-2.48884
38.947,-2.48865
38.948,-2.48846
38.949,-2.48828
38.95,-2.48809
38.951,-2.4879
38.952,-2.48772
38.953,-2.48753
38.954,-2.48734
38.955,-2.48716
38.956,-2.48697
38.957,-2.48679
38.958,-2.4866
38.959,-2.48641
38.96,-2.48623
38.961,-2.48604
38.962,-2.48586
38.963,-2.48567
38.964,-2.48549
38.965,-2.4853
38.966,-2.48512
38.967,-2.48493
38.968,-2.48475
38.969,-2.48456
38.97,-2.48438
38.971,-2.4842
38.972,-2.48401
38.973,-2.48383
38.974,-2.48364
38.975,-2.48346
38.976,-2.48328
38.977,-2.48309
38.978,-2.48291
38.979,-2.48273
38.98,-2.48254
38.981,-2.48236
38.982,-2.48218
38.983,-2.48199
38.984,-2.48181
38.985,-2.48163
38.986,-2.48145
38.987,-2.48126
38.988,-2.48108
38.989,-2.4809
38.99,-2.48072
38.991,-2.48054
38.992,-2.48035
38.993,-2.48017
38.994,-2.47999
38.995,-2.47981
38.996,-2.47963
38.997,-2.47945
38.998,-2.47927
38.999,-2.47908
39,-2.4789
39.001,-2.47872
39.002,-2.47854
39.003,-2.47836
39.004,-2.47818
39.005,-2.478
39.006,-2.47782
39.007,-2.47764
39.008,-2.47746
39.009,-2.47728
39.01,-2.4771
39.011,-2.47692
39.012,-2.47674
39.013,-2.47656
39.014,-2.47638
39.015,-2.47621
39.016,-2.47603
39.017,-2.47585
39.018,-2.47567
39.019,-2.47549
39.02,-2.47531
39.021,-2.47513
39.022,-2.47496
39.023,-2.47478
39.024,-2.4746
39.025,-2.47442
39.026,-2.47424
39.027,-2.47407
39.028,-2.47389
39.029,-2.47371
39.03,-2.47353
39.031,-2.47336
39.032,-2.47318
39.033,-2.473
39.034,-2.47283
39.035,-2.47265
39.036,-2.47247
39.037,-2.4723
39.038,-2.47212
39.039,-2.47194
39.04,-2.47177
39.041,-2.47159
39.042,-2.47142
39.043,-2.47124
39.044,-2.47106
39.045,-2.47089
39.046,-2.47071
39.047,-2.47054
39.048,-2.47036
39.049,-2.47019
39.05,-2.47001
39.051,-2.46984
39.052,-2.46966
39.053,-2.46949
39.054,-2.46931
39.055,-2.46914
39.056,-2.46897
39.057,-2.46879
39.058,-2.46862
39.059,-2.46844
39.06,-2.46827
39.061,-2.4681
39.062,-2.46792
39.063,-2.46775
39.064,-2.46757
39.065,-2.4674
39.066,-2.46723
39.067,-2.46706
39.068,-2.46688
39.069,-2.46671
39.07,-2.46654
39.071,-2.46636
39.072,-2.46619
39.073,-2.46602
39.074,-2.46585
39.075,-2.46568
39.076,-2.4655
39.077,-2.46533
39.078,-2.46516
39.079,-2.46499
39.08,-2.46482
39.081,-2.46464
39.082,-2.46447
39.083,-2.4643
39.084,-2.46413
39.085,-2.46396
39.086,-2.46379
39.087,-2.46362
39.088,-2.46345
39.089,-2.46328
39.09,-2.46311
39.091,-2.46294
39.092,-2.46277
39.093,-2.4626
39.094,-2.46243
39.095,-2.46226
39.096,-2.46209
39.097,-2.46192
39.098,-2.46175
39.099,-2.46158
39.1,-2.46141
39.101,-2.46124
39.102,-2.46107
39.103,-2.4609
39.104,-2.46073
39.105,-2.46056
39.106,-2.4604
39.107,-2.46023
39.108,-2.46006
39.109,-2.45989
39.11,-2.45972
39.111,-2.45955
39.112,-2.45939
39.113,-2.45922
39.114,-2.45905
39.115,-2.45888
39.116,-2.45871
39.117,-2.45855
39.118,-2.45838
39.119,-2.45821
39.12,-2.45805
39.121,-2.45788
39.122,-2.45771
39.123,-2.45754
39.124,-2.45738
39.125,-2.45721
39.126,-2.45705
39.127,-2.45688
39.128,-2.45671
39.129,-2.45655
39.13,-2.45638
39.131,-2.45621
39.132,-2.45605
39.133,-2.45588
39.134,-2.45572
39.135,-2.45555
39.136,-2.45539
39.137,-2.45522
39.138,-2.45506
39.139,-2.45489
39.14,-2.45473
39.141,-2.45456
39.142,-2.4544
39.143,-2.45423
39.144,-2.45407
39.145,-2.4539
39.146,-2.45374
39.147,-2.45358
39.148,-2.45341
39.149,-2.45325
39.15,-2.45308
39.151,-2.45292
39.152,-2.45276
39.153,-2.45259
39.154,-2.45243
39.155,-2.45227
39.156,-2.4521
39.157,-2.45194
39.158,-2.45178
39.159,-2.45161
39.16,-2.45145
39.161,-2.45129
39.162,-2.45113
39.163,-2.45096
39.164,-2.4508
39.165,-2.45064
39.166,-2.45048
39.167,-2.45031
39.168,-2.45015
39.169,-2.44999
39.17,-2.44983
39.171,-2.44967
39.172,-2.44951
39.173,-2.44935
39.174,-2.44918
39.175,-2.44902
39.176,-2.44886
39.177,-2.4487
39.178,-2.44854
39.179,-2.44838
39.18,-2.44822
39.181,-2.44806
39.182,-2.4479
39.183,-2.44774
39.184,-2.44758
39.185,-2.44742
39.186,-2.44726
39.187,-2.4471
39.188,-2.44694
39.189,-2.44678
39.19,-2.44662
39.191,-2.44646
39.192,-2.4463
39.193,-2.44614
39.194,-2.44598
39.195,-2.44582
39.196,-2.44566
39.197,-2.4455
39.198,-2.44535
39.199,-2.44519
39.2,-2.44503
39.201,-2.44487
39.202,-2.44471
39.203,-2.44455
39.204,-2.4444
39.205,-2.44424
39.206,-2.44408
39.207,-2.44392
39.208,-2.44376
39.209,-2.44361
39.21,-2.44345
39.211,-2.44329
39.212,-2.44314
39.213,-2.44298
39.214,-2.44282
39.215,-2.44266
39.216,-2.44251
39.217,-2.44235
39.218,-2.44219
39.219,-2.44204
39.22,-2.44188
39.221,-2.44173
39.222,-2.44157
39.223,-2.44141
39.224,-2.44126
39.225,-2.4411
39.226,-2.44095
39.227,-2.44079
39.228,-2.44063
39.229,-2.44048
39.23,-2.44032
39.231,-2.44017
39.232,-2.44001
39.233,-2.43986
39.234,-2.4397
39.235,-2.43955
39.236,-2.43939
39.237,-2.43924
39.238,-2.43908
39.239,-2.43893
39.24,-2.43878
39.241,-2.43862
39.242,-2.43847
39.243,-2.43831
39.244,-2.43816
39.245,-2.43801
39.246,-2.43785
39.247,-2.4377
39.248,-2.43754
39.249,-2.43739
39.25,-2.43724
39.251,-2.43708
39.252,-2.43693
39.253,-2.43678
39.254,-2.43663
39.255,-2.43647
39.256,-2.43632
39.257,-2.43617
39.258,-2.43602
39.259,-2.43586
39.26,-2.43571
39.261,-2.43556
39.262,-2.43541
39.263,-2.43525
39.264,-2.4351
39.265,-2.43495
39.266,-2.4348
39.267,-2.43465
39.268,-2.4345
39.269,-2.43434
39.27,-2.43419
39.271,-2.43404
39.272,-2.43389
39.273,-2.43374
39.274,-2.43359
39.275,-2.43344
39.276,-2.43329
39.277,-2.43314
39.278,-2.43299
39.279,-2.43284
39.28,-2.43269
39.281,-2.43254
39.282,-2.43239
39.283,-2.43224
39.284,-2.43209
39.285,-2.43194
39.286,-2.43179
39.287,-2.43164
39.288,-2.43149
39.289,-2.43134
39.29,-2.43119
39.291,-2.43104
39.292,-2.43089
39.293,-2.43074
39.294,-2.43059
39.295,-2.43044
39.296,-2.4303
39.297,-2.43015
39.298,-2.43
39.299,-2.42985
39.3,-2.4297
39.301,-2.42955
39.302,-2.42941
39.303,-2.42926
39.304,-2.42911
39.305,-2.42896
39.306,-2.42882
39.307,-2.42867
39.308,-2.42852
39.309,-2.42837
39.31,-2.42823
39.311,-2.42808
39.312,-2.42793
39.313,-2.42778
39.314,-2.42764
39.315,-2.42749
39.316,-2.42734
39.317,-2.4272
39.318,-2.42705
39.319,-2.4269
39.32,-2.42676
39.321,-2.42661
39.322,-2.42647
39.323,-2.42632
39.324,-2.42617
39.325,-2.42603
39.326,-2.42588
39.327,-2.42574
39.328,-2.42559
39.329,-2.42545
39.33,-2.4253
39.331,-2.42516
39.332,-2.42501
39.333,-2.42487
39.334,-2.42472
39.335,-2.42458
39.336,-2.42443
39.337,-2.42429
39.338,-2.42414
39.339,-2.424
39.34,-2.42385
39.341,-2.42371
39.342,-2.42357
39.343,-2.42342
39.344,-2.42328
39.345,-2.42313
39.346,-2.42299
39.347,-2.42285
39.348,-2.4227
39.349,-2.42256
39.35,-2.42242
39.351,-2.42227
39.352,-2.42213
39.353,-2.42199
39.354,-2.42184
39.355,-2.4217
39.356,-2.42156
39.357,-2.42142
39.358,-2.42127
39.359,-2.42113
39.36,-2.42099
39.361,-2.42085
39.362,-2.4207
39.363,-2.42056
39.364,-2.42042
39.365,-2.42028
39.366,-2.42014
39.367,-2.41999
39.368,-2.41985
39.369,-2.41971
39.37,-2.41957
39.371,-2.41943
39.372,-2.41929
39.373,-2.41915
39.374,-2.419
39.375,-2.41886
39.376,-2.41872
39.377,-2.41858
39.378,-2.41844
39.379,-2.4183
39.38,-2.41816
39.381,-2.41802
39.382,-2.41788
39.383,-2.41774
39.384,-2.4176
39.385,-2.41746
39.386,-2.41732
39.387,-2.41718
39.388,-2.41704
39.389,-2.4169
39.39,-2.41676
39.391,-2.41662
39.392,-2.41648
39.393,-2.41634
39.394,-2.4162
39.395,-2.41606
39.396,-2.41593
39.397,-2.41579
39.398,-2.41565
39.399,-2.41551
39.4,-2.41537
39.401,-2.41523
39.402,-2.41509
39.403,-2.41496
39.404,-2.41482
39.405,-2.41468
39.406,-2.41454
39.407,-2.4144
39.408,-2.41427
39.409,-2.41413
39.41,-2.41399
39.411,-2.41385
39.412,-2.41372
39.413,-2.41358
39.414,-2.41344
39.415,-2.4133
39.416,-2.41317
39.417,-2.41303
39.418,-2.41289
39.419,-2.41276
39.42,-2.41262
39.421,-2.41248
39.422,-2.41235
39.423,-2.41221
39.424,-2.41207
39.425,-2.41194
39.426,-2.4118
39.427,-2.41166
39.428,-2.41153
39.429,-2.41139
39.43,-2.41126
39.431,-2.41112
39.432,-2.41099
39.433,-2.41085
39.434,-2.41072
39.435,-2.41058
39.436,-2.41044
39.437,-2.41031
39.438,-2.41017
39.439,-2.41004
39.44,-2.4099
39.441,-2.40977
39.442,-2.40964
39.443,-2.4095
39.444,-2.40937
39.445,-2.40923
39.446,-2.4091
39.447,-2.40896
39.448,-2.40883
39.449,-2.4087
39.45,-2.40856
39.451,-2.40843
39.452,-2.40829
39.453,-2.40816
39.454,-2.40803
39.455,-2.40789
39.456,-2.40776
39.457,-2.40763
39.458,-2.40749
39.459,-2.40736
39.46,-2.40723
39.461,-2.40709
39.462,-2.40696
39.463,-2.40683
39.464,-2.4067
39.465,-2.40656
39.466,-2.40643
39.467,-2.4063
39.468,-2.40617
39.469,-2.40603
39.47,-2.4059
39.471,-2.40577
39.472,-2.40564
39.473,-2.40551
39.474,-2.40537
39.475,-2.40524
39.476,-2.40511
39.477,-2.40498
39.478,-2.40485
39.479,-2.40472
39.48,-2.40459
39.481,-2.40445
39.482,-2.40432
39.483,-2.40419
39.484,-2.40406
39.485,-2.40393
39.486,-2.4038
39.487,-2.40367
39.488,-2.40354
39.489,-2.40341
39.49,-2.40328
39.491,-2.40315
39.492,-2.40302
39.493,-2.40289
39.494,-2.40276
39.495,-2.40263
39.496,-2.4025
39.497,-2.40237
39.498,-2.40224
39.499,-2.40211
39.5,-2.40198
39.501,-2.40185
39.502,-2.40172
39.503,-2.40159
39.504,-2.40146
39.505,-2.40133
39.506,-2.4012
39.507,-2.40108
39.508,-2.40095
39.509,-2.40082
39.51,-2.40069
39.511,-2.40056
39.512,-2.40043
39.513,-2.4003
39.514,-2.40018
39.515,-2.40005
39.516,-2.39992
39.517,-2.39979
39.518,-2.39966
39.519,-2.39954
39.52,-2.39941
39.521,-2.39928
39.522,-2.39915
39.523,-2.39903
39.524,-2.3989
39.525,-2.39877
39.526,-2.39864
39.527,-2.39852
39.528,-2.39839
39.529,-2.39826
39.53,-2.39814
39.531,-2.39801
39.532,-2.39788
39.533,-2.39776
39.534,-2.39763
39.535,-2.3975
39.536,-2.39738
39.537,-2.39725
39.538,-2.39713
39.539,-2.397
39.54,-2.39687
39.541,-2.39675
39.542,-2.39662
39.543,-2.3965
39.544,-2.39637
39.545,-2.39625
39.546,-2.39612
39.547,-2.39599
39.548,-2.39587
39.549,-2.39574
39.55,-2.39562
39.551,-2.39549
39.552,-2.39537
39.553,-2.39524
39.554,-2.39512
39.555,-2.395
39.556,-2.39487
39.557,-2.39475
39.558,-2.39462
39.559,-2.3945
39.56,-2.39437
39.561,-2.39425
39.562,-2.39413
39.563,-2.394
39.564,-2.39388
39.565,-2.39375
39.566,-2.39363
39.567,-2.39351
39.568,-2.39338
39.569,-2.39326
39.57,-2.39314
39.571,-2.39301
39.572,-2.39289
39.573,-2.39277
39.574,-2.39264
39.575,-2.39252
39.576,-2.3924
39.577,-2.39228
39.578,-2.39215
39.579,-2.39203
39.58,-2.39191
39.581,-2.39179
39.582,-2.39166
39.583,-2.39154
39.584,-2.39142
39.585,-2.3913
39.586,-2.39117
39.587,-2.39105
39.588,-2.39093
39.589,-2.39081
39.59,-2.39069
39.591,-2.39057
39.592,-2.39044
39.593,-2.39032
39.594,-2.3902
39.595,-2.39008
39.596,-2.38996
39.597,-2.38984
39.598,-2.38972
39.599,-2.3896
39.6,-2.38948
39.601,-2.38935
39.602,-2.38923
39.603,-2.38911
39.604,-2.38899
39.605,-2.38887
39.606,-2.38875
39.607,-2.38863
39.608,-2.38851
39.609,-2.38839
39.61,-2.38827
39.611,-2.38815
39.612,-2.38803
39.613,-2.38791
39.614,-2.38779
39.615,-2.38767
39.616,-2.38755
39.617,-2.38743
39.618,-2.38732
39.619,-2.3872
39.62,-2.38708
39.621,-2.38696
39.622,-2.38684
39.623,-2.38672
39.624,-2.3866
39.625,-2.38648
39.626,-2.38636
39.627,-2.38625
39.628,-2.38613
39.629,-2.38601
39.63,-2.38589
39.631,-2.38577
39.632,-2.38565
39.633,-2.38554
39.634,-2.38542
39.635,-2.3853
39.636,-2.38518
39.637,-2.38506
39.638,-2.38495
39.639,-2.38483
39.64,-2.38471
39.641,-2.38459
39.642,-2.38448
39.643,-2.38436
39.644,-2.38424
39.645,-2.38413
39.646,-2.38401
39.647,-2.38389
39.648,-2.38377
39.649,-2.38366
39.65,-2.38354
39.651,-2.38342
39.652,-2.38331
39.653,-2.38319
39.654,-2.38308
39.655,-2.38296
39.656,-2.38284
39.657,-2.38273
39.658,-2.38261
39.659,-2.38249
39.66,-2.38238
39.661,-2.38226
39.662,-2.38215
39.663,-2.38203
39.664,-2.38192
39.665,-2.3818
39.666,-2.38169
39.667,-2.38157
39.668,-2.38145
39.669,-2.38134
39.67,-2.38122
39.671,-2.38111
39.672,-2.38099
39.673,-2.38088
39.674,-2.38077
39.675,-2.38065
39.676,-2.38054
39.677,-2.38042
39.678,-2.38031
39.679,-2.38019
39.68,-2.38008
39.681,-2.37996
39.682,-2.37985
39.683,-2.37974
39.684,-2.37962
39.685,-2.37951
39.686,-2.37939
39.687,-2.37928
39.688,-2.37917
39.689,-2.37905
39.69,-2.37894
39.691,-2.37883
39.692,-2.37871
39.693,-2.3786
39.694,-2.37849
39.695,-2.37837
39.696,-2.37826
39.697,-2.37815
39.698,-2.37804
39.699,-2.37792
39.7,-2.37781
39.701,-2.3777
39.702,-2.37759
39.703,-2.37747
39.704,-2.37736
39.705,-2.37725
39.706,-2.37714
39.707,-2.37702
39.708,-2.37691
39.709,-2.3768
39.71,-2.37669
39.711,-2.37658
39.712,-2.37646
39.713,-2.37635
39.714,-2.37624
39.715,-2.37613
39.716,-2.37602
39.717,-2.37591
39.718,-2.3758
39.719,-2.37569
39.72,-2.37557
39.721,-2.37546
39.722,-2.37535
39.723,-2.37524
39.724,-2.37513
39.725,-2.37502
39.726,-2.37491
39.727,-2.3748
39.728,-2.37469
39.729,-2.37458
39.73,-2.37447
39.731,-2.37436
39.732,-2.37425
39.733,-2.37414
39.734,-2.37403
39.735,-2.37392
39.736,-2.37381
39.737,-2.3737
39.738,-2.37359
39.739,-2.37348
39.74,-2.37337
39.741,-2.37326
39.742,-2.37315
39.743,-2.37304
39.744,-2.37293
39.745,-2.37282
39.746,-2.37271
39.747,-2.3726
39.748,-2.3725
39.749,-2.37239
39.75,-2.37228
39.751,-2.37217
39.752,-2.37206
39.753,-2.37195
39.754,-2.37184
39.755,-2.37174
39.756,-2.37163
39.757,-2.37152
39.758,-2.37141
39.759,-2.3713
39.76,-2.3712
39.761,-2.37109
39.762,-2.37098
39.763,-2.37087
39.764,-2.37076
39.765,-2.37066
39.766,-2.37055
39.767,-2.37044
39.768,-2.37033
39.769,-2.37023
39.77,-2.37012
39.771,-2.37001
39.772,-2.36991
39.773,-2.3698
39.774,-2.36969
39.775,-2.36958
39.776,-2.36948
39.777,-2.36937
39.778,-2.36926
39.779,-2.36916
39.78,-2.36905
39.781,-2.36895
39.782,-2.36884
39.783,-2.36873
39.784,-2.36863
39.785,-2.36852
39.786,-2.36841
39.787,-2.36831
39.788,-2.3682
39.789,-2.3681
39.79,-2.36799
39.791,-2.36789
39.792,-2.36778
39.793,-2.36767
39.794,-2.36757
39.795,-2.36746
39.796,-2.36736
39.797,-2.36725
39.798,-2.36715
39.799,-2.36704
39.8,-2.36694
39.801,-2.36683
39.802,-2.36673
39.803,-2.36662
39.804,-2.36652
39.805,-2.36642
39.806,-2.36631
39.807,-2.36621
39.808,-2.3661
39.809,-2.366
39.81,-2.36589
39.811,-2.36579
39.812,-2.36569
39.813,-2.36558
39.814,-2.36548
39.815,-2.36537
39.816,-2.36527
39.817,-2.36517
39.818,-2.36506
39.819,-2.36496
39.82,-2.36486
39.821,-2.36475
39.822,-2.36465
39.823,-2.36455
39.824,-2.36444
39.825,-2.36434
39.826,-2.36424
39.827,-2.36413
39.828,-2.36403
39.829,-2.36393
39.83,-2.36383
39.831,-2.36372
39.832,-2.36362
39.833,-2.36352
39.834,-2.36342
39.835,-2.36331
39.836,-2.36321
39.837,-2.36311
39.838,-2.36301
39.839,-2.3629
39.84,-2.3628
39.841,-2.3627
39.842,-2.3626
39.843,-2.3625
39.844,-2.3624
39.845,-2.36229
39.846,-2.36219
39.847,-2.36209
39.848,-2.36199
39.849,-2.36189
39.85,-2.36179
39.851,-2.36169
39.852,-2.36158
39.853,-2.36148
39.854,-2.36138
39.855,-2.36128
39.856,-2.36118
39.857,-2.36108
39.858,-2.36098
39.859,-2.36088
39.86,-2.36078
39.861,-2.36068
39.862,-2.36058
39.863,-2.36048
39.864,-2.36038
39.865,-2.36028
39.866,-2.36018
39.867,-2.36008
39.868,-2.35998
39.869,-2.35988
39.87,-2.35978
39.871,-2.35968
39.872,-2.35958
39.873,-2.35948
39.874,-2.35938
39.875,-2.35928
39.876,-2.35918
39.877,-2.35908
39.878,-2.35898
39.879,-2.35888
39.88,-2.35878
39.881,-2.35868
39.882,-2.35859
39.883,-2.35849
39.884,-2.35839
39.885,-2.35829
39.886,-2.35819
39.887,-2.35809
39.888,-2.35799
39.889,-2.3579
39.89,-2.3578
39.891,-2.3577
39.892,-2.3576
39.893,-2.3575
39.894,-2.3574
39.895,-2.35731
39.896,-2.35721
39.897,-2.35711
39.898,-2.35701
39.899,-2.35691
39.9,-2.35682
39.901,-2.35672
39.902,-2.35662
39.903,-2.35652
39.904,-2.35643
39.905,-2.35633
39.906,-2.35623
39.907,-2.35614
39.908,-2.35604
39.909,-2.35594
39.91,-2.35584
39.911,-2.35575
39.912,-2.35565
39.913,-2.35555
39.914,-2.35546
39.915,-2.35536
39.916,-2.35526
39.917,-2.35517
39.918,-2.35507
39.919,-2.35498
39.92,-2.35488
39.921,-2.35478
39.922,-2.35469
39.923,-2.35459
39.924,-2.3545
39.925,-2.3544
39.926,-2.3543
39.927,-2.35421
39.928,-2.35411
39.929,-2.35402
39.93,-2.35392
39.931,-2.35383
39.932,-2.35373
39.933,-2.35363
39.934,-2.35354
39.935,-2.35344
39.936,-2.35335
39.937,-2.35325
39.938,-2.35316
39.939,-2.35306
39.94,-2.35297
39.941,-2.35287
39.942,-2.35278
39.943,-2.35269
39.944,-2.35259
39.945,-2.3525
39.946,-2.3524
39.947,-2.35231
39.948,-2.35221
39.949,-2.35212
39.95,-2.35202
39.951,-2.35193
39.952,-2.35184
39.953,-2.35174
39.954,-2.35165
39.955,-2.35156
39.956,-2.35146
39.957,-2.35137
39.958,-2.35127
39.959,-2.35118
39.96,-2.35109
39.961,-2.35099
39.962,-2.3509
39.963,-2.35081
39.964,-2.35071
39.965,-2.35062
39.966,-2.35053
39.967,-2.35043
39.968,-2.35034
39.969,-2.35025
39.97,-2.35016
39.971,-2.35006
39.972,-2.34997
39.973,-2.34988
39.974,-2.34979
39.975,-2.34969
39.976,-2.3496
39.977,-2.34951
39.978,-2.34942
39.979,-2.34932
39.98,-2.34923
39.981,-2.34914
39.982,-2.34905
39.983,-2.34896
39.984,-2.34886
39.985,-2.34877
39.986,-2.34868
39.987,-2.34859
39.988,-2.3485
39.989,-2.34841
39.99,-2.34832
39.991,-2.34822
39.992,-2.34813
39.993,-2.34804
39.994,-2.34795
39.995,-2.34786
39.996,-2.34777
39.997,-2.34768
39.998,-2.34759
39.999,-2.3475
40,-2.3474
40.001,-2.34731
40.002,-2.34722
40.003,-2.34713
40.004,-2.34704
40.005,-2.34695
40.006,-2.34686
40.007,-2.34677
40.008,-2.34668
40.009,-2.34659
40.01,-2.3465
40.011,-2.34641
40.012,-2.34632
40.013,-2.34623
40.014,-2.34614
40.015,-2.34605
40.016,-2.34596
40.017,-2.34587
40.018,-2.34578
40.019,-2.34569
40.02,-2.3456
40.021,-2.34551
40.022,-2.34543
40.023,-2.34534
40.024,-2.34525
40.025,-2.34516
40.026,-2.34507
40.027,-2.34498
40.028,-2.34489
40.029,-2.3448
40.03,-2.34471
40.031,-2.34462
40.032,-2.34454
40.033,-2.34445
40.034,-2.34436
40.035,-2.34427
40.036,-2.34418
40.037,-2.34409
40.038,-2.34401
40.039,-2.34392
40.04,-2.34383
40.041,-2.34374
40.042,-2.34365
40.043,-2.34357
40.044,-2.34348
40.045,-2.34339
40.046,-2.3433
40.047,-2.34321
40.048,-2.34313
40.049,-2.34304
40.05,-2.34295
40.051,-2.34287
40.052,-2.34278
40.053,-2.34269
40.054,-2.3426
40.055,-2.34252
40.056,-2.34243
40.057,-2.34234
40.058,-2.34226
40.059,-2.34217
40.06,-2.34208
40.061,-2.342
40.062,-2.34191
40.063,-2.34182
40.064,-2.34174
40.065,-2.34165
40.066,-2.34156
40.067,-2.34148
40.068,-2.34139
40.069,-2.3413
40.07,-2.34122
40.071,-2.34113
40.072,-2.34105
40.073,-2.34096
40.074,-2.34087
40.075,-2.34079
40.076,-2.3407
40.077,-2.34062
40.078,-2.34053
40.079,-2.34045
40.08,-2.34036
40.081,-2.34027
40.082,-2.34019
40.083,-2.3401
40.084,-2.34002
40.085,-2.33993
40.086,-2.33985
40.087,-2.33976
40.088,-2.33968
40.089,-2.33959
40.09,-2.33951
40.091,-2.33942
40.092,-2.33934
40.093,-2.33925
40.094,-2.33917
40.095,-2.33908
40.096,-2.339
40.097,-2.33892
40.098,-2.33883
40.099,-2.33875
40.1,-2.33866
40.101,-2.33858
40.102,-2.33849
40.103,-2.33841
40.104,-2.33833
40.105,-2.33824
40.106,-2.33816
40.107,-2.33808
40.108,-2.33799
40.109,-2.33791
40.11,-2.33782
40.111,-2.33774
40.112,-2.33766
40.113,-2.33757
40.114,-2.33749
40.115,-2.33741
40.116,-2.33732
40.117,-2.33724
40.118,-2.33716
40.119,-2.33708
40.12,-2.33699
40.121,-2.33691
40.122,-2.33683
40.123,-2.33674
40.124,-2.33666
40.125,-2.33658
40.126,-2.3365
40.127,-2.33641
40.128,-2.33633
40.129,-2.33625
40.13,-2.33617
40.131,-2.33608
40.132,-2.336
40.133,-2.33592
40.134,-2.33584
40.135,-2.33576
40.136,-2.33567
40.137,-2.33559
40.138,-2.33551
40.139,-2.33543
40.14,-2.33535
40.141,-2.33526
40.142,-2.33518
40.143,-2.3351
40.144,-2.33502
40.145,-2.33494
40.146,-2.33486
40.147,-2.33478
40.148,-2.33469
40.149,-2.33461
40.15,-2.33453
40.151,-2.33445
40.152,-2.33437
40.153,-2.33429
40.154,-2.33421
40.155,-2.33413
40.156,-2.33405
40.157,-2.33397
40.158,-2.33389
40.159,-2.33381
40.16,-2.33372
40.161,-2.33364
40.162,-2.33356
40.163,-2.33348
40.164,-2.3334
40.165,-2.33332
40.166,-2.33324
40.167,-2.33316
40.168,-2.33308
40.169,-2.333
40.17,-2.33292
40.171,-2.33284
40.172,-2.33276
40.173,-2.33268
40.174,-2.3326
40.175,-2.33253
40.176,-2.33245
40.177,-2.33237
40.178,-2.33229
40.179,-2.33221
40.18,-2.33213
40.181,-2.33205
40.182,-2.33197
40.183,-2.33189
40.184,-2.33181
40.185,-2.33173
40.186,-2.33165
40.187,-2.33158
40.188,-2.3315
40.189,-2.33142
40.19,-2.33134
40.191,-2.33126
40.192,-2.33118
40.193,-2.3311
40.194,-2.33103
40.195,-2.33095
40.196,-2.33087
40.197,-2.33079
40.198,-2.33071
40.199,-2.33063
40.2,-2.33056
40.201,-2.33048
40.202,-2.3304
40.203,-2.33032
40.204,-2.33024
40.205,-2.33017
40.206,-2.33009
40.207,-2.33001
40.208,-2.32993
40.209,-2.32986
40.21,-2.32978
40.211,-2.3297
40.212,-2.32962
40.213,-2.32955
40.214,-2.32947
40.215,-2.32939
40.216,-2.32932
40.217,-2.32924
40.218,-2.32916
40.219,-2.32908
40.22,-2.32901
40.221,-2.32893
40.222,-2.32885
40.223,-2.32878
40.224,-2.3287
40.225,-2.32862
40.226,-2.32855
40.227,-2.32847
40.228,-2.32839
40.229,-2.32832
40.23,-2.32824
40.231,-2.32817
40.232,-2.32809
40.233,-2.32801
40.234,-2.32794
40.235,-2.32786
40.236,-2.32779
40.237,-2.32771
40.238,-2.32763
40.239,-2.32756
40.24,-2.32748
40.241,-2.32741
40.242,-2.32733
40.243,-2.32726
40.244,-2.32718
40.245,-2.32711
40.246,-2.32703
40.247,-2.32695
40.248,-2.32688
40.249,-2.3268
40.25,-2.32673
40.251,-2.32665
40.252,-2.32658
40.253,-2.3265
40.254,-2.32643
40.255,-2.32635
40.256,-2.32628
40.257,-2.32621
40.258,-2.32613
40.259,-2.32606
40.26,-2.32598
40.261,-2.32591
40.262,-2.32583
40.263,-2.32576
40.264,-2.32568
40.265,-2.32561
40.266,-2.32554
40.267,-2.32546
40.268,-2.32539
40.269,-2.32531
40.27,-2.32524
40.271,-2.32517
40.272,-2.32509
40.273,-2.32502
40.274,-2.32494
40.275,-2.32487
40.276,-2.3248
40.277,-2.32472
40.278,-2.32465
40.279,-2.32458
40.28,-2.3245
40.281,-2.32443
40.282,-2.32436
40.283,-2.32428
40.284,-2.32421
40.285,-2.32414
40.286,-2.32406
40.287,-2.32399
40.288,-2.32392
40.289,-2.32385
40.29,-2.32377
40.291,-2.3237
40.292,-2.32363
40.293,-2.32356
40.294,-2.32348
40.295,-2.32341
40.296,-2.32334
40.297,-2.32327
40.298,-2.32319
40.299,-2.32312
40.3,-2.32305
40.301,-2.32298
40.302,-2.3229
40.303,-2.32283
40.304,-2.32276
40.305,-2.32269
40.306,-2.32262
40.307,-2.32254
40.308,-2.32247
40.309,-2.3224
40.31,-2.32233
40.311,-2.32226
40.312,-2.32219
40.313,-2.32211
40.314,-2.32204
40.315,-2.32197
40.316,-2.3219
40.317,-2.32183
40.318,-2.32176
40.319,-2.32169
40.32,-2.32162
40.321,-2.32155
40.322,-2.32147
40.323,-2.3214
40.324,-2.32133
40.325,-2.32126
40.326,-2.32119
40.327,-2.32112
40.328,-2.32105
40.329,-2.32098
40.33,-2.32091
40.331,-2.32084
40.332,-2.32077
40.333,-2.3207
40.334,-2.32063
40.335,-2.32056
40.336,-2.32049
40.337,-2.32042
40.338,-2.32035
40.339,-2.32028
40.34,-2.32021
40.341,-2.32014
40.342,-2.32007
40.343,-2.32
40.344,-2.31993
40.345,-2.31986
40.346,-2.31979
40.347,-2.31972
40.348,-2.31965
40.349,-2.31958
40.35,-2.31951
40.351,-2.31944
40.352,-2.31937
40.353,-2.3193
40.354,-2.31923
40.355,-2.31916
40.356,-2.31909
40.357,-2.31903
40.358,-2.31896
40.359,-2.31889
40.36,-2.31882
40.361,-2.31875
40.362,-2.31868
40.363,-2.31861
40.364,-2.31854
40.365,-2.31848
40.366,-2.31841
40.367,-2.31834
40.368,-2.31827
40.369,-2.3182
40.37,-2.31813
40.371,-2.31806
40.372,-2.318
40.373,-2.31793
40.374,-2.31786
40.375,-2.31779
40.376,-2.31772
40.377,-2.31766
40.378,-2.31759
40.379,-2.31752
40.38,-2.31745
40.381,-2.31739
40.382,-2.31732
40.383,-2.31725
40.384,-2.31718
40.385,-2.31711
40.386,-2.31705
40.387,-2.31698
40.388,-2.31691
40.389,-2.31685
40.39,-2.31678
40.391,-2.31671
40.392,-2.31664
40.393,-2.31658
40.394,-2.31651
40.395,-2.31644
40.396,-2.31638
40.397,-2.31631
40.398,-2.31624
40.399,-2.31618
40.4,-2.31611
40.401,-2.31604
40.402,-2.31598
40.403,-2.31591
40.404,-2.31584
40.405,-2.31578
40.406,-2.31571
40.407,-2.31564
40.408,-2.31558
40.409,-2.31551
40.41,-2.31544
40.411,-2.31538
40.412,-2.31531
40.413,-2.31525
40.414,-2.31518
40.415,-2.31511
40.416,-2.31505
40.417,-2.31498
40.418,-2.31492
40.419,-2.31485
40.42,-2.31479
40.421,-2.31472
40.422,-2.31466
40.423,-2.31459
40.424,-2.31452
40.425,-2.31446
40.426,-2.31439
40.427,-2.31433
40.428,-2.31426
40.429,-2.3142
40.43,-2.31413
40.431,-2.31407
40.432,-2.314
40.433,-2.31394
40.434,-2.31387
40.435,-2.31381
40.436,-2.31374
40.437,-2.31368
40.438,-2.31361
40.439,-2.31355
40.44,-2.31348
40.441,-2.31342
40.442,-2.31336
40.443,-2.31329
40.444,-2.31323
40.445,-2.31316
40.446,-2.3131
40.447,-2.31303
40.448,-2.31297
40.449,-2.31291
40.45,-2.31284
40.451,-2.31278
40.452,-2.31271
40.453,-2.31265
40.454,-2.31259
40.455,-2.31252
40.456,-2.31246
40.457,-2.3124
40.458,-2.31233
40.459,-2.31227
40.46,-2.3122
40.461,-2.31214
40.462,-2.31208
40.463,-2.31201
40.464,-2.31195
40.465,-2.31189
40.466,-2.31182
40.467,-2.31176
40.468,-2.3117
40.469,-2.31164
40.47,-2.31157
40.471,-2.31151
40.472,-2.31145
40.473,-2.31138
40.474,-2.31132
40.475,-2.31126
40.476,-2.3112
40.477,-2.31113
40.478,-2.31107
40.479,-2.31101
40.48,-2.31094
40.481,-2.31088
40.482,-2.31082
40.483,-2.31076
40.484,-2.3107
40.485,-2.31063
40.486,-2.31057
40.487,-2.31051
40.488,-2.31045
40.489,-2.31038
40.49,-2.31032
40.491,-2.31026
40.492,-2.3102
40.493,-2.31014
40.494,-2.31008
40.495,-2.31001
40.496,-2.30995
40.497,-2.30989
40.498,-2.30983
40.499,-2.30977
40.5,-2.30971
40.501,-2.30964
40.502,-2.30958
40.503,-2.30952
40.504,-2.30946
40.505,-2.3094
40.506,-2.30934
40.507,-2.30928
40.508,-2.30922
40.509,-2.30915
40.51,-2.30909
40.511,-2.30903
40.512,-2.30897
40.513,-2.30891
40.514,-2.30885
40.515,-2.30879
40.516,-2.30873
40.517,-2.30867
40.518,-2.30861
40.519,-2.30855
40.52,-2.30849
40.521,-2.30843
40.522,-2.30837
40.523,-2.30831
40.524,-2.30825
40.525,-2.30819
40.526,-2.30813
40.527,-2.30807
40.528,-2.30801
40.529,-2.30795
40.53,-2.30789
40.531,-2.30783
40.532,-2.30777
40.533,-2.30771
40.534,-2.30765
40.535,-2.30759
40.536,-2.30753
40.537,-2.30747
40.538,-2.30741
40.539,-2.30735
40.54,-2.30729
40.541,-2.30723
40.542,-2.30717
40.543,-2.30711
40.544,-2.30705
40.545,-2.30699
40.546,-2.30693
40.547,-2.30687
40.548,-2.30681
40.549,-2.30676
40.55,-2.3067
40.551,-2.30664
40.552,-2.30658
40.553,-2.30652
40.554,-2.30646
40.555,-2.3064
40.556,-2.30634
40.557,-2.30629
40.558,-2.30623
40.559,-2.30617
40.56,-2.30611
40.561,-2.30605
40.562,-2.30599
40.563,-2.30593
40.564,-2.30588
40.565,-2.30582
40.566,-2.30576
40.567,-2.3057
40.568,-2.30564
40.569,-2.30559
40.57,-2.30553
40.571,-2.30547
40.572,-2.30541
40.573,-2.30535
40.574,-2.3053
40.575,-2.30524
40.576,-2.30518
40.577,-2.30512
40.578,-2.30507
40.579,-2.30501
40.58,-2.30495
40.581,-2.30489
40.582,-2.30484
40.583,-2.30478
40.584,-2.30472
40.585,-2.30466
40.586,-2.30461
40.587,-2.30455
40.588,-2.30449
40.589,-2.30444
40.59,-2.30438
40.591,-2.30432
40.592,-2.30426
40.593,-2.30421
40.594,-2.30415
40.595,-2.30409
40.596,-2.30404
40.597,-2.30398
40.598,-2.30392
40.599,-2.30387
40.6,-2.30381
40.601,-2.30375
40.602,-2.3037
40.603,-2.30364
40.604,-2.30359
40.605,-2.30353
40.606,-2.30347
40.607,-2.30342
40.608,-2.30336
40.609,-2.3033
40.61,-2.30325
40.611,-2.30319
40.612,-2.30314
40.613,-2.30308
40.614,-2.30302
40.615,-2.30297
40.616,-2.30291
40.617,-2.30286
40.618,-2.3028
40.619,-2.30275
40.62,-2.30269
40.621,-2.30263
40.622,-2.30258
40.623,-2.30252
40.624,-2.30247
40.625,-2.30241
40.626,-2.30236
40.627,-2.3023
40.628,-2.30225
40.629,-2.30219
40.63,-2.30214
40.631,-2.30208
40.632,-2.30203
40.633,-2.30197
40.634,-2.30192
40.635,-2.30186
40.636,-2.30181
40.637,-2.30175
40.638,-2.3017
40.639,-2.30164
40.64,-2.30159
40.641,-2.30153
40.642,-2.30148
40.643,-2.30142
40.644,-2.30137
40.645,-2.30132
40.646,-2.30126
40.647,-2.30121
40.648,-2.30115
40.649,-2.3011
40.65,-2.30104
40.651,-2.30099
40.652,-2.30094
40.653,-2.30088
40.654,-2.30083
40.655,-2.30077
40.656,-2.30072
40.657,-2.30067
40.658,-2.30061
40.659,-2.30056
40.66,-2.30051
40.661,-2.30045
40.662,-2.3004
40.663,-2.30034
40.664,-2.30029
40.665,-2.30024
40.666,-2.30018
40.667,-2.30013
40.668,-2.30008
40.669,-2.30002
40.67,-2.29997
40.671,-2.29992
40.672,-2.29987
40.673,-2.29981
40.674,-2.29976
40.675,-2.29971
40.676,-2.29965
40.677,-2.2996
40.678,-2.29955
40.679,-2.29949
40.68,-2.29944
40.681,-2.29939
40.682,-2.29934
40.683,-2.29928
40.684,-2.29923
40.685,-2.29918
40.686,-2.29913
40.687,-2.29907
40.688,-2.29902
40.689,-2.29897
40.69,-2.29892
40.691,-2.29886
40.692,-2.29881
40.693,-2.29876
40.694,-2.29871
40.695,-2.29866
40.696,-2.2986
40.697,-2.29855
40.698,-2.2985
40.699,-2.29845
40.7,-2.2984
40.701,-2.29834
40.702,-2.29829
40.703,-2.29824
40.704,-2.29819
40.705,-2.29814
40.706,-2.29809
40.707,-2.29803
40.708,-2.29798
40.709,-2.29793
40.71,-2.29788
40.711,-2.29783
40.712,-2.29778
40.713,-2.29773
40.714,-2.29767
40.715,-2.29762
40.716,-2.29757
40.717,-2.29752
40.718,-2.29747
40.719,-2.29742
40.72,-2.29737
40.721,-2.29732
40.722,-2.29727
40.723,-2.29722
40.724,-2.29716
40.725,-2.29711
40.726,-2.29706
40.727,-2.29701
40.728,-2.29696
40.729,-2.29691
40.73,-2.29686
40.731,-2.29681
40.732,-2.29676
40.733,-2.29671
40.734,-2.29666
40.735,-2.29661
40.736,-2.29656
40.737,-2.29651
40.738,-2.29646
40.739,-2.29641
40.74,-2.29636
40.741,-2.29631
40.742,-2.29626
40.743,-2.29621
40.744,-2.29616
40.745,-2.29611
40.746,-2.29606
40.747,-2.29601
40.748,-2.29596
40.749,-2.29591
40.75,-2.29586
40.751,-2.29581
40.752,-2.29576
40.753,-2.29571
40.754,-2.29566
40.755,-2.29561
40.756,-2.29556
40.757,-2.29551
40.758,-2.29546
40.759,-2.29542
40.76,-2.29537
40.761,-2.29532
40.762,-2.29527
40.763,-2.29522
40.764,-2.29517
40.765,-2.29512
40.766,-2.29507
40.767,-2.29502
40.768,-2.29497
40.769,-2.29493
40.77,-2.29488
40.771,-2.29483
40.772,-2.29478
40.773,-2.29473
40.774,-2.29468
40.775,-2.29463
40.776,-2.29459
40.777,-2.29454
40.778,-2.29449
40.779,-2.29444
40.78,-2.29439
40.781,-2.29434
40.782,-2.2943
40.783,-2.29425
40.784,-2.2942
40.785,-2.29415
40.786,-2.2941
40.787,-2.29406
40.788,-2.29401
40.789,-2.29396
40.79,-2.29391
40.791,-2.29386
40.792,-2.29382
40.793,-2.29377
40.794,-2.29372
40.795,-2.29367
40.796,-2.29363
40.797,-2.29358
40.798,-2.29353
40.799,-2.29348
40.8,-2.29344
40.801,-2.29339
40.802,-2.29334
40.803,-2.29329
40.804,-2.29325
40.805,-2.2932
40.806,-2.29315
40.807,-2.2931
40.808,-2.29306
40.809,-2.29301
40.81,-2.29296
40.811,-2.29292
40.812,-2.29287
40.813,-2.29282
40.814,-2.29278
40.815,-2.29273
40.816,-2.29268
40.817,-2.29264
40.818,-2.29259
40.819,-2.29254
40.82,-2.2925
40.821,-2.29245
40.822,-2.2924
40.823,-2.29236
40.824,-2.29231
40.825,-2.29226
40.826,-2.29222
40.827,-2.29217
40.828,-2.29212
40.829,-2.29208
40.83,-2.29203
40.831,-2.29199
40.832,-2.29194
40.833,-2.29189
40.834,-2.29185
40.835,-2.2918
40.836,-2.29176
40.837,-2.29171
40.838,-2.29166
40.839,-2.29162
40.84,-2.29157
40.841,-2.29153
40.842,-2.29148
40.843,-2.29144
40.844,-2.29139
40.845,-2.29134
40.846,-2.2913
40.847,-2.29125
40.848,-2.29121
40.849,-2.29116
40.85,-2.29112
40.851,-2.29107
40.852,-2.29103
40.853,-2.29098
40.854,-2.29094
40.855,-2.29089
40.856,-2.29085
40.857,-2.2908
40.858,-2.29076
40.859,-2.29071
40.86,-2.29067
40.861,-2.29062
40.862,-2.29058
40.863,-2.29053
40.864,-2.29049
40.865,-2.29044
40.866,-2.2904
40.867,-2.29035
40.868,-2.29031
40.869,-2.29026
40.87,-2.29022
40.871,-2.29018
40.872,-2.29013
40.873,-2.29009
40.874,-2.29004
40.875,-2.29
40.876,-2.28995
40.877,-2.28991
40.878,-2.28987
40.879,-2.28982
40.88,-2.28978
40.881,-2.28973
40.882,-2.28969
40.883,-2.28965
40.884,-2.2896
40.885,-2.28956
40.886,-2.28951
40.887,-2.28947
40.888,-2.28943
40.889,-2.28938
40.89,-2.28934
40.891,-2.2893
40.892,-2.28925
40.893,-2.28921
40.894,-2.28916
40.895,-2.28912
40.896,-2.28908
40.897,-2.28903
40.898,-2.28899
40.899,-2.28895
40.9,-2.2889
40.901,-2.28886
40.902,-2.28882
40.903,-2.28877
40.904,-2.28873
40.905,-2.28869
40.906,-2.28865
40.907,-2.2886
40.908,-2.28856
40.909,-2.28852
40.91,-2.28847
40.911,-2.28843
40.912,-2.28839
40.913,-2.28835
40.914,-2.2883
40.915,-2.28826
40.916,-2.28822
40.917,-2.28818
40.918,-2.28813
40.919,-2.28809
40.92,-2.28805
40.921,-2.28801
40.922,-2.28796
40.923,-2.28792
40.924,-2.28788
40.925,-2.28784
40.926,-2.28779
40.927,-2.28775
40.928,-2.28771
40.929,-2.28767
40.93,-2.28763
40.931,-2.28758
40.932,-2.28754
40.933,-2.2875
40.934,-2.28746
40.935,-2.28742
40.936,-2.28737
40.937,-2.28733
40.938,-2.28729
40.939,-2.28725
40.94,-2.28721
40.941,-2.28717
40.942,-2.28712
40.943,-2.28708
40.944,-2.28704
40.945,-2.287
40.946,-2.28696
40.947,-2.28692
40.948,-2.28688
40.949,-2.28683
40.95,-2.28679
40.951,-2.28675
40.952,-2.28671
40.953,-2.28667
40.954,-2.28663
40.955,-2.28659
40.956,-2.28655
40.957,-2.28651
40.958,-2.28646
40.959,-2.28642
40.96,-2.28638
40.961,-2.28634
40.962,-2.2863
40.963,-2.28626
40.964,-2.28622
40.965,-2.28618
40.966,-2.28614
40.967,-2.2861
40.968,-2.28606
40.969,-2.28602
40.97,-2.28598
40.971,-2.28594
40.972,-2.2859
40.973,-2.28585
40.974,-2.28581
40.975,-2.28577
40.976,-2.28573
40.977,-2.28569
40.978,-2.28565
40.979,-2.28561
40.98,-2.28557
40.981,-2.28553
40.982,-2.28549
40.983,-2.28545
40.984,-2.28541
40.985,-2.28537
40.986,-2.28533
40.987,-2.28529
40.988,-2.28525
40.989,-2.28521
40.99,-2.28517
40.991,-2.28513
40.992,-2.2851
40.993,-2.28506
40.994,-2.28502
40.995,-2.28498
40.996,-2.28494
40.997,-2.2849
40.998,-2.28486
40.999,-2.28482
41,-2.28478
41.001,-2.28474
41.002,-2.2847
41.003,-2.28466
41.004,-2.28462
41.005,-2.28458
41.006,-2.28454
41.007,-2.28451
41.008,-2.28447
41.009,-2.28443
41.01,-2.28439
41.011,-2.28435
41.012,-2.28431
41.013,-2.28427
41.014,-2.28423
41.015,-2.28419
41.016,-2.28416
41.017,-2.28412
41.018,-2.28408
41.019,-2.28404
41.02,-2.284
41.021,-2.28396
41.022,-2.28392
41.023,-2.28389
41.024,-2.28385
41.025,-2.28381
41.026,-2.28377
41.027,-2.28373
41.028,-2.28369
41.029,-2.28366
41.03,-2.28362
41.031,-2.28358
41.032,-2.28354
41.033,-2.2835
41.034,-2.28347
41.035,-2.28343
41.036,-2.28339
41.037,-2.28335
41.038,-2.28331
41.039,-2.28328
41.04,-2.28324
41.041,-2.2832
41.042,-2.28316
41.043,-2.28313
41.044,-2.28309
41.045,-2.28305
41.046,-2.28301
41.047,-2.28298
41.048,-2.28294
41.049,-2.2829
41.05,-2.28286
41.051,-2.28283
41.052,-2.28279
41.053,-2.28275
41.054,-2.28271
41.055,-2.28268
41.056,-2.28264
41.057,-2.2826
41.058,-2.28256
41.059,-2.28253
41.06,-2.28249
41.061,-2.28245
41.062,-2.28242
41.063,-2.28238
41.064,-2.28234
41.065,-2.28231
41.066,-2.28227
41.067,-2.28223
41.068,-2.2822
41.069,-2.28216
41.07,-2.28212
41.071,-2.28209
41.072,-2.28205
41.073,-2.28201
41.074,-2.28198
41.075,-2.28194
41.076,-2.2819
41.077,-2.28187
41.078,-2.28183
41.079,-2.28179
41.08,-2.28176
41.081,-2.28172
41.082,-2.28169
41.083,-2.28165
41.084,-2.28161
41.085,-2.28158
41.086,-2.28154
41.087,-2.2815
41.088,-2.28147
41.089,-2.28143
41.09,-2.2814
41.091,-2.28136
41.092,-2.28133
41.093,-2.28129
41.094,-2.28125
41.095,-2.28122
41.096,-2.28118
41.097,-2.28115
41.098,-2.28111
41.099,-2.28107
41.1,-2.28104
41.101,-2.281
41.102,-2.28097
41.103,-2.28093
41.104,-2.2809
41.105,-2.28086
41.106,-2.28083
41.107,-2.28079
41.108,-2.28076
41.109,-2.28072
41.11,-2.28069
41.111,-2.28065
41.112,-2.28062
41.113,-2.28058
41.114,-2.28055
41.115,-2.28051
41.116,-2.28048
41.117,-2.28044
41.118,-2.28041
41.119,-2.28037
41.12,-2.28034
41.121,-2.2803
41.122,-2.28027
41.123,-2.28023
41.124,-2.2802
41.125,-2.28016
41.126,-2.28013
41.127,-2.28009
41.128,-2.28006
41.129,-2.28002
41.13,-2.27999
41.131,-2.27995
41.132,-2.27992
41.133,-2.27989
41.134,-2.27985
41.135,-2.27982
41.136,-2.27978
41.137,-2.27975
41.138,-2.27971
41.139,-2.27968
41.14,-2.27965
41.141,-2.27961
41.142,-2.27958
41.143,-2.27954
41.144,-2.27951
41.145,-2.27948
41.146,-2.27944
41.147,-2.27941
41.148,-2.27937
41.149,-2.27934
41.15,-2.27931
41.151,-2.27927
41.152,-2.27924
41.153,-2.27921
41.154,-2.27917
41.155,-2.27914
41.156,-2.2791
41.157,-2.27907
41.158,-2.27904
41.159,-2.279
41.16,-2.27897
41.161,-2.27894
41.162,-2.2789
41.163,-2.27887
41.164,-2.27884
41.165,-2.2788
41.166,-2.27877
41.167,-2.27874
41.168,-2.2787
41.169,-2.27867
41.17,-2.27864
41.171,-2.27861
41.172,-2.27857
41.173,-2.27854
41.174,-2.27851
41.175,-2.27847
41.176,-2.27844
41.177,-2.27841
41.178,-2.27838
41.179,-2.27834
41.18,-2.27831
41.181,-2.27828
41.182,-2.27824
41.183,-2.27821
41.184,-2.27818
41.185,-2.27815
41.186,-2.27811
41.187,-2.27808
41.188,-2.27805
41.189,-2.27802
41.19,-2.27798
41.191,-2.27795
41.192,-2.27792
41.193,-2.27789
41.194,-2.27785
41.195,-2.27782
41.196,-2.27779
41.197,-2.27776
41.198,-2.27773
41.199,-2.27769
41.2,-2.27766
41.201,-2.27763
41.202,-2.2776
41.203,-2.27757
41.204,-2.27753
41.205,-2.2775
41.206,-2.27747
41.207,-2.27744
41.208,-2.27741
41.209,-2.27738
41.21,-2.27734
41.211,-2.27731
41.212,-2.27728
41.213,-2.27725
41.214,-2.27722
41.215,-2.27719
41.216,-2.27715
41.217,-2.27712
41.218,-2.27709
41.219,-2.27706
41.22,-2.27703
41.221,-2.277
41.222,-2.27697
41.223,-2.27693
41.224,-2.2769
41.225,-2.27687
41.226,-2.27684
41.227,-2.27681
41.228,-2.27678
41.229,-2.27675
41.23,-2.27672
41.231,-2.27669
41.232,-2.27665
41.233,-2.27662
41.234,-2.27659
41.235,-2.27656
41.236,-2.27653
41.237,-2.2765
41.238,-2.27647
41.239,-2.27644
41.24,-2.27641
41.241,-2.27638
41.242,-2.27635
41.243,-2.27632
41.244,-2.27629
41.245,-2.27626
41.246,-2.27623
41.247,-2.27619
41.248,-2.27616
41.249,-2.27613
41.25,-2.2761
41.251,-2.27607
41.252,-2.27604
41.253,-2.27601
41.254,-2.27598
41.255,-2.27595
41.256,-2.27592
41.257,-2.27589
41.258,-2.27586
41.259,-2.27583
41.26,-2.2758
41.261,-2.27577
41.262,-2.27574
41.263,-2.27571
41.264,-2.27568
41.265,-2.27565
41.266,-2.27562
41.267,-2.27559
41.268,-2.27556
41.269,-2.27553
41.27,-2.2755
41.271,-2.27547
41.272,-2.27544
41.273,-2.27541
41.274,-2.27539
41.275,-2.27536
41.276,-2.27533
41.277,-2.2753
41.278,-2.27527
41.279,-2.27524
41.28,-2.27521
41.281,-2.27518
41.282,-2.27515
41.283,-2.27512
41.284,-2.27509
41.285,-2.27506
41.286,-2.27503
41.287,-2.275
41.288,-2.27497
41.289,-2.27495
41.29,-2.27492
41.291,-2.27489
41.292,-2.27486
41.293,-2.27483
41.294,-2.2748
41.295,-2.27477
41.296,-2.27474
41.297,-2.27471
41.298,-2.27469
41.299,-2.27466
41.3,-2.27463
41.301,-2.2746
41.302,-2.27457
41.303,-2.27454
41.304,-2.27451
41.305,-2.27449
41.306,-2.27446
41.307,-2.27443
41.308,-2.2744
41.309,-2.27437
41.31,-2.27434
41.311,-2.27431
41.312,-2.27429
41.313,-2.27426
41.314,-2.27423
41.315,-2.2742
41.316,-2.27417
41.317,-2.27415
41.318,-2.27412
41.319,-2.27409
41.32,-2.27406
41.321,-2.27403
41.322,-2.274
41.323,-2.27398
41.324,-2.27395
41.325,-2.27392
41.326,-2.27389
41.327,-2.27387
41.328,-2.27384
41.329,-2.27381
41.33,-2.27378
41.331,-2.27375
41.332,-2.27373
41.333,-2.2737
41.334,-2.27367
41.335,-2.27364
41.336,-2.27362
41.337,-2.27359
41.338,-2.27356
41.339,-2.27353
41.34,-2.27351
41.341,-2.27348
41.342,-2.27345
41.343,-2.27342
41.344,-2.2734
41.345,-2.27337
41.346,-2.27334
41.347,-2.27332
41.348,-2.27329
41.349,-2.27326
41.35,-2.27323
41.351,-2.27321
41.352,-2.27318
41.353,-2.27315
41.354,-2.27313
41.355,-2.2731
41.356,-2.27307
41.357,-2.27305
41.358,-2.27302
41.359,-2.27299
41.36,-2.27296
41.361,-2.27294
41.362,-2.27291
41.363,-2.27288
41.364,-2.27286
41.365,-2.27283
41.366,-2.2728
41.367,-2.27278
41.368,-2.27275
41.369,-2.27273
41.37,-2.2727
41.371,-2.27267
41.372,-2.27265
41.373,-2.27262
41.374,-2.27259
41.375,-2.27257
41.376,-2.27254
41.377,-2.27251
41.378,-2.27249
41.379,-2.27246
41.38,-2.27244
41.381,-2.27241
41.382,-2.27238
41.383,-2.27236
41.384,-2.27233
41.385,-2.27231
41.386,-2.27228
41.387,-2.27225
41.388,-2.27223
41.389,-2.2722
41.39,-2.27218
41.391,-2.27215
41.392,-2.27212
41.393,-2.2721
41.394,-2.27207
41.395,-2.27205
41.396,-2.27202
41.397,-2.272
41.398,-2.27197
41.399,-2.27194
41.4,-2.27192
41.401,-2.27189
41.402,-2.27187
41.403,-2.27184
41.404,-2.27182
41.405,-2.27179
41.406,-2.27177
41.407,-2.27174
41.408,-2.27172
41.409,-2.27169
41.41,-2.27166
41.411,-2.27164
41.412,-2.27161
41.413,-2.27159
41.414,-2.27156
41.415,-2.27154
41.416,-2.27151
41.417,-2.27149
41.418,-2.27146
41.419,-2.27144
41.42,-2.27141
41.421,-2.27139
41.422,-2.27136
41.423,-2.27134
41.424,-2.27131
41.425,-2.27129
41.426,-2.27127
41.427,-2.27124
41.428,-2.27122
41.429,-2.27119
41.43,-2.27117
41.431,-2.27114
41.432,-2.27112
41.433,-2.27109
41.434,-2.27107
41.435,-2.27104
41.436,-2.27102
41.437,-2.27099
41.438,-2.27097
41.439,-2.27095
41.44,-2.27092
41.441,-2.2709
41.442,-2.27087
41.443,-2.27085
41.444,-2.27082
41.445,-2.2708
41.446,-2.27078
41.447,-2.27075
41.448,-2.27073
41.449,-2.2707
41.45,-2.27068
41.451,-2.27066
41.452,-2.27063
41.453,-2.27061
41.454,-2.27058
41.455,-2.27056
41.456,-2.27054
41.457,-2.27051
41.458,-2.27049
41.459,-2.27047
41.46,-2.27044
41.461,-2.27042
41.462,-2.27039
41.463,-2.27037
41.464,-2.27035
41.465,-2.27032
41.466,-2.2703
41.467,-2.27028
41.468,-2.27025
41.469,-2.27023
41.47,-2.27021
41.471,-2.27018
41.472,-2.27016
41.473,-2.27014
41.474,-2.27011
41.475,-2.27009
41.476,-2.27007
41.477,-2.27004
41.478,-2.27002
41.479,-2.27
41.48,-2.26997
41.481,-2.26995
41.482,-2.26993
41.483,-2.2699
41.484,-2.26988
41.485,-2.26986
41.486,-2.26983
41.487,-2.26981
41.488,-2.26979
41.489,-2.26977
41.49,-2.26974
41.491,-2.26972
41.492,-2.2697
41.493,-2.26967
41.494,-2.26965
41.495,-2.26963
41.496,-2.26961
41.497,-2.26958
41.498,-2.26956
41.499,-2.26954
41.5,-2.26952
41.501,-2.26949
41.502,-2.26947
41.503,-2.26945
41.504,-2.26943
41.505,-2.2694
41.506,-2.26938
41.507,-2.26936
41.508,-2.26934
41.509,-2.26931
41.51,-2.26929
41.511,-2.26927
41.512,-2.26925
41.513,-2.26923
41.514,-2.2692
41.515,-2.26918
41.516,-2.26916
41.517,-2.26914
41.518,-2.26911
41.519,-2.26909
41.52,-2.26907
41.521,-2.26905
41.522,-2.26903
41.523,-2.269
41.524,-2.26898
41.525,-2.26896
41.526,-2.26894
41.527,-2.26892
41.528,-2.2689
41.529,-2.26887
41.53,-2.26885
41.531,-2.26883
41.532,-2.26881
41.533,-2.26879
41.534,-2.26877
41.535,-2.26874
41.536,-2.26872
41.537,-2.2687
41.538,-2.26868
41.539,-2.26866
41.54,-2.26864
41.541,-2.26862
41.542,-2.26859
41.543,-2.26857
41.544,-2.26855
41.545,-2.26853
41.546,-2.26851
41.547,-2.26849
41.548,-2.26847
41.549,-2.26845
41.55,-2.26842
41.551,-2.2684
41.552,-2.26838
41.553,-2.26836
41.554,-2.26834
41.555,-2.26832
41.556,-2.2683
41.557,-2.26828
41.558,-2.26826
41.559,-2.26823
41.56,-2.26821
41.561,-2.26819
41.562,-2.26817
41.563,-2.26815
41.564,-2.26813
41.565,-2.26811
41.566,-2.26809
41.567,-2.26807
41.568,-2.26805
41.569,-2.26803
41.57,-2.26801
41.571,-2.26799
41.572,-2.26797
41.573,-2.26795
41.574,-2.26792
41.575,-2.2679
41.576,-2.26788
41.577,-2.26786
41.578,-2.26784
41.579,-2.26782
41.58,-2.2678
41.581,-2.26778
41.582,-2.26776
41.583,-2.26774
41.584,-2.26772
41.585,-2.2677
41.586,-2.26768
41.587,-2.26766
41.588,-2.26764
41.589,-2.26762
41.59,-2.2676
41.591,-2.26758
41.592,-2.26756
41.593,-2.26754
41.594,-2.26752
41.595,-2.2675
41.596,-2.26748
41.597,-2.26746
41.598,-2.26744
41.599,-2.26742
41.6,-2.2674
41.601,-2.26738
41.602,-2.26736
41.603,-2.26734
41.604,-2.26732
41.605,-2.2673
41.606,-2.26728
41.607,-2.26726
41.608,-2.26725
41.609,-2.26723
41.61,-2.26721
41.611,-2.26719
41.612,-2.26717
41.613,-2.26715
41.614,-2.26713
41.615,-2.26711
41.616,-2.26709
41.617,-2.26707
41.618,-2.26705
41.619,-2.26703
41.62,-2.26701
41.621,-2.26699
41.622,-2.26697
41.623,-2.26696
41.624,-2.26694
41.625,-2.26692
41.626,-2.2669
41.627,-2.26688
41.628,-2.26686
41.629,-2.26684
41.63,-2.26682
41.631,-2.2668
41.632,-2.26678
41.633,-2.26677
41.634,-2.26675
41.635,-2.26673
41.636,-2.26671
41.637,-2.26669
41.638,-2.26667
41.639,-2.26665
41.64,-2.26663
41.641,-2.26662
41.642,-2.2666
41.643,-2.26658
41.644,-2.26656
41.645,-2.26654
41.646,-2.26652
41.647,-2.2665
41.648,-2.26649
41.649,-2.26647
41.65,-2.26645
41.651,-2.26643
41.652,-2.26641
41.653,-2.26639
41.654,-2.26638
41.655,-2.26636
41.656,-2.26634
41.657,-2.26632
41.658,-2.2663
41.659,-2.26628
41.66,-2.26627
41.661,-2.26625
41.662,-2.26623
41.663,-2.26621
41.664,-2.26619
41.665,-2.26618
41.666,-2.26616
41.667,-2.26614
41.668,-2.26612
41.669,-2.2661
41.67,-2.26609
41.671,-2.26607
41.672,-2.26605
41.673,-2.26603
41.674,-2.26602
41.675,-2.266
41.676,-2.26598
41.677,-2.26596
41.678,-2.26594
41.679,-2.26593
41.68,-2.26591
41.681,-2.26589
41.682,-2.26587
41.683,-2.26586
41.684,-2.26584
41.685,-2.26582
41.686,-2.2658
41.687,-2.26579
41.688,-2.26577
41.689,-2.26575
41.69,-2.26573
41.691,-2.26572
41.692,-2.2657
41.693,-2.26568
41.694,-2.26567
41.695,-2.26565
41.696,-2.26563
41.697,-2.26561
41.698,-2.2656
41.699,-2.26558
41.7,-2.26556
41.701,-2.26555
41.702,-2.26553
41.703,-2.26551
41.704,-2.26549
41.705,-2.26548
41.706,-2.26546
41.707,-2.26544
41.708,-2.26543
41.709,-2.26541
41.71,-2.26539
41.711,-2.26538
41.712,-2.26536
41.713,-2.26534
41.714,-2.26533
41.715,-2.26531
41.716,-2.26529
41.717,-2.26528
41.718,-2.26526
41.719,-2.26524
41.72,-2.26523
41.721,-2.26521
41.722,-2.26519
41.723,-2.26518
41.724,-2.26516
41.725,-2.26514
41.726,-2.26513
41.727,-2.26511
41.728,-2.26509
41.729,-2.26508
41.73,-2.26506
41.731,-2.26505
41.732,-2.26503
41.733,-2.26501
41.734,-2.265
41.735,-2.26498
41.736,-2.26496
41.737,-2.26495
41.738,-2.26493
41.739,-2.26492
41.74,-2.2649
41.741,-2.26488
41.742,-2.26487
41.743,-2.26485
41.744,-2.26484
41.745,-2.26482
41.746,-2.2648
41.747,-2.26479
41.748,-2.26477
41.749,-2.26476
41.75,-2.26474
41.751,-2.26472
41.752,-2.26471
41.753,-2.26469
41.754,-2.26468
41.755,-2.26466
41.756,-2.26465
41.757,-2.26463
41.758,-2.26461
41.759,-2.2646
41.76,-2.26458
41.761,-2.26457
41.762,-2.26455
41.763,-2.26454
41.764,-2.26452
41.765,-2.26451
41.766,-2.26449
41.767,-2.26448
41.768,-2.26446
41.769,-2.26444
41.77,-2.26443
41.771,-2.26441
41.772,-2.2644
41.773,-2.26438
41.774,-2.26437
41.775,-2.26435
41.776,-2.26434
41.777,-2.26432
41.778,-2.26431
41.779,-2.26429
41.78,-2.26428
41.781,-2.26426
41.782,-2.26425
41.783,-2.26423
41.784,-2.26422
41.785,-2.2642
41.786,-2.26419
41.787,-2.26417
41.788,-2.26416
41.789,-2.26414
41.79,-2.26413
41.791,-2.26411
41.792,-2.2641
41.793,-2.26408
41.794,-2.26407
41.795,-2.26405
41.796,-2.26404
41.797,-2.26402
41.798,-2.26401
41.799,-2.264
41.8,-2.26398
41.801,-2.26397
41.802,-2.26395
41.803,-2.26394
41.804,-2.26392
41.805,-2.26391
41.806,-2.26389
41.807,-2.26388
41.808,-2.26386
41.809,-2.26385
41.81,-2.26384
41.811,-2.26382
41.812,-2.26381
41.813,-2.26379
41.814,-2.26378
41.815,-2.26376
41.816,-2.26375
41.817,-2.26374
41.818,-2.26372
41.819,-2.26371
41.82,-2.26369
41.821,-2.26368
41.822,-2.26367
41.823,-2.26365
41.824,-2.26364
41.825,-2.26362
41.826,-2.26361
41.827,-2.2636
41.828,-2.26358
41.829,-2.26357
41.83,-2.26355
41.831,-2.26354
41.832,-2.26353
41.833,-2.26351
41.834,-2.2635
41.835,-2.26349
41.836,-2.26347
41.837,-2.26346
41.838,-2.26344
41.839,-2.26343
41.84,-2.26342
41.841,-2.2634
41.842,-2.26339
41.843,-2.26338
41.844,-2.26336
41.845,-2.26335
41.846,-2.26334
41.847,-2.26332
41.848,-2.26331
41.849,-2.2633
41.85,-2.26328
41.851,-2.26327
41.852,-2.26326
41.853,-2.26324
41.854,-2.26323
41.855,-2.26322
41.856,-2.2632
41.857,-2.26319
41.858,-2.26318
41.859,-2.26316
41.86,-2.26315
41.861,-2.26314
41.862,-2.26312
41.863,-2.26311
41.864,-2.2631
41.865,-2.26308
41.866,-2.26307
41.867,-2.26306
41.868,-2.26305
41.869,-2.26303
41.87,-2.26302
41.871,-2.26301
41.872,-2.26299
41.873,-2.26298
41.874,-2.26297
41.875,-2.26296
41.876,-2.26294
41.877,-2.26293
41.878,-2.26292
41.879,-2.2629
41.88,-2.26289
41.881,-2.26288
41.882,-2.26287
41.883,-2.26285
41.884,-2.26284
41.885,-2.26283
41.886,-2.26282
41.887,-2.2628
41.888,-2.26279
41.889,-2.26278
41.89,-2.26277
41.891,-2.26275
41.892,-2.26274
41.893,-2.26273
41.894,-2.26272
41.895,-2.2627
41.896,-2.26269
41.897,-2.26268
41.898,-2.26267
41.899,-2.26265
41.9,-2.26264
41.901,-2.26263
41.902,-2.26262
41.903,-2.26261
41.904,-2.26259
41.905,-2.26258
41.906,-2.26257
41.907,-2.26256
41.908,-2.26255
41.909,-2.26253
41.91,-2.26252
41.911,-2.26251
41.912,-2.2625
41.913,-2.26249
41.914,-2.26247
41.915,-2.26246
41.916,-2.26245
41.917,-2.26244
41.918,-2.26243
41.919,-2.26241
41.92,-2.2624
41.921,-2.26239
41.922,-2.26238
41.923,-2.26237
41.924,-2.26236
41.925,-2.26234
41.926,-2.26233
41.927,-2.26232
41.928,-2.26231
41.929,-2.2623
41.93,-2.26229
41.931,-2.26228
41.932,-2.26226
41.933,-2.26225
41.934,-2.26224
41.935,-2.26223
41.936,-2.26222
41.937,-2.26221
41.938,-2.2622
41.939,-2.26218
41.94,-2.26217
41.941,-2.26216
41.942,-2.26215
41.943,-2.26214
41.944,-2.26213
41.945,-2.26212
41.946,-2.26211
41.947,-2.26209
41.948,-2.26208
41.949,-2.26207
41.95,-2.26206
41.951,-2.26205
41.952,-2.26204
41.953,-2.26203
41.954,-2.26202
41.955,-2.26201
41.956,-2.26199
41.957,-2.26198
41.958,-2.26197
41.959,-2.26196
41.96,-2.26195
41.961,-2.26194
41.962,-2.26193
41.963,-2.26192
41.964,-2.26191
41.965,-2.2619
41.966,-2.26189
41.967,-2.26188
41.968,-2.26186
41.969,-2.26185
41.97,-2.26184
41.971,-2.26183
41.972,-2.26182
41.973,-2.26181
41.974,-2.2618
41.975,-2.26179
41.976,-2.26178
41.977,-2.26177
41.978,-2.26176
41.979,-2.26175
41.98,-2.26174
41.981,-2.26173
41.982,-2.26172
41.983,-2.26171
41.984,-2.2617
41.985,-2.26169
41.986,-2.26168
41.987,-2.26167
41.988,-2.26166
41.989,-2.26165
41.99,-2.26164
41.991,-2.26163
41.992,-2.26162
41.993,-2.2616
41.994,-2.26159
41.995,-2.26158
41.996,-2.26157
41.997,-2.26156
41.998,-2.26155
41.999,-2.26154
42,-2.26153
42.001,-2.26152
42.002,-2.26151
42.003,-2.2615
42.004,-2.26149
42.005,-2.26148
42.006,-2.26148
42.007,-2.26147
42.008,-2.26146
42.009,-2.26145
42.01,-2.26144
42.011,-2.26143
42.012,-2.26142
42.013,-2.26141
42.014,-2.2614
42.015,-2.26139
42.016,-2.26138
42.017,-2.26137
42.018,-2.26136
42.019,-2.26135
42.02,-2.26134
42.021,-2.26133
42.022,-2.26132
42.023,-2.26131
42.024,-2.2613
42.025,-2.26129
42.026,-2.26128
42.027,-2.26127
42.028,-2.26126
42.029,-2.26125
42.03,-2.26124
42.031,-2.26124
42.032,-2.26123
42.033,-2.26122
42.034,-2.26121
42.035,-2.2612
42.036,-2.26119
42.037,-2.26118
42.038,-2.26117
42.039,-2.26116
42.04,-2.26115
42.041,-2.26114
42.042,-2.26113
42.043,-2.26113
42.044,-2.26112
42.045,-2.26111
42.046,-2.2611
42.047,-2.26109
42.048,-2.26108
42.049,-2.26107
42.05,-2.26106
42.051,-2.26105
42.052,-2.26104
42.053,-2.26104
42.054,-2.26103
42.055,-2.26102
42.056,-2.26101
42.057,-2.261
42.058,-2.26099
42.059,-2.26098
42.06,-2.26097
42.061,-2.26097
42.062,-2.26096
42.063,-2.26095
42.064,-2.26094
42.065,-2.26093
42.066,-2.26092
42.067,-2.26091
42.068,-2.26091
42.069,-2.2609
42.07,-2.26089
42.071,-2.26088
42.072,-2.26087
42.073,-2.26086
42.074,-2.26085
42.075,-2.26085
42.076,-2.26084
42.077,-2.26083
42.078,-2.26082
42.079,-2.26081
42.08,-2.2608
42.081,-2.2608
42.082,-2.26079
42.083,-2.26078
42.084,-2.26077
42.085,-2.26076
42.086,-2.26076
42.087,-2.26075
42.088,-2.26074
42.089,-2.26073
42.09,-2.26072
42.091,-2.26071
42.092,-2.26071
42.093,-2.2607
42.094,-2.26069
42.095,-2.26068
42.096,-2.26067
42.097,-2.26067
42.098,-2.26066
42.099,-2.26065
42.1,-2.26064
42.101,-2.26064
42.102,-2.26063
42.103,-2.26062
42.104,-2.26061
42.105,-2.2606
42.106,-2.2606
42.107,-2.26059
42.108,-2.26058
42.109,-2.26057
42.11,-2.26057
42.111,-2.26056
42.112,-2.26055
42.113,-2.26054
42.114,-2.26053
42.115,-2.26053
42.116,-2.26052
42.117,-2.26051
42.118,-2.2605
42.119,-2.2605
42.12,-2.26049
42.121,-2.26048
42.122,-2.26047
42.123,-2.26047
42.124,-2.26046
42.125,-2.26045
42.126,-2.26045
42.127,-2.26044
42.128,-2.26043
42.129,-2.26042
42.13,-2.26042
42.131,-2.26041
42.132,-2.2604
42.133,-2.26039
42.134,-2.26039
42.135,-2.26038
42.136,-2.26037
42.137,-2.26037
42.138,-2.26036
42.139,-2.26035
42.14,-2.26034
42.141,-2.26034
42.142,-2.26033
42.143,-2.26032
42.144,-2.26032
42.145,-2.26031
42.146,-2.2603
42.147,-2.2603
42.148,-2.26029
42.149,-2.26028
42.15,-2.26027
42.151,-2.26027
42.152,-2.26026
42.153,-2.26025
42.154,-2.26025
42.155,-2.26024
42.156,-2.26023
42.157,-2.26023
42.158,-2.26022
42.159,-2.26021
42.16,-2.26021
42.161,-2.2602
42.162,-2.26019
42.163,-2.26019
42.164,-2.26018
42.165,-2.26017
42.166,-2.26017
42.167,-2.26016
42.168,-2.26015
42.169,-2.26015
42.17,-2.26014
42.171,-2.26014
42.172,-2.26013
42.173,-2.26012
42.174,-2.26012
42.175,-2.26011
42.176,-2.2601
42.177,-2.2601
42.178,-2.26009
42.179,-2.26008
42.18,-2.26008
42.181,-2.26007
42.182,-2.26007
42.183,-2.26006
42.184,-2.26005
42.185,-2.26005
42.186,-2.26004
42.187,-2.26003
42.188,-2.26003
42.189,-2.26002
42.19,-2.26002
42.191,-2.26001
42.192,-2.26
42.193,-2.26
42.194,-2.25999
42.195,-2.25999
42.196,-2.25998
42.197,-2.25997
42.198,-2.25997
42.199,-2.25996
42.2,-2.25996
42.201,-2.25995
42.202,-2.25994
42.203,-2.25994
42.204,-2.25993
42.205,-2.25993
42.206,-2.25992
42.207,-2.25992
42.208,-2.25991
42.209,-2.2599
42.21,-2.2599
42.211,-2.25989
42.212,-2.25989
42.213,-2.25988
42.214,-2.25988
42.215,-2.25987
42.216,-2.25986
42.217,-2.25986
42.218,-2.25985
42.219,-2.25985
42.22,-2.25984
42.221,-2.25984
42.222,-2.25983
42.223,-2.25983
42.224,-2.25982
42.225,-2.25982
42.226,-2.25981
42.227,-2.2598
42.228,-2.2598
42.229,-2.25979
42.23,-2.25979
42.231,-2.25978
42.232,-2.25978
42.233,-2.25977
42.234,-2.25977
42.235,-2.25976
42.236,-2.25976
42.237,-2.25975
42.238,-2.25975
42.239,-2.25974
42.24,-2.25974
42.241,-2.25973
42.242,-2.25973
42.243,-2.25972
42.244,-2.25972
42.245,-2.25971
42.246,-2.25971
42.247,-2.2597
42.248,-2.2597
42.249,-2.25969
42.25,-2.25969
42.251,-2.25968
42.252,-2.25968
42.253,-2.25967
42.254,-2.25967
42.255,-2.25966
42.256,-2.25966
42.257,-2.25965
42.258,-2.25965
42.259,-2.25964
42.26,-2.25964
42.261,-2.25963
42.262,-2.25963
42.263,-2.25962
42.264,-2.25962
42.265,-2.25961
42.266,-2.25961
42.267,-2.2596
42.268,-2.2596
42.269,-2.2596
42.27,-2.25959
42.271,-2.25959
42.272,-2.25958
42.273,-2.25958
42.274,-2.25957
42.275,-2.25957
42.276,-2.25956
42.277,-2.25956
42.278,-2.25955
42.279,-2.25955
42.28,-2.25955
42.281,-2.25954
42.282,-2.25954
42.283,-2.25953
42.284,-2.25953
42.285,-2.25952
42.286,-2.25952
42.287,-2.25952
42.288,-2.25951
42.289,-2.25951
42.29,-2.2595
42.291,-2.2595
42.292,-2.25949
42.293,-2.25949
42.294,-2.25949
42.295,-2.25948
42.296,-2.25948
42.297,-2.25947
42.298,-2.25947
42.299,-2.25947
42.3,-2.25946
42.301,-2.25946
42.302,-2.25945
42.303,-2.25945
42.304,-2.25945
42.305,-2.25944
42.306,-2.25944
42.307,-2.25943
42.308,-2.25943
42.309,-2.25943
42.31,-2.25942
42.311,-2.25942
42.312,-2.25942
42.313,-2.25941
42.314,-2.25941
42.315,-2.2594
42.316,-2.2594
42.317,-2.2594
42.318,-2.25939
42.319,-2.25939
42.32,-2.25939
42.321,-2.25938
42.322,-2.25938
42.323,-2.25937
42.324,-2.25937
42.325,-2.25937
42.326,-2.25936
42.327,-2.25936
42.328,-2.25936
42.329,-2.25935
42.33,-2.25935
42.331,-2.25935
42.332,-2.25934
42.333,-2.25934
42.334,-2.25934
42.335,-2.25933
42.336,-2.25933
42.337,-2.25933
42.338,-2.25932
42.339,-2.25932
42.34,-2.25932
42.341,-2.25931
42.342,-2.25931
42.343,-2.25931
42.344,-2.2593
42.345,-2.2593
42.346,-2.2593
42.347,-2.25929
42.348,-2.25929
42.349,-2.25929
42.35,-2.25928
42.351,-2.25928
42.352,-2.25928
42.353,-2.25927
42.354,-2.25927
42.355,-2.25927
42.356,-2.25927
42.357,-2.25926
42.358,-2.25926
42.359,-2.25926
42.36,-2.25925
42.361,-2.25925
42.362,-2.25925
42.363,-2.25924
42.364,-2.25924
42.365,-2.25924
42.366,-2.25924
42.367,-2.25923
42.368,-2.25923
42.369,-2.25923
42.37,-2.25922
42.371,-2.25922
42.372,-2.25922
42.373,-2.25922
42.374,-2.25921
42.375,-2.25921
42.376,-2.25921
42.377,-2.25921
42.378,-2.2592
42.379,-2.2592
42.38,-2.2592
42.381,-2.2592
42.382,-2.25919
42.383,-2.25919
42.384,-2.25919
42.385,-2.25918
42.386,-2.25918
42.387,-2.25918
42.388,-2.25918
42.389,-2.25918
42.39,-2.25917
42.391,-2.25917
42.392,-2.25917
42.393,-2.25917
42.394,-2.25916
42.395,-2.25916
42.396,-2.25916
42.397,-2.25916
42.398,-2.25915
42.399,-2.25915
42.4,-2.25915
42.401,-2.25915
42.402,-2.25914
42.403,-2.25914
42.404,-2.25914
42.405,-2.25914
42.406,-2.25914
42.407,-2.25913
42.408,-2.25913
42.409,-2.25913
42.41,-2.25913
42.411,-2.25913
42.412,-2.25912
42.413,-2.25912
42.414,-2.25912
42.415,-2.25912
42.416,-2.25912
42.417,-2.25911
42.418,-2.25911
42.419,-2.25911
42.42,-2.25911
42.421,-2.25911
42.422,-2.2591
42.423,-2.2591
42.424,-2.2591
42.425,-2.2591
42.426,-2.2591
42.427,-2.25909
42.428,-2.25909
42.429,-2.25909
42.43,-2.25909
42.431,-2.25909
42.432,-2.25909
42.433,-2.25908
42.434,-2.25908
42.435,-2.25908
42.436,-2.25908
42.437,-2.25908
42.438,-2.25908
42.439,-2.25907
42.44,-2.25907
42.441,-2.25907
42.442,-2.25907
42.443,-2.25907
42.444,-2.25907
42.445,-2.25906
42.446,-2.25906
42.447,-2.25906
42.448,-2.25906
42.449,-2.25906
42.45,-2.25906
42.451,-2.25906
42.452,-2.25905
42.453,-2.25905
42.454,-2.25905
42.455,-2.25905
42.456,-2.25905
42.457,-2.25905
42.458,-2.25905
42.459,-2.25905
42.46,-2.25904
42.461,-2.25904
42.462,-2.25904
42.463,-2.25904
42.464,-2.25904
42.465,-2.25904
42.466,-2.25904
42.467,-2.25904
42.468,-2.25903
42.469,-2.25903
42.47,-2.25903
42.471,-2.25903
42.472,-2.25903
42.473,-2.25903
42.474,-2.25903
42.475,-2.25903
42.476,-2.25903
42.477,-2.25903
42.478,-2.25902
42.479,-2.25902
42.48,-2.25902
42.481,-2.25902
42.482,-2.25902
42.483,-2.25902
42.484,-2.25902
42.485,-2.25902
42.486,-2.25902
42.487,-2.25902
42.488,-2.25902
42.489,-2.25901
42.49,-2.25901
42.491,-2.25901
42.492,-2.25901
42.493,-2.25901
42.494,-2.25901
42.495,-2.25901
42.496,-2.25901
42.497,-2.25901
42.498,-2.25901
42.499,-2.25901
42.5,-2.25901
42.501,-2.25901
42.502,-2.25901
42.503,-2.25901
42.504,-2.259
42.505,-2.259
42.506,-2.259
42.507,-2.259
42.508,-2.259
42.509,-2.259
42.51,-2.259
42.511,-2.259
42.512,-2.259
42.513,-2.259
42.514,-2.259
42.515,-2.259
42.516,-2.259
42.517,-2.259
42.518,-2.259
42.519,-2.259
42.52,-2.259
42.521,-2.259
42.522,-2.259
42.523,-2.259
42.524,-2.259
42.525,-2.259
42.526,-2.259
42.527,-2.259
42.528,-2.259
42.529,-2.259
42.53,-2.259
42.531,-2.259
42.532,-2.259
42.533,-2.259
42.534,-2.259
42.535,-2.259
42.536,-2.259
42.537,-2.259
42.538,-2.259
42.539,-2.259
42.54,-2.259
42.541,-2.259
42.542,-2.259
42.543,-2.259
42.544,-2.259
42.545,-2.259
42.546,-2.259
42.547,-2.259
42.548,-2.259
42.549,-2.259
42.55,-2.259
42.551,-2.259
42.552,-2.259
42.553,-2.259
42.554,-2.259
42.555,-2.259
42.556,-2.259
42.557,-2.259
42.558,-2.259
42.559,-2.259
42.56,-2.259
42.561,-2.259
42.562,-2.259
42.563,-2.259
42.564,-2.259
42.565,-2.259
42.566,-2.259
42.567,-2.259
42.568,-2.259
42.569,-2.259
42.57,-2.259
42.571,-2.259
42.572,-2.25901
42.573,-2.25901
42.574,-2.25901
42.575,-2.25901
42.576,-2.25901
42.577,-2.25901
42.578,-2.25901
42.579,-2.25901
42.58,-2.25901
42.581,-2.25901
42.582,-2.25901
42.583,-2.25901
42.584,-2.25901
42.585,-2.25901
42.586,-2.25901
42.587,-2.25901
42.588,-2.25902
42.589,-2.25902
42.59,-2.25902
42.591,-2.25902
42.592,-2.25902
42.593,-2.25902
42.594,-2.25902
42.595,-2.25902
42.596,-2.25902
42.597,-2.25902
42.598,-2.25902
42.599,-2.25903
42.6,-2.25903
42.601,-2.25903
42.602,-2.25903
42.603,-2.25903
42.604,-2.25903
42.605,-2.25903
42.606,-2.25903
42.607,-2.25903
42.608,-2.25903
42.609,-2.25904
42.61,-2.25904
42.611,-2.25904
42.612,-2.25904
42.613,-2.25904
42.614,-2.25904
42.615,-2.25904
42.616,-2.25904
42.617,-2.25904
42.618,-2.25905
42.619,-2.25905
42.62,-2.25905
42.621,-2.25905
42.622,-2.25905
42.623,-2.25905
42.624,-2.25905
42.625,-2.25905
42.626,-2.25906
42.627,-2.25906
42.628,-2.25906
42.629,-2.25906
42.63,-2.25906
42.631,-2.25906
42.632,-2.25906
42.633,-2.25907
42.634,-2.25907
42.635,-2.25907
42.636,-2.25907
42.637,-2.25907
42.638,-2.25907
42.639,-2.25907
42.64,-2.25908
42.641,-2.25908
42.642,-2.25908
42.643,-2.25908
42.644,-2.25908
42.645,-2.25908
42.646,-2.25909
42.647,-2.25909
42.648,-2.25909
42.649,-2.25909
42.65,-2.25909
42.651,-2.25909
42.652,-2.2591
42.653,-2.2591
42.654,-2.2591
42.655,-2.2591
42.656,-2.2591
42.657,-2.2591
42.658,-2.25911
42.659,-2.25911
42.66,-2.25911
42.661,-2.25911
42.662,-2.25911
42.663,-2.25912
42.664,-2.25912
42.665,-2.25912
42.666,-2.25912
42.667,-2.25912
42.668,-2.25913
42.669,-2.25913
42.67,-2.25913
42.671,-2.25913
42.672,-2.25913
42.673,-2.25914
42.674,-2.25914
42.675,-2.25914
42.676,-2.25914
42.677,-2.25914
42.678,-2.25915
42.679,-2.25915
42.68,-2.25915
42.681,-2.25915
42.682,-2.25915
42.683,-2.25916
42.684,-2.25916
42.685,-2.25916
42.686,-2.25916
42.687,-2.25917
42.688,-2.25917
42.689,-2.25917
42.69,-2.25917
42.691,-2.25917
42.692,-2.25918
42.693,-2.25918
42.694,-2.25918
42.695,-2.25918
42.696,-2.25919
42.697,-2.25919
42.698,-2.25919
42.699,-2.25919
42.7,-2.2592
42.701,-2.2592
42.702,-2.2592
42.703,-2.2592
42.704,-2.25921
42.705,-2.25921
42.706,-2.25921
42.707,-2.25921
42.708,-2.25922
42.709,-2.25922
42.71,-2.25922
42.711,-2.25922
42.712,-2.25923
42.713,-2.25923
42.714,-2.25923
42.715,-2.25923
42.716,-2.25924
42.717,-2.25924
42.718,-2.25924
42.719,-2.25924
42.72,-2.25925
42.721,-2.25925
42.722,-2.25925
42.723,-2.25926
42.724,-2.25926
42.725,-2.25926
42.726,-2.25926
42.727,-2.25927
42.728,-2.25927
42.729,-2.25927
42.73,-2.25928
42.731,-2.25928
42.732,-2.25928
42.733,-2.25928
42.734,-2.25929
42.735,-2.25929
42.736,-2.25929
42.737,-2.2593
42.738,-2.2593
42.739,-2.2593
42.74,-2.2593
42.741,-2.25931
42.742,-2.25931
42.743,-2.25931
42.744,-2.25932
42.745,-2.25932
42.746,-2.25932
42.747,-2.25933
42.748,-2.25933
42.749,-2.25933
42.75,-2.25933
42.751,-2.25934
42.752,-2.25934
42.753,-2.25934
42.754,-2.25935
42.755,-2.25935
42.756,-2.25935
42.757,-2.25936
42.758,-2.25936
42.759,-2.25936
42.76,-2.25937
42.761,-2.25937
42.762,-2.25937
42.763,-2.25938
42.764,-2.25938
42.765,-2.25938
42.766,-2.25939
42.767,-2.25939
42.768,-2.25939
42.769,-2.2594
42.77,-2.2594
42.771,-2.2594
42.772,-2.25941
42.773,-2.25941
42.774,-2.25941
42.775,-2.25942
42.776,-2.25942
42.777,-2.25942
42.778,-2.25943
42.779,-2.25943
42.78,-2.25943
42.781,-2.25944
42.782,-2.25944
42.783,-2.25945
42.784,-2.25945
42.785,-2.25945
42.786,-2.25946
42.787,-2.25946
42.788,-2.25946
42.789,-2.25947
42.79,-2.25947
42.791,-2.25947
42.792,-2.25948
42.793,-2.25948
42.794,-2.25949
42.795,-2.25949
42.796,-2.25949
42.797,-2.2595
42.798,-2.2595
42.799,-2.2595
42.8,-2.25951
42.801,-2.25951
42.802,-2.25952
42.803,-2.25952
42.804,-2.25952
42.805,-2.25953
42.806,-2.25953
42.807,-2.25953
42.808,-2.25954
42.809,-2.25954
42.81,-2.25955
42.811,-2.25955
42.812,-2.25955
42.813,-2.25956
42.814,-2.25956
42.815,-2.25957
42.816,-2.25957
42.817,-2.25957
42.818,-2.25958
42.819,-2.25958
42.82,-2.25959
42.821,-2.25959
42.822,-2.25959
42.823,-2.2596
42.824,-2.2596
42.825,-2.25961
42.826,-2.25961
42.827,-2.25962
42.828,-2.25962
42.829,-2.25962
42.83,-2.25963
42.831,-2.25963
42.832,-2.25964
42.833,-2.25964
42.834,-2.25964
42.835,-2.25965
42.836,-2.25965
42.837,-2.25966
42.838,-2.25966
42.839,-2.25967
42.84,-2.25967
42.841,-2.25968
42.842,-2.25968
42.843,-2.25968
42.844,-2.25969
42.845,-2.25969
42.846,-2.2597
42.847,-2.2597
42.848,-2.25971
42.849,-2.25971
42.85,-2.25971
42.851,-2.25972
42.852,-2.25972
42.853,-2.25973
42.854,-2.25973
42.855,-2.25974
42.856,-2.25974
42.857,-2.25975
42.858,-2.25975
42.859,-2.25976
42.86,-2.25976
42.861,-2.25976
42.862,-2.25977
42.863,-2.25977
42.864,-2.25978
42.865,-2.25978
42.866,-2.25979
42.867,-2.25979
42.868,-2.2598
42.869,-2.2598
42.87,-2.25981
42.871,-2.25981
42.872,-2.25982
42.873,-2.25982
42.874,-2.25983
42.875,-2.25983
42.876,-2.25983
42.877,-2.25984
42.878,-2.25984
42.879,-2.25985
42.88,-2.25985
42.881,-2.25986
42.882,-2.25986
42.883,-2.25987
42.884,-2.25987
42.885,-2.25988
42.886,-2.25988
42.887,-2.25989
42.888,-2.25989
42.889,-2.2599
42.89,-2.2599
42.891,-2.25991
42.892,-2.25991
42.893,-2.25992
42.894,-2.25992
42.895,-2.25993
42.896,-2.25993
42.897,-2.25994
42.898,-2.25994
42.899,-2.25995
42.9,-2.25995
42.901,-2.25996
42.902,-2.25996
42.903,-2.25997
42.904,-2.25997
42.905,-2.25998
42.906,-2.25998
42.907,-2.25999
42.908,-2.25999
42.909,-2.26
42.91,-2.26001
42.911,-2.26001
42.912,-2.26002
42.913,-2.26002
42.914,-2.26003
42.915,-2.26003
42.916,-2.26004
42.917,-2.26004
42.918,-2.26005
42.919,-2.26005
42.92,-2.26006
42.921,-2.26006
42.922,-2.26007
42.923,-2.26007
42.924,-2.26008
42.925,-2.26008
42.926,-2.26009
42.927,-2.2601
42.928,-2.2601
42.929,-2.26011
42.93,-2.26011
42.931,-2.26012
42.932,-2.26012
42.933,-2.26013
42.934,-2.26013
42.935,-2.26014
42.936,-2.26015
42.937,-2.26015
42.938,-2.26016
42.939,-2.26016
42.94,-2.26017
42.941,-2.26017
42.942,-2.26018
42.943,-2.26018
42.944,-2.26019
42.945,-2.2602
42.946,-2.2602
42.947,-2.26021
42.948,-2.26021
42.949,-2.26022
42.95,-2.26022
42.951,-2.26023
42.952,-2.26024
42.953,-2.26024
42.954,-2.26025
42.955,-2.26025
42.956,-2.26026
42.957,-2.26026
42.958,-2.26027
42.959,-2.26028
42.96,-2.26028
42.961,-2.26029
42.962,-2.26029
42.963,-2.2603
42.964,-2.2603
42.965,-2.26031
42.966,-2.26032
42.967,-2.26032
42.968,-2.26033
42.969,-2.26033
42.97,-2.26034
42.971,-2.26035
42.972,-2.26035
42.973,-2.26036
42.974,-2.26036
42.975,-2.26037
42.976,-2.26038
42.977,-2.26038
42.978,-2.26039
42.979,-2.26039
42.98,-2.2604
42.981,-2.26041
42.982,-2.26041
42.983,-2.26042
42.984,-2.26042
42.985,-2.26043
42.986,-2.26044
42.987,-2.26044
42.988,-2.26045
42.989,-2.26046
42.99,-2.26046
42.991,-2.26047
42.992,-2.26047
42.993,-2.26048
42.994,-2.26049
42.995,-2.26049
42.996,-2.2605
42.997,-2.26051
42.998,-2.26051
42.999,-2.26052
43,-2.26052
43.001,-2.26053
43.002,-2.26054
43.003,-2.26054
43.004,-2.26055
43.005,-2.26056
43.006,-2.26056
43.007,-2.26057
43.008,-2.26058
43.009,-2.26058
43.01,-2.26059
43.011,-2.26059
43.012,-2.2606
43.013,-2.26061
43.014,-2.26061
43.015,-2.26062
43.016,-2.26063
43.017,-2.26063
43.018,-2.26064
43.019,-2.26065
43.02,-2.26065
43.021,-2.26066
43.022,-2.26067
43.023,-2.26067
43.024,-2.26068
43.025,-2.26069
43.026,-2.26069
43.027,-2.2607
43.028,-2.26071
43.029,-2.26071
43.03,-2.26072
43.031,-2.26073
43.032,-2.26073
43.033,-2.26074
43.034,-2.26075
43.035,-2.26075
43.036,-2.26076
43.037,-2.26077
43.038,-2.26077
43.039,-2.26078
43.04,-2.26079
43.041,-2.26079
43.042,-2.2608
43.043,-2.26081
43.044,-2.26081
43.045,-2.26082
43.046,-2.26083
43.047,-2.26083
43.048,-2.26084
43.049,-2.26085
43.05,-2.26085
43.051,-2.26086
43.052,-2.26087
43.053,-2.26088
43.054,-2.26088
43.055,-2.26089
43.056,-2.2609
43.057,-2.2609
43.058,-2.26091
43.059,-2.26092
43.06,-2.26092
43.061,-2.26093
43.062,-2.26094
43.063,-2.26094
43.064,-2.26095
43.065,-2.26096
43.066,-2.26097
43.067,-2.26097
43.068,-2.26098
43.069,-2.26099
43.07,-2.26099
43.071,-2.261
43.072,-2.26101
43.073,-2.26102
43.074,-2.26102
43.075,-2.26103
43.076,-2.26104
43.077,-2.26104
43.078,-2.26105
43.079,-2.26106
43.08,-2.26107
43.081,-2.26107
43.082,-2.26108
43.083,-2.26109
43.084,-2.2611
43.085,-2.2611
43.086,-2.26111
43.087,-2.26112
43.088,-2.26112
43.089,-2.26113
43.09,-2.26114
43.091,-2.26115
43.092,-2.26115
43.093,-2.26116
43.094,-2.26117
43.095,-2.26118
43.096,-2.26118
43.097,-2.26119
43.098,-2.2612
43.099,-2.26121
43.1,-2.26121
43.101,-2.26122
43.102,-2.26123
43.103,-2.26124
43.104,-2.26124
43.105,-2.26125
43.106,-2.26126
43.107,-2.26127
43.108,-2.26127
43.109,-2.26128
43.11,-2.26129
43.111,-2.2613
43.112,-2.2613
43.113,-2.26131
43.114,-2.26132
43.115,-2.26133
43.116,-2.26133
43.117,-2.26134
43.118,-2.26135
43.119,-2.26136
43.12,-2.26136
43.121,-2.26137
43.122,-2.26138
43.123,-2.26139
43.124,-2.26139
43.125,-2.2614
43.126,-2.26141
43.127,-2.26142
43.128,-2.26143
43.129,-2.26143
43.13,-2.26144
43.131,-2.26145
43.132,-2.26146
43.133,-2.26146
43.134,-2.26147
43.135,-2.26148
43.136,-2.26149
43.137,-2.2615
43.138,-2.2615
43.139,-2.26151
43.14,-2.26152
43.141,-2.26153
43.142,-2.26154
43.143,-2.26154
43.144,-2.26155
43.145,-2.26156
43.146,-2.26157
43.147,-2.26157
43.148,-2.26158
43.149,-2.26159
43.15,-2.2616
43.151,-2.26161
43.152,-2.26161
43.153,-2.26162
43.154,-2.26163
43.155,-2.26164
43.156,-2.26165
43.157,-2.26165
43.158,-2.26166
43.159,-2.26167
43.16,-2.26168
43.161,-2.26169
43.162,-2.2617
43.163,-2.2617
43.164,-2.26171
43.165,-2.26172
43.166,-2.26173
43.167,-2.26174
43.168,-2.26174
43.169,-2.26175
43.17,-2.26176
43.171,-2.26177
43.172,-2.26178
43.173,-2.26179
43.174,-2.26179
43.175,-2.2618
43.176,-2.26181
43.177,-2.26182
43.178,-2.26183
43.179,-2.26183
43.18,-2.26184
43.181,-2.26185
43.182,-2.26186
43.183,-2.26187
43.184,-2.26188
43.185,-2.26188
43.186,-2.26189
43.187,-2.2619
43.188,-2.26191
43.189,-2.26192
43.19,-2.26193
43.191,-2.26193
43.192,-2.26194
43.193,-2.26195
43.194,-2.26196
43.195,-2.26197
43.196,-2.26198
43.197,-2.26199
43.198,-2.26199
43.199,-2.262
43.2,-2.26201
43.201,-2.26202
43.202,-2.26203
43.203,-2.26204
43.204,-2.26205
43.205,-2.26205
43.206,-2.26206
43.207,-2.26207
43.208,-2.26208
43.209,-2.26209
43.21,-2.2621
43.211,-2.26211
43.212,-2.26211
43.213,-2.26212
43.214,-2.26213
43.215,-2.26214
43.216,-2.26215
43.217,-2.26216
43.218,-2.26217
43.219,-2.26217
43.22,-2.26218
43.221,-2.26219
43.222,-2.2622
43.223,-2.26221
43.224,-2.26222
43.225,-2.26223
43.226,-2.26224
43.227,-2.26224
43.228,-2.26225
43.229,-2.26226
43.23,-2.26227
43.231,-2.26228
43.232,-2.26229
43.233,-2.2623
43.234,-2.26231
43.235,-2.26232
43.236,-2.26232
43.237,-2.26233
43.238,-2.26234
43.239,-2.26235
43.24,-2.26236
43.241,-2.26237
43.242,-2.26238
43.243,-2.26239
43.244,-2.2624
43.245,-2.2624
43.246,-2.26241
43.247,-2.26242
43.248,-2.26243
43.249,-2.26244
43.25,-2.26245
43.251,-2.26246
43.252,-2.26247
43.253,-2.26248
43.254,-2.26249
43.255,-2.26249
43.256,-2.2625
43.257,-2.26251
43.258,-2.26252
43.259,-2.26253
43.26,-2.26254
43.261,-2.26255
43.262,-2.26256
43.263,-2.26257
43.264,-2.26258
43.265,-2.26259
43.266,-2.2626
43.267,-2.2626
43.268,-2.26261
43.269,-2.26262
43.27,-2.26263
43.271,-2.26264
43.272,-2.26265
43.273,-2.26266
43.274,-2.26267
43.275,-2.26268
43.276,-2.26269
43.277,-2.2627
43.278,-2.26271
43.279,-2.26272
43.28,-2.26272
43.281,-2.26273
43.282,-2.26274
43.283,-2.26275
43.284,-2.26276
43.285,-2.26277
43.286,-2.26278
43.287,-2.26279
43.288,-2.2628
43.289,-2.26281
43.29,-2.26282
43.291,-2.26283
43.292,-2.26284
43.293,-2.26285
43.294,-2.26286
43.295,-2.26287
43.296,-2.26287
43.297,-2.26288
43.298,-2.26289
43.299,-2.2629
43.3,-2.26291
43.301,-2.26292
43.302,-2.26293
43.303,-2.26294
43.304,-2.26295
43.305,-2.26296
43.306,-2.26297
43.307,-2.26298
43.308,-2.26299
43.309,-2.263
43.31,-2.26301
43.311,-2.26302
43.312,-2.26303
43.313,-2.26304
43.314,-2.26305
43.315,-2.26306
43.316,-2.26307
43.317,-2.26308
43.318,-2.26309
43.319,-2.2631
43.32,-2.2631
43.321,-2.26311
43.322,-2.26312
43.323,-2.26313
43.324,-2.26314
43.325,-2.26315
43.326,-2.26316
43.327,-2.26317
43.328,-2.26318
43.329,-2.26319
43.33,-2.2632
43.331,-2.26321
43.332,-2.26322
43.333,-2.26323
43.334,-2.26324
43.335,-2.26325
43.336,-2.26326
43.337,-2.26327
43.338,-2.26328
43.339,-2.26329
43.34,-2.2633
43.341,-2.26331
43.342,-2.26332
43.343,-2.26333
43.344,-2.26334
43.345,-2.26335
43.346,-2.26336
43.347,-2.26337
43.348,-2.26338
43.349,-2.26339
43.35,-2.2634
43.351,-2.26341
43.352,-2.26342
43.353,-2.26343
43.354,-2.26344
43.355,-2.26345
43.356,-2.26346
43.357,-2.26347
43.358,-2.26348
43.359,-2.26349
43.36,-2.2635
43.361,-2.26351
43.362,-2.26352
43.363,-2.26353
43.364,-2.26354
43.365,-2.26355
43.366,-2.26356
43.367,-2.26357
43.368,-2.26358
43.369,-2.26359
43.37,-2.2636
43.371,-2.26361
43.372,-2.26362
43.373,-2.26363
43.374,-2.26364
43.375,-2.26365
43.376,-2.26366
43.377,-2.26367
43.378,-2.26368
43.379,-2.26369
43.38,-2.2637
43.381,-2.26371
43.382,-2.26372
43.383,-2.26373
43.384,-2.26374
43.385,-2.26376
43.386,-2.26377
43.387,-2.26378
43.388,-2.26379
43.389,-2.2638
43.39,-2.26381
43.391,-2.26382
43.392,-2.26383
43.393,-2.26384
43.394,-2.26385
43.395,-2.26386
43.396,-2.26387
43.397,-2.26388
43.398,-2.26389
43.399,-2.2639
43.4,-2.26391
43.401,-2.26392
43.402,-2.26393
43.403,-2.26394
43.404,-2.26395
43.405,-2.26396
43.406,-2.26397
43.407,-2.26398
43.408,-2.26399
43.409,-2.264
43.41,-2.26402
43.411,-2.26403
43.412,-2.26404
43.413,-2.26405
43.414,-2.26406
43.415,-2.26407
43.416,-2.26408
43.417,-2.26409
43.418,-2.2641
43.419,-2.26411
43.42,-2.26412
43.421,-2.26413
43.422,-2.26414
43.423,-2.26415
43.424,-2.26416
43.425,-2.26417
43.426,-2.26419
43.427,-2.2642
43.428,-2.26421
43.429,-2.26422
43.43,-2.26423
43.431,-2.26424
43.432,-2.26425
43.433,-2.26426
43.434,-2.26427
43.435,-2.26428
43.436,-2.26429
43.437,-2.2643
43.438,-2.26431
43.439,-2.26432
43.44,-2.26434
43.441,-2.26435
43.442,-2.26436
43.443,-2.26437
43.444,-2.26438
43.445,-2.26439
43.446,-2.2644
43.447,-2.26441
43.448,-2.26442
43.449,-2.26443
43.45,-2.26444
43.451,-2.26445
43.452,-2.26447
43.453,-2.26448
43.454,-2.26449
43.455,-2.2645
43.456,-2.26451
43.457,-2.26452
43.458,-2.26453
43.459,-2.26454
43.46,-2.26455
43.461,-2.26456
43.462,-2.26458
43.463,-2.26459
43.464,-2.2646
43.465,-2.26461
43.466,-2.26462
43.467,-2.26463
43.468,-2.26464
43.469,-2.26465
43.47,-2.26466
43.471,-2.26467
43.472,-2.26469
43.473,-2.2647
43.474,-2.26471
43.475,-2.26472
43.476,-2.26473
43.477,-2.26474
43.478,-2.26475
43.479,-2.26476
43.48,-2.26477
43.481,-2.26479
43.482,-2.2648
43.483,-2.26481
43.484,-2.26482
43.485,-2.26483
43.486,-2.26484
43.487,-2.26485
43.488,-2.26486
43.489,-2.26487
43.49,-2.26489
43.491,-2.2649
43.492,-2.26491
43.493,-2.26492
43.494,-2.26493
43.495,-2.26494
43.496,-2.26495
43.497,-2.26496
43.498,-2.26498
43.499,-2.26499
43.5,-2.265
43.501,-2.26501
43.502,-2.26502
43.503,-2.26503
43.504,-2.26504
43.505,-2.26506
43.506,-2.26507
43.507,-2.26508
43.508,-2.26509
43.509,-2.2651
43.51,-2.26511
43.511,-2.26512
43.512,-2.26514
43.513,-2.26515
43.514,-2.26516
43.515,-2.26517
43.516,-2.26518
43.517,-2.26519
43.518,-2.2652
43.519,-2.26522
43.52,-2.26523
43.521,-2.26524
43.522,-2.26525
43.523,-2.26526
43.524,-2.26527
43.525,-2.26528
43.526,-2.2653
43.527,-2.26531
43.528,-2.26532
43.529,-2.26533
43.53,-2.26534
43.531,-2.26535
43.532,-2.26537
43.533,-2.26538
43.534,-2.26539
43.535,-2.2654
43.536,-2.26541
43.537,-2.26542
43.538,-2.26543
43.539,-2.26545
43.54,-2.26546
43.541,-2.26547
43.542,-2.26548
43.543,-2.26549
43.544,-2.2655
43.545,-2.26552
43.546,-2.26553
43.547,-2.26554
43.548,-2.26555
43.549,-2.26556
43.55,-2.26557
43.551,-2.26559
43.552,-2.2656
43.553,-2.26561
43.554,-2.26562
43.555,-2.26563
43.556,-2.26565
43.557,-2.26566
43.558,-2.26567
43.559,-2.26568
43.56,-2.26569
43.561,-2.2657
43.562,-2.26572
43.563,-2.26573
43.564,-2.26574
43.565,-2.26575
43.566,-2.26576
43.567,-2.26578
43.568,-2.26579
43.569,-2.2658
43.57,-2.26581
43.571,-2.26582
43.572,-2.26583
43.573,-2.26585
43.574,-2.26586
43.575,-2.26587
43.576,-2.26588
43.577,-2.26589
43.578,-2.26591
43.579,-2.26592
43.58,-2.26593
43.581,-2.26594
43.582,-2.26595
43.583,-2.26597
43.584,-2.26598
43.585,-2.26599
43.586,-2.266
43.587,-2.26601
43.588,-2.26603
43.589,-2.26604
43.59,-2.26605
43.591,-2.26606
43.592,-2.26607
43.593,-2.26609
43.594,-2.2661
43.595,-2.26611
43.596,-2.26612
43.597,-2.26613
43.598,-2.26615
43.599,-2.26616
43.6,-2.26617
43.601,-2.26618
43.602,-2.2662
43.603,-2.26621
43.604,-2.26622
43.605,-2.26623
43.606,-2.26624
43.607,-2.26626
43.608,-2.26627
43.609,-2.26628
43.61,-2.26629
43.611,-2.2663
43.612,-2.26632
43.613,-2.26633
43.614,-2.26634
43.615,-2.26635
43.616,-2.26637
43.617,-2.26638
43.618,-2.26639
43.619,-2.2664
43.62,-2.26642
43.621,-2.26643
43.622,-2.26644
43.623,-2.26645
43.624,-2.26646
43.625,-2.26648
43.626,-2.26649
43.627,-2.2665
43.628,-2.26651
43.629,-2.26653
43.63,-2.26654
43.631,-2.26655
43.632,-2.26656
43.633,-2.26658
43.634,-2.26659
43.635,-2.2666
43.636,-2.26661
43.637,-2.26662
43.638,-2.26664
43.639,-2.26665
43.64,-2.26666
43.641,-2.26667
43.642,-2.26669
43.643,-2.2667
43.644,-2.26671
43.645,-2.26672
43.646,-2.26674
43.647,-2.26675
43.648,-2.26676
43.649,-2.26677
43.65,-2.26679
43.651,-2.2668
43.652,-2.26681
43.653,-2.26682
43.654,-2.26684
43.655,-2.26685
43.656,-2.26686
43.657,-2.26687
43.658,-2.26689
43.659,-2.2669
43.66,-2.26691
43.661,-2.26693
43.662,-2.26694
43.663,-2.26695
43.664,-2.26696
43.665,-2.26698
43.666,-2.26699
43.667,-2.267
43.668,-2.26701
43.669,-2.26703
43.67,-2.26704
43.671,-2.26705
43.672,-2.26706
43.673,-2.26708
43.674,-2.26709
43.675,-2.2671
43.676,-2.26711
43.677,-2.26713
43.678,-2.26714
43.679,-2.26715
43.68,-2.26717
43.681,-2.26718
43.682,-2.26719
43.683,-2.2672
43.684,-2.26722
43.685,-2.26723
43.686,-2.26724
43.687,-2.26725
43.688,-2.26727
43.689,-2.26728
43.69,-2.26729
43.691,-2.26731
43.692,-2.26732
43.693,-2.26733
43.694,-2.26734
43.695,-2.26736
43.696,-2.26737
43.697,-2.26738
43.698,-2.2674
43.699,-2.26741
43.7,-2.26742
43.701,-2.26743
43.702,-2.26745
43.703,-2.26746
43.704,-2.26747
43.705,-2.26749
43.706,-2.2675
43.707,-2.26751
43.708,-2.26753
43.709,-2.26754
43.71,-2.26755
43.711,-2.26756
43.712,-2.26758
43.713,-2.26759
43.714,-2.2676
43.715,-2.26762
43.716,-2.26763
43.717,-2.26764
43.718,-2.26765
43.719,-2.26767
43.72,-2.26768
43.721,-2.26769
43.722,-2.26771
43.723,-2.26772
43.724,-2.26773
43.725,-2.26775
43.726,-2.26776
43.727,-2.26777
43.728,-2.26779
43.729,-2.2678
43.73,-2.26781
43.731,-2.26782
43.732,-2.26784
43.733,-2.26785
43.734,-2.26786
43.735,-2.26788
43.736,-2.26789
43.737,-2.2679
43.738,-2.26792
43.739,-2.26793
43.74,-2.26794
43.741,-2.26796
43.742,-2.26797
43.743,-2.26798
43.744,-2.268
43.745,-2.26801
43.746,-2.26802
43.747,-2.26804
43.748,-2.26805
43.749,-2.26806
43.75,-2.26807
43.751,-2.26809
43.752,-2.2681
43.753,-2.26811
43.754,-2.26813
43.755,-2.26814
43.756,-2.26815
43.757,-2.26817
43.758,-2.26818
43.759,-2.26819
43.76,-2.26821
43.761,-2.26822
43.762,-2.26823
43.763,-2.26825
43.764,-2.26826
43.765,-2.26827
43.766,-2.26829
43.767,-2.2683
43.768,-2.26831
43.769,-2.26833
43.77,-2.26834
43.771,-2.26835
43.772,-2.26837
43.773,-2.26838
43.774,-2.26839
43.775,-2.26841
43.776,-2.26842
43.777,-2.26843
43.778,-2.26845
43.779,-2.26846
43.78,-2.26848
43.781,-2.26849
43.782,-2.2685
43.783,-2.26852
43.784,-2.26853
43.785,-2.26854
43.786,-2.26856
43.787,-2.26857
43.788,-2.26858
43.789,-2.2686
43.79,-2.26861
43.791,-2.26862
43.792,-2.26864
43.793,-2.26865
43.794,-2.26866
43.795,-2.26868
43.796,-2.26869
43.797,-2.2687
43.798,-2.26872
43.799,-2.26873
43.8,-2.26875
43.801,-2.26876
43.802,-2.26877
43.803,-2.26879
43.804,-2.2688
43.805,-2.26881
43.806,-2.26883
43.807,-2.26884
43.808,-2.26885
43.809,-2.26887
43.81,-2.26888
43.811,-2.2689
43.812,-2.26891
43.813,-2.26892
43.814,-2.26894
43.815,-2.26895
43.816,-2.26896
43.817,-2.26898
43.818,-2.26899
43.819,-2.269
43.82,-2.26902
43.821,-2.26903
43.822,-2.26905
43.823,-2.26906
43.824,-2.26907
43.825,-2.26909
43.826,-2.2691
43.827,-2.26911
43.828,-2.26913
43.829,-2.26914
43.83,-2.26916
43.831,-2.26917
43.832,-2.26918
43.833,-2.2692
43.834,-2.26921
43.835,-2.26923
43.836,-2.26924
43.837,-2.26925
43.838,-2.26927
43.839,-2.26928
43.84,-2.26929
43.841,-2.26931
43.842,-2.26932
43.843,-2.26934
43.844,-2.26935
43.845,-2.26936
43.846,-2.26938
43.847,-2.26939
43.848,-2.26941
43.849,-2.26942
43.85,-2.26943
43.851,-2.26945
43.852,-2.26946
43.853,-2.26948
43.854,-2.26949
43.855,-2.2695
43.856,-2.26952
43.857,-2.26953
43.858,-2.26954
43.859,-2.26956
43.86,-2.26957
43.861,-2.26959
43.862,-2.2696
43.863,-2.26961
43.864,-2.26963
43.865,-2.26964
43.866,-2.26966
43.867,-2.26967
43.868,-2.26968
43.869,-2.2697
43.87,-2.26971
43.871,-2.26973
43.872,-2.26974
43.873,-2.26976
43.874,-2.26977
43.875,-2.26978
43.876,-2.2698
43.877,-2.26981
43.878,-2.26983
43.879,-2.26984
43.88,-2.26985
43.881,-2.26987
43.882,-2.26988
43.883,-2.2699
43.884,-2.26991
43.885,-2.26992
43.886,-2.26994
43.887,-2.26995
43.888,-2.26997
43.889,-2.26998
43.89,-2.27
43.891,-2.27001
43.892,-2.27002
43.893,-2.27004
43.894,-2.27005
43.895,-2.27007
43.896,-2.27008
43.897,-2.27009
43.898,-2.27011
43.899,-2.27012
43.9,-2.27014
43.901,-2.27015
43.902,-2.27017
43.903,-2.27018
43.904,-2.27019
43.905,-2.27021
43.906,-2.27022
43.907,-2.27024
43.908,-2.27025
43.909,-2.27027
43.91,-2.27028
43.911,-2.27029
43.912,-2.27031
43.913,-2.27032
43.914,-2.27034
43.915,-2.27035
43.916,-2.27037
43.917,-2.27038
43.918,-2.27039
43.919,-2.27041
43.92,-2.27042
43.921,-2.27044
43.922,-2.27045
43.923,-2.27047
43.924,-2.27048
43.925,-2.2705
43.926,-2.27051
43.927,-2.27052
43.928,-2.27054
43.929,-2.27055
43.93,-2.27057
43.931,-2.27058
43.932,-2.2706
43.933,-2.27061
43.934,-2.27063
43.935,-2.27064
43.936,-2.27065
43.937,-2.27067
43.938,-2.27068
43.939,-2.2707
43.94,-2.27071
43.941,-2.27073
43.942,-2.27074
43.943,-2.27076
43.944,-2.27077
43.945,-2.27078
43.946,-2.2708
43.947,-2.27081
43.948,-2.27083
43.949,-2.27084
43.95,-2.27086
43.951,-2.27087
43.952,-2.27089
43.953,-2.2709
43.954,-2.27092
43.955,-2.27093
43.956,-2.27094
43.957,-2.27096
43.958,-2.27097
43.959,-2.27099
43.96,-2.271
43.961,-2.27102
43.962,-2.27103
43.963,-2.27105
43.964,-2.27106
43.965,-2.27108
43.966,-2.27109
43.967,-2.27111
43.968,-2.27112
43.969,-2.27113
43.97,-2.27115
43.971,-2.27116
43.972,-2.27118
43.973,-2.27119
43.974,-2.27121
43.975,-2.27122
43.976,-2.27124
43.977,-2.27125
43.978,-2.27127
43.979,-2.27128
43.98,-2.2713
43.981,-2.27131
43.982,-2.27133
43.983,-2.27134
43.984,-2.27136
43.985,-2.27137
43.986,-2.27138
43.987,-2.2714
43.988,-2.27141
43.989,-2.27143
43.99,-2.27144
43.991,-2.27146
43.992,-2.27147
43.993,-2.27149
43.994,-2.2715
43.995,-2.27152
43.996,-2.27153
43.997,-2.27155
43.998,-2.27156
43.999,-2.27158
44,-2.27159
44.001,-2.27161
44.002,-2.27162
44.003,-2.27164
44.004,-2.27165
44.005,-2.27167
44.006,-2.27168
44.007,-2.2717
44.008,-2.27171
44.009,-2.27173
44.01,-2.27174
44.011,-2.27176
44.012,-2.27177
44.013,-2.27179
44.014,-2.2718
44.015,-2.27182
44.016,-2.27183
44.017,-2.27185
44.018,-2.27186
44.019,-2.27188
44.02,-2.27189
44.021,-2.27191
44.022,-2.27192
44.023,-2.27194
44.024,-2.27195
44.025,-2.27197
44.026,-2.27198
44.027,-2.272
44.028,-2.27201
44.029,-2.27203
44.03,-2.27204
44.031,-2.27206
44.032,-2.27207
44.033,-2.27209
44.034,-2.2721
44.035,-2.27212
44.036,-2.27213
44.037,-2.27215
44.038,-2.27216
44.039,-2.27218
44.04,-2.27219
44.041,-2.27221
44.042,-2.27222
44.043,-2.27224
44.044,-2.27225
44.045,-2.27227
44.046,-2.27228
44.047,-2.2723
44.048,-2.27231
44.049,-2.27233
44.05,-2.27234
44.051,-2.27236
44.052,-2.27237
44.053,-2.27239
44.054,-2.2724
44.055,-2.27242
44.056,-2.27243
44.057,-2.27245
44.058,-2.27246
44.059,-2.27248
44.06,-2.27249
44.061,-2.27251
44.062,-2.27252
44.063,-2.27254
44.064,-2.27255
44.065,-2.27257
44.066,-2.27258
44.067,-2.2726
44.068,-2.27262
44.069,-2.27263
44.07,-2.27265
44.071,-2.27266
44.072,-2.27268
44.073,-2.27269
44.074,-2.27271
44.075,-2.27272
44.076,-2.27274
44.077,-2.27275
44.078,-2.27277
44.079,-2.27278
44.08,-2.2728
44.081,-2.27281
44.082,-2.27283
44.083,-2.27284
44.084,-2.27286
44.085,-2.27287
44.086,-2.27289
44.087,-2.27291
44.088,-2.27292
44.089,-2.27294
44.09,-2.27295
44.091,-2.27297
44.092,-2.27298
44.093,-2.273
44.094,-2.27301
44.095,-2.27303
44.096,-2.27304
44.097,-2.27306
44.098,-2.27307
44.099,-2.27309
44.1,-2.27311
44.101,-2.27312
44.102,-2.27314
44.103,-2.27315
44.104,-2.27317
44.105,-2.27318
44.106,-2.2732
44.107,-2.27321
44.108,-2.27323
44.109,-2.27324
44.11,-2.27326
44.111,-2.27328
44.112,-2.27329
44.113,-2.27331
44.114,-2.27332
44.115,-2.27334
44.116,-2.27335
44.117,-2.27337
44.118,-2.27338
44.119,-2.2734
44.12,-2.27341
44.121,-2.27343
44.122,-2.27345
44.123,-2.27346
44.124,-2.27348
44.125,-2.27349
44.126,-2.27351
44.127,-2.27352
44.128,-2.27354
44.129,-2.27355
44.13,-2.27357
44.131,-2.27359
44.132,-2.2736
44.133,-2.27362
44.134,-2.27363
44.135,-2.27365
44.136,-2.27366
44.137,-2.27368
44.138,-2.27369
44.139,-2.27371
44.14,-2.27373
44.141,-2.27374
44.142,-2.27376
44.143,-2.27377
44.144,-2.27379
44.145,-2.2738
44.146,-2.27382
44.147,-2.27384
44.148,-2.27385
44.149,-2.27387
44.15,-2.27388
44.151,-2.2739
44.152,-2.27391
44.153,-2.27393
44.154,-2.27395
44.155,-2.27396
44.156,-2.27398
44.157,-2.27399
44.158,-2.27401
44.159,-2.27402
44.16,-2.27404
44.161,-2.27406
44.162,-2.27407
44.163,-2.27409
44.164,-2.2741
44.165,-2.27412
44.166,-2.27413
44.167,-2.27415
44.168,-2.27417
44.169,-2.27418
44.17,-2.2742
44.171,-2.27421
44.172,-2.27423
44.173,-2.27424
44.174,-2.27426
44.175,-2.27428
44.176,-2.27429
44.177,-2.27431
44.178,-2.27432
44.179,-2.27434
44.18,-2.27436
44.181,-2.27437
44.182,-2.27439
44.183,-2.2744
44.184,-2.27442
44.185,-2.27443
44.186,-2.27445
44.187,-2.27447
44.188,-2.27448
44.189,-2.2745
44.19,-2.27451
44.191,-2.27453
44.192,-2.27455
44.193,-2.27456
44.194,-2.27458
44.195,-2.27459
44.196,-2.27461
44.197,-2.27462
44.198,-2.27464
44.199,-2.27466
44.2,-2.27467
44.201,-2.27469
44.202,-2.2747
44.203,-2.27472
44.204,-2.27474
44.205,-2.27475
44.206,-2.27477
44.207,-2.27478
44.208,-2.2748
44.209,-2.27482
44.21,-2.27483
44.211,-2.27485
44.212,-2.27486
44.213,-2.27488
44.214,-2.2749
44.215,-2.27491
44.216,-2.27493
44.217,-2.27494
44.218,-2.27496
44.219,-2.27498
44.22,-2.27499
44.221,-2.27501
44.222,-2.27502
44.223,-2.27504
44.224,-2.27506
44.225,-2.27507
44.226,-2.27509
44.227,-2.2751
44.228,-2.27512
44.229,-2.27514
44.23,-2.27515
44.231,-2.27517
44.232,-2.27519
44.233,-2.2752
44.234,-2.27522
44.235,-2.27523
44.236,-2.27525
44.237,-2.27527
44.238,-2.27528
44.239,-2.2753
44.24,-2.27531
44.241,-2.27533
44.242,-2.27535
44.243,-2.27536
44.244,-2.27538
44.245,-2.27539
44.246,-2.27541
44.247,-2.27543
44.248,-2.27544
44.249,-2.27546
44.25,-2.27548
44.251,-2.27549
44.252,-2.27551
44.253,-2.27552
44.254,-2.27554
44.255,-2.27556
44.256,-2.27557
44.257,-2.27559
44.258,-2.2756
44.259,-2.27562
44.26,-2.27564
44.261,-2.27565
44.262,-2.27567
44.263,-2.27569
44.264,-2.2757
44.265,-2.27572
44.266,-2.27573
44.267,-2.27575
44.268,-2.27577
44.269,-2.27578
44.27,-2.2758
44.271,-2.27582
44.272,-2.27583
44.273,-2.27585
44.274,-2.27587
44.275,-2.27588
44.276,-2.2759
44.277,-2.27591
44.278,-2.27593
44.279,-2.27595
44.28,-2.27596
44.281,-2.27598
44.282,-2.276
44.283,-2.27601
44.284,-2.27603
44.285,-2.27604
44.286,-2.27606
44.287,-2.27608
44.288,-2.27609
44.289,-2.27611
44.29,-2.27613
44.291,-2.27614
44.292,-2.27616
44.293,-2.27618
44.294,-2.27619
44.295,-2.27621
44.296,-2.27622
44.297,-2.27624
44.298,-2.27626
44.299,-2.27627
44.3,-2.27629
44.301,-2.27631
44.302,-2.27632
44.303,-2.27634
44.304,-2.27636
44.305,-2.27637
44.306,-2.27639
44.307,-2.27641
44.308,-2.27642
44.309,-2.27644
44.31,-2.27645
44.311,-2.27647
44.312,-2.27649
44.313,-2.2765
44.314,-2.27652
44.315,-2.27654
44.316,-2.27655
44.317,-2.27657
44.318,-2.27659
44.319,-2.2766
44.32,-2.27662
44.321,-2.27664
44.322,-2.27665
44.323,-2.27667
44.324,-2.27669
44.325,-2.2767
44.326,-2.27672
44.327,-2.27673
44.328,-2.27675
44.329,-2.27677
44.33,-2.27678
44.331,-2.2768
44.332,-2.27682
44.333,-2.27683
44.334,-2.27685
44.335,-2.27687
44.336,-2.27688
44.337,-2.2769
44.338,-2.27692
44.339,-2.27693
44.34,-2.27695
44.341,-2.27697
44.342,-2.27698
44.343,-2.277
44.344,-2.27702
44.345,-2.27703
44.346,-2.27705
44.347,-2.27707
44.348,-2.27708
44.349,-2.2771
44.35,-2.27712
44.351,-2.27713
44.352,-2.27715
44.353,-2.27717
44.354,-2.27718
44.355,-2.2772
44.356,-2.27722
44.357,-2.27723
44.358,-2.27725
44.359,-2.27727
44.36,-2.27728
44.361,-2.2773
44.362,-2.27732
44.363,-2.27733
44.364,-2.27735
44.365,-2.27737
44.366,-2.27738
44.367,-2.2774
44.368,-2.27742
44.369,-2.27743
44.37,-2.27745
44.371,-2.27747
44.372,-2.27748
44.373,-2.2775
44.374,-2.27752
44.375,-2.27753
44.376,-2.27755
44.377,-2.27757
44.378,-2.27758
44.379,-2.2776
44.38,-2.27762
44.381,-2.27763
44.382,-2.27765
44.383,-2.27767
44.384,-2.27768
44.385,-2.2777
44.386,-2.27772
44.387,-2.27773
44.388,-2.27775
44.389,-2.27777
44.39,-2.27779
44.391,-2.2778
44.392,-2.27782
44.393,-2.27784
44.394,-2.27785
44.395,-2.27787
44.396,-2.27789
44.397,-2.2779
44.398,-2.27792
44.399,-2.27794
44.4,-2.27795
44.401,-2.27797
44.402,-2.27799
44.403,-2.278
44.404,-2.27802
44.405,-2.27804
44.406,-2.27805
44.407,-2.27807
44.408,-2.27809
44.409,-2.27811
44.41,-2.27812
44.411,-2.27814
44.412,-2.27816
44.413,-2.27817
44.414,-2.27819
44.415,-2.27821
44.416,-2.27822
44.417,-2.27824
44.418,-2.27826
44.419,-2.27827
44.42,-2.27829
44.421,-2.27831
44.422,-2.27833
44.423,-2.27834
44.424,-2.27836
44.425,-2.27838
44.426,-2.27839
44.427,-2.27841
44.428,-2.27843
44.429,-2.27844
44.43,-2.27846
44.431,-2.27848
44.432,-2.27849
44.433,-2.27851
44.434,-2.27853
44.435,-2.27855
44.436,-2.27856
44.437,-2.27858
44.438,-2.2786
44.439,-2.27861
44.44,-2.27863
44.441,-2.27865
44.442,-2.27866
44.443,-2.27868
44.444,-2.2787
44.445,-2.27872
44.446,-2.27873
44.447,-2.27875
44.448,-2.27877
44.449,-2.27878
44.45,-2.2788
44.451,-2.27882
44.452,-2.27884
44.453,-2.27885
44.454,-2.27887
44.455,-2.27889
44.456,-2.2789
44.457,-2.27892
44.458,-2.27894
44.459,-2.27895
44.46,-2.27897
44.461,-2.27899
44.462,-2.27901
44.463,-2.27902
44.464,-2.27904
44.465,-2.27906
44.466,-2.27907
44.467,-2.27909
44.468,-2.27911
44.469,-2.27913
44.47,-2.27914
44.471,-2.27916
44.472,-2.27918
44.473,-2.27919
44.474,-2.27921
44.475,-2.27923
44.476,-2.27925
44.477,-2.27926
44.478,-2.27928
44.479,-2.2793
44.48,-2.27931
44.481,-2.27933
44.482,-2.27935
44.483,-2.27937
44.484,-2.27938
44.485,-2.2794
44.486,-2.27942
44.487,-2.27944
44.488,-2.27945
44.489,-2.27947
44.49,-2.27949
44.491,-2.2795
44.492,-2.27952
44.493,-2.27954
44.494,-2.27956
44.495,-2.27957
44.496,-2.27959
44.497,-2.27961
44.498,-2.27962
44.499,-2.27964
44.5,-2.27966
44.501,-2.27968
44.502,-2.27969
44.503,-2.27971
44.504,-2.27973
44.505,-2.27975
44.506,-2.27976
44.507,-2.27978
44.508,-2.2798
44.509,-2.27981
44.51,-2.27983
44.511,-2.27985
44.512,-2.27987
44.513,-2.27988
44.514,-2.2799
44.515,-2.27992
44.516,-2.27994
44.517,-2.27995
44.518,-2.27997
44.519,-2.27999
44.52,-2.28001
44.521,-2.28002
44.522,-2.28004
44.523,-2.28006
44.524,-2.28007
44.525,-2.28009
44.526,-2.28011
44.527,-2.28013
44.528,-2.28014
44.529,-2.28016
44.53,-2.28018
44.531,-2.2802
44.532,-2.28021
44.533,-2.28023
44.534,-2.28025
44.535,-2.28027
44.536,-2.28028
44.537,-2.2803
44.538,-2.28032
44.539,-2.28034
44.54,-2.28035
44.541,-2.28037
44.542,-2.28039
44.543,-2.2804
44.544,-2.28042
44.545,-2.28044
44.546,-2.28046
44.547,-2.28047
44.548,-2.28049
44.549,-2.28051
44.55,-2.28053
44.551,-2.28054
44.552,-2.28056
44.553,-2.28058
44.554,-2.2806
44.555,-2.28061
44.556,-2.28063
44.557,-2.28065
44.558,-2.28067
44.559,-2.28068
44.56,-2.2807
44.561,-2.28072
44.562,-2.28074
44.563,-2.28075
44.564,-2.28077
44.565,-2.28079
44.566,-2.28081
44.567,-2.28082
44.568,-2.28084
44.569,-2.28086
44.57,-2.28088
44.571,-2.28089
44.572,-2.28091
44.573,-2.28093
44.574,-2.28095
44.575,-2.28096
44.576,-2.28098
44.577,-2.281
44.578,-2.28102
44.579,-2.28103
44.58,-2.28105
44.581,-2.28107
44.582,-2.28109
44.583,-2.2811
44.584,-2.28112
44.585,-2.28114
44.586,-2.28116
44.587,-2.28117
44.588,-2.28119
44.589,-2.28121
44.59,-2.28123
44.591,-2.28125
44.592,-2.28126
44.593,-2.28128
44.594,-2.2813
44.595,-2.28132
44.596,-2.28133
44.597,-2.28135
44.598,-2.28137
44.599,-2.28139
44.6,-2.2814
44.601,-2.28142
44.602,-2.28144
44.603,-2.28146
44.604,-2.28147
44.605,-2.28149
44.606,-2.28151
44.607,-2.28153
44.608,-2.28154
44.609,-2.28156
44.61,-2.28158
44.611,-2.2816
44.612,-2.28162
44.613,-2.28163
44.614,-2.28165
44.615,-2.28167
44.616,-2.28169
44.617,-2.2817
44.618,-2.28172
44.619,-2.28174
44.62,-2.28176
44.621,-2.28177
44.622,-2.28179
44.623,-2.28181
44.624,-2.28183
44.625,-2.28185
44.626,-2.28186
44.627,-2.28188
44.628,-2.2819
44.629,-2.28192
44.63,-2.28193
44.631,-2.28195
44.632,-2.28197
44.633,-2.28199
44.634,-2.28201
44.635,-2.28202
44.636,-2.28204
44.637,-2.28206
44.638,-2.28208
44.639,-2.28209
44.64,-2.28211
44.641,-2.28213
44.642,-2.28215
44.643,-2.28216
44.644,-2.28218
44.645,-2.2822
44.646,-2.28222
44.647,-2.28224
44.648,-2.28225
44.649,-2.28227
44.65,-2.28229
44.651,-2.28231
44.652,-2.28233
44.653,-2.28234
44.654,-2.28236
44.655,-2.28238
44.656,-2.2824
44.657,-2.28241
44.658,-2.28243
44.659,-2.28245
44.66,-2.28247
44.661,-2.28249
44.662,-2.2825
44.663,-2.28252
44.664,-2.28254
44.665,-2.28256
44.666,-2.28257
44.667,-2.28259
44.668,-2.28261
44.669,-2.28263
44.67,-2.28265
44.671,-2.28266
44.672,-2.28268
44.673,-2.2827
44.674,-2.28272
44.675,-2.28274
44.676,-2.28275
44.677,-2.28277
44.678,-2.28279
44.679,-2.28281
44.68,-2.28282
44.681,-2.28284
44.682,-2.28286
44.683,-2.28288
44.684,-2.2829
44.685,-2.28291
44.686,-2.28293
44.687,-2.28295
44.688,-2.28297
44.689,-2.28299
44.69,-2.283
44.691,-2.28302
44.692,-2.28304
44.693,-2.28306
44.694,-2.28308
44.695,-2.28309
44.696,-2.28311
44.697,-2.28313
44.698,-2.28315
44.699,-2.28317
44.7,-2.28318
44.701,-2.2832
44.702,-2.28322
44.703,-2.28324
44.704,-2.28326
44.705,-2.28327
44.706,-2.28329
44.707,-2.28331
44.708,-2.28333
44.709,-2.28335
44.71,-2.28336
44.711,-2.28338
44.712,-2.2834
44.713,-2.28342
44.714,-2.28344
44.715,-2.28345
44.716,-2.28347
44.717,-2.28349
44.718,-2.28351
44.719,-2.28353
44.72,-2.28354
44.721,-2.28356
44.722,-2.28358
44.723,-2.2836
44.724,-2.28362
44.725,-2.28363
44.726,-2.28365
44.727,-2.28367
44.728,-2.28369
44.729,-2.28371
44.73,-2.28372
44.731,-2.28374
44.732,-2.28376
44.733,-2.28378
44.734,-2.2838
44.735,-2.28381
44.736,-2.28383
44.737,-2.28385
44.738,-2.28387
44.739,-2.28389
44.74,-2.2839
44.741,-2.28392
44.742,-2.28394
44.743,-2.28396
44.744,-2.28398
44.745,-2.284
44.746,-2.28401
44.747,-2.28403
44.748,-2.28405
44.749,-2.28407
44.75,-2.28409
44.751,-2.2841
44.752,-2.28412
44.753,-2.28414
44.754,-2.28416
44.755,-2.28418
44.756,-2.28419
44.757,-2.28421
44.758,-2.28423
44.759,-2.28425
44.76,-2.28427
44.761,-2.28429
44.762,-2.2843
44.763,-2.28432
44.764,-2.28434
44.765,-2.28436
44.766,-2.28438
44.767,-2.28439
44.768,-2.28441
44.769,-2.28443
44.77,-2.28445
44.771,-2.28447
44.772,-2.28449
44.773,-2.2845
44.774,-2.28452
44.775,-2.28454
44.776,-2.28456
44.777,-2.28458
44.778,-2.28459
44.779,-2.28461
44.78,-2.28463
44.781,-2.28465
44.782,-2.28467
44.783,-2.28469
44.784,-2.2847
44.785,-2.28472
44.786,-2.28474
44.787,-2.28476
44.788,-2.28478
44.789,-2.2848
44.79,-2.28481
44.791,-2.28483
44.792,-2.28485
44.793,-2.28487
44.794,-2.28489
44.795,-2.2849
44.796,-2.28492
44.797,-2.28494
44.798,-2.28496
44.799,-2.28498
44.8,-2.285
44.801,-2.28501
44.802,-2.28503
44.803,-2.28505
44.804,-2.28507
44.805,-2.28509
44.806,-2.28511
44.807,-2.28512
44.808,-2.28514
44.809,-2.28516
44.81,-2.28518
44.811,-2.2852
44.812,-2.28522
44.813,-2.28523
44.814,-2.28525
44.815,-2.28527
44.816,-2.28529
44.817,-2.28531
44.818,-2.28533
44.819,-2.28534
44.82,-2.28536
44.821,-2.28538
44.822,-2.2854
44.823,-2.28542
44.824,-2.28544
44.825,-2.28545
44.826,-2.28547
44.827,-2.28549
44.828,-2.28551
44.829,-2.28553
44.83,-2.28555
44.831,-2.28556
44.832,-2.28558
44.833,-2.2856
44.834,-2.28562
44.835,-2.28564
44.836,-2.28566
44.837,-2.28567
44.838,-2.28569
44.839,-2.28571
44.84,-2.28573
44.841,-2.28575
44.842,-2.28577
44.843,-2.28578
44.844,-2.2858
44.845,-2.28582
44.846,-2.28584
44.847,-2.28586
44.848,-2.28588
44.849,-2.28589
44.85,-2.28591
44.851,-2.28593
44.852,-2.28595
44.853,-2.28597
44.854,-2.28599
44.855,-2.28601
44.856,-2.28602
44.857,-2.28604
44.858,-2.28606
44.859,-2.28608
44.86,-2.2861
44.861,-2.28612
44.862,-2.28613
44.863,-2.28615
44.864,-2.28617
44.865,-2.28619
44.866,-2.28621
44.867,-2.28623
44.868,-2.28625
44.869,-2.28626
44.87,-2.28628
44.871,-2.2863
44.872,-2.28632
44.873,-2.28634
44.874,-2.28636
44.875,-2.28637
44.876,-2.28639
44.877,-2.28641
44.878,-2.28643
44.879,-2.28645
44.88,-2.28647
44.881,-2.28649
44.882,-2.2865
44.883,-2.28652
44.884,-2.28654
44.885,-2.28656
44.886,-2.28658
44.887,-2.2866
44.888,-2.28661
44.889,-2.28663
44.89,-2.28665
44.891,-2.28667
44.892,-2.28669
44.893,-2.28671
44.894,-2.28673
44.895,-2.28674
44.896,-2.28676
44.897,-2.28678
44.898,-2.2868
44.899,-2.28682
44.9,-2.28684
44.901,-2.28686
44.902,-2.28687
44.903,-2.28689
44.904,-2.28691
44.905,-2.28693
44.906,-2.28695
44.907,-2.28697
44.908,-2.28699
44.909,-2.287
44.91,-2.28702
44.911,-2.28704
44.912,-2.28706
44.913,-2.28708
44.914,-2.2871
44.915,-2.28712
44.916,-2.28713
44.917,-2.28715
44.918,-2.28717
44.919,-2.28719
44.92,-2.28721
44.921,-2.28723
44.922,-2.28725
44.923,-2.28726
44.924,-2.28728
44.925,-2.2873
44.926,-2.28732
44.927,-2.28734
44.928,-2.28736
44.929,-2.28738
44.93,-2.2874
44.931,-2.28741
44.932,-2.28743
44.933,-2.28745
44.934,-2.28747
44.935,-2.28749
44.936,-2.28751
44.937,-2.28753
44.938,-2.28754
44.939,-2.28756
44.94,-2.28758
44.941,-2.2876
44.942,-2.28762
44.943,-2.28764
44.944,-2.28766
44.945,-2.28767
44.946,-2.28769
44.947,-2.28771
44.948,-2.28773
44.949,-2.28775
44.95,-2.28777
44.951,-2.28779
44.952,-2.28781
44.953,-2.28782
44.954,-2.28784
44.955,-2.28786
44.956,-2.28788
44.957,-2.2879
44.958,-2.28792
44.959,-2.28794
44.96,-2.28796
44.961,-2.28797
44.962,-2.28799
44.963,-2.28801
44.964,-2.28803
44.965,-2.28805
44.966,-2.28807
44.967,-2.28809
44.968,-2.2881
44.969,-2.28812
44.97,-2.28814
44.971,-2.28816
44.972,-2.28818
44.973,-2.2882
44.974,-2.28822
44.975,-2.28824
44.976,-2.28825
44.977,-2.28827
44.978,-2.28829
44.979,-2.28831
44.98,-2.28833
44.981,-2.28835
44.982,-2.28837
44.983,-2.28839
44.984,-2.2884
44.985,-2.28842
44.986,-2.28844
44.987,-2.28846
44.988,-2.28848
44.989,-2.2885
44.99,-2.28852
44.991,-2.28854
44.992,-2.28855
44.993,-2.28857
44.994,-2.28859
44.995,-2.28861
44.996,-2.28863
44.997,-2.28865
44.998,-2.28867
44.999,-2.28869
45,-2.28871
45.001,-2.28872
45.002,-2.28874
45.003,-2.28876
45.004,-2.28878
45.005,-2.2888
45.006,-2.28882
45.007,-2.28884
45.008,-2.28886
45.009,-2.28887
45.01,-2.28889
45.011,-2.28891
45.012,-2.28893
45.013,-2.28895
45.014,-2.28897
45.015,-2.28899
45.016,-2.28901
45.017,-2.28903
45.018,-2.28904
45.019,-2.28906
45.02,-2.28908
45.021,-2.2891
45.022,-2.28912
45.023,-2.28914
45.024,-2.28916
45.025,-2.28918
45.026,-2.28919
45.027,-2.28921
45.028,-2.28923
45.029,-2.28925
45.03,-2.28927
45.031,-2.28929
45.032,-2.28931
45.033,-2.28933
45.034,-2.28935
45.035,-2.28936
45.036,-2.28938
45.037,-2.2894
45.038,-2.28942
45.039,-2.28944
45.04,-2.28946
45.041,-2.28948
45.042,-2.2895
45.043,-2.28952
45.044,-2.28953
45.045,-2.28955
45.046,-2.28957
45.047,-2.28959
45.048,-2.28961
45.049,-2.28963
45.05,-2.28965
45.051,-2.28967
45.052,-2.28969
45.053,-2.28971
45.054,-2.28972
45.055,-2.28974
45.056,-2.28976
45.057,-2.28978
45.058,-2.2898
45.059,-2.28982
45.06,-2.28984
45.061,-2.28986
45.062,-2.28988
45.063,-2.28989
45.064,-2.28991
45.065,-2.28993
45.066,-2.28995
45.067,-2.28997
45.068,-2.28999
45.069,-2.29001
45.07,-2.29003
45.071,-2.29005
45.072,-2.29007
45.073,-2.29008
45.074,-2.2901
45.075,-2.29012
45.076,-2.29014
45.077,-2.29016
45.078,-2.29018
45.079,-2.2902
45.08,-2.29022
45.081,-2.29024
45.082,-2.29025
45.083,-2.29027
45.084,-2.29029
45.085,-2.29031
45.086,-2.29033
45.087,-2.29035
45.088,-2.29037
45.089,-2.29039
45.09,-2.29041
45.091,-2.29043
45.092,-2.29044
45.093,-2.29046
45.094,-2.29048
45.095,-2.2905
45.096,-2.29052
45.097,-2.29054
45.098,-2.29056
45.099,-2.29058
45.1,-2.2906
45.101,-2.29062
45.102,-2.29063
45.103,-2.29065
45.104,-2.29067
45.105,-2.29069
45.106,-2.29071
45.107,-2.29073
45.108,-2.29075
45.109,-2.29077
45.11,-2.29079
45.111,-2.29081
45.112,-2.29083
45.113,-2.29084
45.114,-2.29086
45.115,-2.29088
45.116,-2.2909
45.117,-2.29092
45.118,-2.29094
45.119,-2.29096
45.12,-2.29098
45.121,-2.291
45.122,-2.29102
45.123,-2.29104
45.124,-2.29105
45.125,-2.29107
45.126,-2.29109
45.127,-2.29111
45.128,-2.29113
45.129,-2.29115
45.13,-2.29117
45.131,-2.29119
45.132,-2.29121
45.133,-2.29123
45.134,-2.29125
45.135,-2.29126
45.136,-2.29128
45.137,-2.2913
45.138,-2.29132
45.139,-2.29134
45.14,-2.29136
45.141,-2.29138
45.142,-2.2914
45.143,-2.29142
45.144,-2.29144
45.145,-2.29146
45.146,-2.29147
45.147,-2.29149
45.148,-2.29151
45.149,-2.29153
45.15,-2.29155
45.151,-2.29157
45.152,-2.29159
45.153,-2.29161
45.154,-2.29163
45.155,-2.29165
45.156,-2.29167
45.157,-2.29168
45.158,-2.2917
45.159,-2.29172
45.16,-2.29174
45.161,-2.29176
45.162,-2.29178
45.163,-2.2918
45.164,-2.29182
45.165,-2.29184
45.166,-2.29186
45.167,-2.29188
45.168,-2.2919
45.169,-2.29191
45.17,-2.29193
45.171,-2.29195
45.172,-2.29197
45.173,-2.29199
45.174,-2.29201
45.175,-2.29203
45.176,-2.29205
45.177,-2.29207
45.178,-2.29209
45.179,-2.29211
45.18,-2.29213
45.181,-2.29214
45.182,-2.29216
45.183,-2.29218
45.184,-2.2922
45.185,-2.29222
45.186,-2.29224
45.187,-2.29226
45.188,-2.29228
45.189,-2.2923
45.19,-2.29232
45.191,-2.29234
45.192,-2.29236
45.193,-2.29238
45.194,-2.29239
45.195,-2.29241
45.196,-2.29243
45.197,-2.29245
45.198,-2.29247
45.199,-2.29249
45.2,-2.29251
45.201,-2.29253
45.202,-2.29255
45.203,-2.29257
45.204,-2.29259
45.205,-2.29261
45.206,-2.29263
45.207,-2.29264
45.208,-2.29266
45.209,-2.29268
45.21,-2.2927
45.211,-2.29272
45.212,-2.29274
45.213,-2.29276
45.214,-2.29278
45.215,-2.2928
45.216,-2.29282
45.217,-2.29284
45.218,-2.29286
45.219,-2.29288
45.22,-2.29289
45.221,-2.29291
45.222,-2.29293
45.223,-2.29295
45.224,-2.29297
45.225,-2.29299
45.226,-2.29301
45.227,-2.29303
45.228,-2.29305
45.229,-2.29307
45.23,-2.29309
45.231,-2.29311
45.232,-2.29313
45.233,-2.29315
45.234,-2.29316
45.235,-2.29318
45.236,-2.2932
45.237,-2.29322
45.238,-2.29324
45.239,-2.29326
45.24,-2.29328
45.241,-2.2933
45.242,-2.29332
45.243,-2.29334
45.244,-2.29336
45.245,-2.29338
45.246,-2.2934
45.247,-2.29342
45.248,-2.29343
45.249,-2.29345
45.25,-2.29347
45.251,-2.29349
45.252,-2.29351
45.253,-2.29353
45.254,-2.29355
45.255,-2.29357
45.256,-2.29359
45.257,-2.29361
45.258,-2.29363
45.259,-2.29365
45.26,-2.29367
45.261,-2.29369
45.262,-2.29371
45.263,-2.29372
45.264,-2.29374
45.265,-2.29376
45.266,-2.29378
45.267,-2.2938
45.268,-2.29382
45.269,-2.29384
45.27,-2.29386
45.271,-2.29388
45.272,-2.2939
45.273,-2.29392
45.274,-2.29394
45.275,-2.29396
45.276,-2.29398
45.277,-2.294
45.278,-2.29402
45.279,-2.29403
45.28,-2.29405
45.281,-2.29407
45.282,-2.29409
45.283,-2.29411
45.284,-2.29413
45.285,-2.29415
45.286,-2.29417
45.287,-2.29419
45.288,-2.29421
45.289,-2.29423
45.29,-2.29425
45.291,-2.29427
45.292,-2.29429
45.293,-2.29431
45.294,-2.29433
45.295,-2.29434
45.296,-2.29436
45.297,-2.29438
45.298,-2.2944
45.299,-2.29442
45.3,-2.29444
45.301,-2.29446
45.302,-2.29448
45.303,-2.2945
45.304,-2.29452
45.305,-2.29454
45.306,-2.29456
45.307,-2.29458
45.308,-2.2946
45.309,-2.29462
45.31,-2.29464
45.311,-2.29466
45.312,-2.29467
45.313,-2.29469
45.314,-2.29471
45.315,-2.29473
45.316,-2.29475
45.317,-2.29477
45.318,-2.29479
45.319,-2.29481
45.32,-2.29483
45.321,-2.29485
45.322,-2.29487
45.323,-2.29489
45.324,-2.29491
45.325,-2.29493
45.326,-2.29495
45.327,-2.29497
45.328,-2.29499
45.329,-2.295
45.33,-2.29502
45.331,-2.29504
45.332,-2.29506
45.333,-2.29508
45.334,-2.2951
45.335,-2.29512
45.336,-2.29514
45.337,-2.29516
45.338,-2.29518
45.339,-2.2952
45.34,-2.29522
45.341,-2.29524
45.342,-2.29526
45.343,-2.29528
45.344,-2.2953
45.345,-2.29532
45.346,-2.29534
45.347,-2.29536
45.348,-2.29537
45.349,-2.29539
45.35,-2.29541
45.351,-2.29543
45.352,-2.29545
45.353,-2.29547
45.354,-2.29549
45.355,-2.29551
45.356,-2.29553
45.357,-2.29555
45.358,-2.29557
45.359,-2.29559
45.36,-2.29561
45.361,-2.29563
45.362,-2.29565
45.363,-2.29567
45.364,-2.29569
45.365,-2.29571
45.366,-2.29573
45.367,-2.29575
45.368,-2.29576
45.369,-2.29578
45.37,-2.2958
45.371,-2.29582
45.372,-2.29584
45.373,-2.29586
45.374,-2.29588
45.375,-2.2959
45.376,-2.29592
45.377,-2.29594
45.378,-2.29596
45.379,-2.29598
45.38,-2.296
45.381,-2.29602
45.382,-2.29604
45.383,-2.29606
45.384,-2.29608
45.385,-2.2961
45.386,-2.29612
45.387,-2.29614
45.388,-2.29616
45.389,-2.29617
45.39,-2.29619
45.391,-2.29621
45.392,-2.29623
45.393,-2.29625
45.394,-2.29627
45.395,-2.29629
45.396,-2.29631
45.397,-2.29633
45.398,-2.29635
45.399,-2.29637
45.4,-2.29639
45.401,-2.29641
45.402,-2.29643
45.403,-2.29645
45.404,-2.29647
45.405,-2.29649
45.406,-2.29651
45.407,-2.29653
45.408,-2.29655
45.409,-2.29657
45.41,-2.29659
45.411,-2.2966
45.412,-2.29662
45.413,-2.29664
45.414,-2.29666
45.415,-2.29668
45.416,-2.2967
45.417,-2.29672
45.418,-2.29674
45.419,-2.29676
45.42,-2.29678
45.421,-2.2968
45.422,-2.29682
45.423,-2.29684
45.424,-2.29686
45.425,-2.29688
45.426,-2.2969
45.427,-2.29692
45.428,-2.29694
45.429,-2.29696
45.43,-2.29698
45.431,-2.297
45.432,-2.29702
45.433,-2.29704
45.434,-2.29706
45.435,-2.29708
45.436,-2.29709
45.437,-2.29711
45.438,-2.29713
45.439,-2.29715
45.44,-2.29717
45.441,-2.29719
45.442,-2.29721
45.443,-2.29723
45.444,-2.29725
45.445,-2.29727
45.446,-2.29729
45.447,-2.29731
45.448,-2.29733
45.449,-2.29735
45.45,-2.29737
45.451,-2.29739
45.452,-2.29741
45.453,-2.29743
45.454,-2.29745
45.455,-2.29747
45.456,-2.29749
45.457,-2.29751
45.458,-2.29753
45.459,-2.29755
45.46,-2.29757
45.461,-2.29759
45.462,-2.2976
45.463,-2.29762
45.464,-2.29764
45.465,-2.29766
45.466,-2.29768
45.467,-2.2977
45.468,-2.29772
45.469,-2.29774
45.47,-2.29776
45.471,-2.29778
45.472,-2.2978
45.473,-2.29782
45.474,-2.29784
45.475,-2.29786
45.476,-2.29788
45.477,-2.2979
45.478,-2.29792
45.479,-2.29794
45.48,-2.29796
45.481,-2.29798
45.482,-2.298
45.483,-2.29802
45.484,-2.29804
45.485,-2.29806
45.486,-2.29808
45.487,-2.2981
45.488,-2.29812
45.489,-2.29814
45.49,-2.29816
45.491,-2.29818
45.492,-2.29819
45.493,-2.29821
45.494,-2.29823
45.495,-2.29825
45.496,-2.29827
45.497,-2.29829
45.498,-2.29831
45.499,-2.29833
45.5,-2.29835
45.501,-2.29837
45.502,-2.29839
45.503,-2.29841
45.504,-2.29843
45.505,-2.29845
45.506,-2.29847
45.507,-2.29849
45.508,-2.29851
45.509,-2.29853
45.51,-2.29855
45.511,-2.29857
45.512,-2.29859
45.513,-2.29861
45.514,-2.29863
45.515,-2.29865
45.516,-2.29867
45.517,-2.29869
45.518,-2.29871
45.519,-2.29873
45.52,-2.29875
45.521,-2.29877
45.522,-2.29879
45.523,-2.29881
45.524,-2.29883
45.525,-2.29884
45.526,-2.29886
45.527,-2.29888
45.528,-2.2989
45.529,-2.29892
45.53,-2.29894
45.531,-2.29896
45.532,-2.29898
45.533,-2.299
45.534,-2.29902
45.535,-2.29904
45.536,-2.29906
45.537,-2.29908
45.538,-2.2991
45.539,-2.29912
45.54,-2.29914
45.541,-2.29916
45.542,-2.29918
45.543,-2.2992
45.544,-2.29922
45.545,-2.29924
45.546,-2.29926
45.547,-2.29928
45.548,-2.2993
45.549,-2.29932
45.55,-2.29934
45.551,-2.29936
45.552,-2.29938
45.553,-2.2994
45.554,-2.29942
45.555,-2.29944
45.556,-2.29946
45.557,-2.29948
45.558,-2.2995
45.559,-2.29952
45.56,-2.29954
45.561,-2.29956
45.562,-2.29958
45.563,-2.2996
45.564,-2.29961
45.565,-2.29963
45.566,-2.29965
45.567,-2.29967
45.568,-2.29969
45.569,-2.29971
45.57,-2.29973
45.571,-2.29975
45.572,-2.29977
45.573,-2.29979
45.574,-2.29981
45.575,-2.29983
45.576,-2.29985
45.577,-2.29987
45.578,-2.29989
45.579,-2.29991
45.58,-2.29993
45.581,-2.29995
45.582,-2.29997
45.583,-2.29999
45.584,-2.30001
45.585,-2.30003
45.586,-2.30005
45.587,-2.30007
45.588,-2.30009
45.589,-2.30011
45.59,-2.30013
45.591,-2.30015
45.592,-2.30017
45.593,-2.30019
45.594,-2.30021
45.595,-2.30023
45.596,-2.30025
45.597,-2.30027
45.598,-2.30029
45.599,-2.30031
45.6,-2.30033
45.601,-2.30035
45.602,-2.30037
45.603,-2.30039
45.604,-2.30041
45.605,-2.30043
45.606,-2.30045
45.607,-2.30047
45.608,-2.30049
45.609,-2.30051
45.61,-2.30053
45.611,-2.30055
45.612,-2.30056
45.613,-2.30058
45.614,-2.3006
45.615,-2.30062
45.616,-2.30064
45.617,-2.30066
45.618,-2.30068
45.619,-2.3007
45.62,-2.30072
45.621,-2.30074
45.622,-2.30076
45.623,-2.30078
45.624,-2.3008
45.625,-2.30082
45.626,-2.30084
45.627,-2.30086
45.628,-2.30088
45.629,-2.3009
45.63,-2.30092
45.631,-2.30094
45.632,-2.30096
45.633,-2.30098
45.634,-2.301
45.635,-2.30102
45.636,-2.30104
45.637,-2.30106
45.638,-2.30108
45.639,-2.3011
45.64,-2.30112
45.641,-2.30114
45.642,-2.30116
45.643,-2.30118
45.644,-2.3012
45.645,-2.30122
45.646,-2.30124
45.647,-2.30126
45.648,-2.30128
45.649,-2.3013
45.65,-2.30132
45.651,-2.30134
45.652,-2.30136
45.653,-2.30138
45.654,-2.3014
45.655,-2.30142
45.656,-2.30144
45.657,-2.30146
45.658,-2.30148
45.659,-2.3015
45.66,-2.30152
45.661,-2.30154
45.662,-2.30156
45.663,-2.30158
45.664,-2.3016
45.665,-2.30162
45.666,-2.30164
45.667,-2.30166
45.668,-2.30168
45.669,-2.3017
45.67,-2.30172
45.671,-2.30174
45.672,-2.30176
45.673,-2.30178
45.674,-2.3018
45.675,-2.30182
45.676,-2.30184
45.677,-2.30186
45.678,-2.30187
45.679,-2.30189
45.68,-2.30191
45.681,-2.30193
45.682,-2.30195
45.683,-2.30197
45.684,-2.30199
45.685,-2.30201
45.686,-2.30203
45.687,-2.30205
45.688,-2.30207
45.689,-2.30209
45.69,-2.30211
45.691,-2.30213
45.692,-2.30215
45.693,-2.30217
45.694,-2.30219
45.695,-2.30221
45.696,-2.30223
45.697,-2.30225
45.698,-2.30227
45.699,-2.30229
45.7,-2.30231
45.701,-2.30233
45.702,-2.30235
45.703,-2.30237
45.704,-2.30239
45.705,-2.30241
45.706,-2.30243
45.707,-2.30245
45.708,-2.30247
45.709,-2.30249
45.71,-2.30251
45.711,-2.30253
45.712,-2.30255
45.713,-2.30257
45.714,-2.30259
45.715,-2.30261
45.716,-2.30263
45.717,-2.30265
45.718,-2.30267
45.719,-2.30269
45.72,-2.30271
45.721,-2.30273
45.722,-2.30275
45.723,-2.30277
45.724,-2.30279
45.725,-2.30281
45.726,-2.30283
45.727,-2.30285
45.728,-2.30287
45.729,-2.30289
45.73,-2.30291
45.731,-2.30293
45.732,-2.30295
45.733,-2.30297
45.734,-2.30299
45.735,-2.30301
45.736,-2.30303
45.737,-2.30305
45.738,-2.30307
45.739,-2.30309
45.74,-2.30311
45.741,-2.30313
45.742,-2.30315
45.743,-2.30317
45.744,-2.30319
45.745,-2.30321
45.746,-2.30323
45.747,-2.30325
45.748,-2.30327
45.749,-2.30329
45.75,-2.30331
45.751,-2.30333
45.752,-2.30335
45.753,-2.30337
45.754,-2.30339
45.755,-2.30341
45.756,-2.30343
45.757,-2.30345
45.758,-2.30347
45.759,-2.30349
45.76,-2.30351
45.761,-2.30353
45.762,-2.30355
45.763,-2.30357
45.764,-2.30359
45.765,-2.30361
45.766,-2.30363
45.767,-2.30365
45.768,-2.30367
45.769,-2.30369
45.77,-2.30371
45.771,-2.30373
45.772,-2.30375
45.773,-2.30377
45.774,-2.30379
45.775,-2.30381
45.776,-2.30383
45.777,-2.30385
45.778,-2.30387
45.779,-2.30389
45.78,-2.30391
45.781,-2.30393
45.782,-2.30395
45.783,-2.30397
45.784,-2.30399
45.785,-2.30401
45.786,-2.30403
45.787,-2.30405
45.788,-2.30407
45.789,-2.30409
45.79,-2.30411
45.791,-2.30413
45.792,-2.30415
45.793,-2.30417
45.794,-2.30419
45.795,-2.30421
45.796,-2.30423
45.797,-2.30425
45.798,-2.30427
45.799,-2.30429
45.8,-2.30431
45.801,-2.30433
45.802,-2.30435
45.803,-2.30437
45.804,-2.30439
45.805,-2.30441
45.806,-2.30443
45.807,-2.30445
45.808,-2.30447
45.809,-2.30449
45.81,-2.30451
45.811,-2.30453
45.812,-2.30455
45.813,-2.30457
45.814,-2.30459
45.815,-2.30461
45.816,-2.30463
45.817,-2.30465
45.818,-2.30467
45.819,-2.30469
45.82,-2.30471
45.821,-2.30473
45.822,-2.30475
45.823,-2.30477
45.824,-2.30479
45.825,-2.30481
45.826,-2.30483
45.827,-2.30485
45.828,-2.30487
45.829,-2.30489
45.83,-2.30491
45.831,-2.30493
45.832,-2.30495
45.833,-2.30497
45.834,-2.30499
45.835,-2.30501
45.836,-2.30503
45.837,-2.30505
45.838,-2.30507
45.839,-2.30509
45.84,-2.30511
45.841,-2.30513
45.842,-2.30515
45.843,-2.30517
45.844,-2.30519
45.845,-2.30521
45.846,-2.30523
45.847,-2.30525
45.848,-2.30527
45.849,-2.30529
45.85,-2.30531
45.851,-2.30533
45.852,-2.30535
45.853,-2.30537
45.854,-2.30539
45.855,-2.30541
45.856,-2.30543
45.857,-2.30545
45.858,-2.30547
45.859,-2.30549
45.86,-2.30551
45.861,-2.30553
45.862,-2.30555
45.863,-2.30557
45.864,-2.30559
45.865,-2.30561
45.866,-2.30563
45.867,-2.30565
45.868,-2.30567
45.869,-2.30569
45.87,-2.30571
45.871,-2.30573
45.872,-2.30575
45.873,-2.30577
45.874,-2.30579
45.875,-2.30581
45.876,-2.30583
45.877,-2.30585
45.878,-2.30587
45.879,-2.30589
45.88,-2.30591
45.881,-2.30593
45.882,-2.30595
45.883,-2.30597
45.884,-2.30599
45.885,-2.30601
45.886,-2.30603
45.887,-2.30605
45.888,-2.30607
45.889,-2.30609
45.89,-2.30611
45.891,-2.30613
45.892,-2.30615
45.893,-2.30617
45.894,-2.30619
45.895,-2.30621
45.896,-2.30623
45.897,-2.30625
45.898,-2.30627
45.899,-2.30629
45.9,-2.30631
45.901,-2.30633
45.902,-2.30635
45.903,-2.30637
45.904,-2.30639
45.905,-2.30641
45.906,-2.30643
45.907,-2.30645
45.908,-2.30647
45.909,-2.30649
45.91,-2.30651
45.911,-2.30653
45.912,-2.30655
45.913,-2.30657
45.914,-2.30659
45.915,-2.30661
45.916,-2.30663
45.917,-2.30665
45.918,-2.30667
45.919,-2.30669
45.92,-2.30671
45.921,-2.30673
45.922,-2.30675
45.923,-2.30677
45.924,-2.30679
45.925,-2.30681
45.926,-2.30683
45.927,-2.30685
45.928,-2.30687
45.929,-2.30689
45.93,-2.30691
45.931,-2.30693
45.932,-2.30695
45.933,-2.30697
45.934,-2.30699
45.935,-2.30701
45.936,-2.30703
45.937,-2.30705
45.938,-2.30707
45.939,-2.30709
45.94,-2.30711
45.941,-2.30713
45.942,-2.30715
45.943,-2.30717
45.944,-2.30719
45.945,-2.30721
45.946,-2.30723
45.947,-2.30725
45.948,-2.30727
45.949,-2.30729
45.95,-2.30731
45.951,-2.30733
45.952,-2.30735
45.953,-2.30737
45.954,-2.30739
45.955,-2.30741
45.956,-2.30743
45.957,-2.30745
45.958,-2.30747
45.959,-2.30749
45.96,-2.30751
45.961,-2.30753
45.962,-2.30755
45.963,-2.30757
45.964,-2.30759
45.965,-2.30761
45.966,-2.30763
45.967,-2.30765
45.968,-2.30767
45.969,-2.30769
45.97,-2.30771
45.971,-2.30773
45.972,-2.30775
45.973,-2.30777
45.974,-2.30779
45.975,-2.30781
45.976,-2.30783
45.977,-2.30785
45.978,-2.30787
45.979,-2.30789
45.98,-2.30791
45.981,-2.30793
45.982,-2.30795
45.983,-2.30797
45.984,-2.30799
45.985,-2.30801
45.986,-2.30803
45.987,-2.30805
45.988,-2.30807
45.989,-2.30809
45.99,-2.30811
45.991,-2.30813
45.992,-2.30815
45.993,-2.30817
45.994,-2.30819
45.995,-2.30821
45.996,-2.30823
45.997,-2.30825
45.998,-2.30827
45.999,-2.30829
46,-2.30831
46.001,-2.30833
46.002,-2.30835
46.003,-2.30837
46.004,-2.30839
46.005,-2.30841
46.006,-2.30843
46.007,-2.30845
46.008,-2.30847
46.009,-2.30849
46.01,-2.30851
46.011,-2.30853
46.012,-2.30855
46.013,-2.30857
46.014,-2.30859
46.015,-2.30861
46.016,-2.30863
46.017,-2.30865
46.018,-2.30867
46.019,-2.30869
46.02,-2.30871
46.021,-2.30873
46.022,-2.30876
46.023,-2.30878
46.024,-2.3088
46.025,-2.30882
46.026,-2.30884
46.027,-2.30886
46.028,-2.30888
46.029,-2.3089
46.03,-2.30892
46.031,-2.30894
46.032,-2.30896
46.033,-2.30898
46.034,-2.309
46.035,-2.30902
46.036,-2.30904
46.037,-2.30906
46.038,-2.30908
46.039,-2.3091
46.04,-2.30912
46.041,-2.30914
46.042,-2.30916
46.043,-2.30918
46.044,-2.3092
46.045,-2.30922
46.046,-2.30924
46.047,-2.30926
46.048,-2.30928
46.049,-2.3093
46.05,-2.30932
46.051,-2.30934
46.052,-2.30936
46.053,-2.30938
46.054,-2.3094
46.055,-2.30942
46.056,-2.30944
46.057,-2.30946
46.058,-2.30948
46.059,-2.3095
46.06,-2.30952
46.061,-2.30954
46.062,-2.30956
46.063,-2.30958
46.064,-2.3096
46.065,-2.30962
46.066,-2.30964
46.067,-2.30966
46.068,-2.30968
46.069,-2.3097
46.07,-2.30972
46.071,-2.30974
46.072,-2.30976
46.073,-2.30978
46.074,-2.3098
46.075,-2.30982
46.076,-2.30984
46.077,-2.30986
46.078,-2.30988
46.079,-2.3099
46.08,-2.30992
46.081,-2.30994
46.082,-2.30996
46.083,-2.30998
46.084,-2.31
46.085,-2.31002
46.086,-2.31004
46.087,-2.31006
46.088,-2.31008
46.089,-2.3101
46.09,-2.31012
46.091,-2.31014
46.092,-2.31016
46.093,-2.31018
46.094,-2.3102
46.095,-2.31022
46.096,-2.31024
46.097,-2.31026
46.098,-2.31028
46.099,-2.3103
46.1,-2.31032
46.101,-2.31034
46.102,-2.31036
46.103,-2.31038
46.104,-2.3104
46.105,-2.31042
46.106,-2.31044
46.107,-2.31046
46.108,-2.31048
46.109,-2.3105
46.11,-2.31052
46.111,-2.31054
46.112,-2.31056
46.113,-2.31058
46.114,-2.3106
46.115,-2.31062
46.116,-2.31064
46.117,-2.31066
46.118,-2.31069
46.119,-2.31071
46.12,-2.31073
46.121,-2.31075
46.122,-2.31077
46.123,-2.31079
46.124,-2.31081
46.125,-2.31083
46.126,-2.31085
46.127,-2.31087
46.128,-2.31089
46.129,-2.31091
46.13,-2.31093
46.131,-2.31095
46.132,-2.31097
46.133,-2.31099
46.134,-2.31101
46.135,-2.31103
46.136,-2.31105
46.137,-2.31107
46.138,-2.31109
46.139,-2.31111
46.14,-2.31113
46.141,-2.31115
46.142,-2.31117
46.143,-2.31119
46.144,-2.31121
46.145,-2.31123
46.146,-2.31125
46.147,-2.31127
46.148,-2.31129
46.149,-2.31131
46.15,-2.31133
46.151,-2.31135
46.152,-2.31137
46.153,-2.31139
46.154,-2.31141
46.155,-2.31143
46.156,-2.31145
46.157,-2.31147
46.158,-2.31149
46.159,-2.31151
46.16,-2.31153
46.161,-2.31155
46.162,-2.31157
46.163,-2.31159
46.164,-2.31161
46.165,-2.31163
46.166,-2.31165
46.167,-2.31167
46.168,-2.31169
46.169,-2.31171
46.17,-2.31173
46.171,-2.31175
46.172,-2.31177
46.173,-2.31179
46.174,-2.31181
46.175,-2.31183
46.176,-2.31185
46.177,-2.31187
46.178,-2.31189
46.179,-2.31191
46.18,-2.31193
46.181,-2.31195
46.182,-2.31197
46.183,-2.31199
46.184,-2.31201
46.185,-2.31203
46.186,-2.31205
46.187,-2.31207
46.188,-2.31209
46.189,-2.31211
46.19,-2.31213
46.191,-2.31215
46.192,-2.31217
46.193,-2.31219
46.194,-2.31221
46.195,-2.31223
46.196,-2.31225
46.197,-2.31227
46.198,-2.31229
46.199,-2.31231
46.2,-2.31234
46.201,-2.31236
46.202,-2.31238
46.203,-2.3124
46.204,-2.31242
46.205,-2.31244
46.206,-2.31246
46.207,-2.31248
46.208,-2.3125
46.209,-2.31252
46.21,-2.31254
46.211,-2.31256
46.212,-2.31258
46.213,-2.3126
46.214,-2.31262
46.215,-2.31264
46.216,-2.31266
46.217,-2.31268
46.218,-2.3127
46.219,-2.31272
46.22,-2.31274
46.221,-2.31276
46.222,-2.31278
46.223,-2.3128
46.224,-2.31282
46.225,-2.31284
46.226,-2.31286
46.227,-2.31288
46.228,-2.3129
46.229,-2.31292
46.23,-2.31294
46.231,-2.31296
46.232,-2.31298
46.233,-2.313
46.234,-2.31302
46.235,-2.31304
46.236,-2.31306
46.237,-2.31308
46.238,-2.3131
46.239,-2.31312
46.24,-2.31314
46.241,-2.31316
46.242,-2.31318
46.243,-2.3132
46.244,-2.31322
46.245,-2.31324
46.246,-2.31326
46.247,-2.31328
46.248,-2.3133
46.249,-2.31332
46.25,-2.31334
46.251,-2.31336
46.252,-2.31338
46.253,-2.3134
46.254,-2.31342
46.255,-2.31344
46.256,-2.31346
46.257,-2.31348
46.258,-2.3135
46.259,-2.31352
46.26,-2.31354
46.261,-2.31356
46.262,-2.31358
46.263,-2.3136
46.264,-2.31362
46.265,-2.31364
46.266,-2.31366
46.267,-2.31368
46.268,-2.3137
46.269,-2.31372
46.27,-2.31374
46.271,-2.31376
46.272,-2.31378
46.273,-2.3138
46.274,-2.31382
46.275,-2.31384
46.276,-2.31386
46.277,-2.31389
46.278,-2.31391
46.279,-2.31393
46.28,-2.31395
46.281,-2.31397
46.282,-2.31399
46.283,-2.31401
46.284,-2.31403
46.285,-2.31405
46.286,-2.31407
46.287,-2.31409
46.288,-2.31411
46.289,-2.31413
46.29,-2.31415
46.291,-2.31417
46.292,-2.31419
46.293,-2.31421
46.294,-2.31423
46.295,-2.31425
46.296,-2.31427
46.297,-2.31429
46.298,-2.31431
46.299,-2.31433
46.3,-2.31435
46.301,-2.31437
46.302,-2.31439
46.303,-2.31441
46.304,-2.31443
46.305,-2.31445
46.306,-2.31447
46.307,-2.31449
46.308,-2.31451
46.309,-2.31453
46.31,-2.31455
46.311,-2.31457
46.312,-2.31459
46.313,-2.31461
46.314,-2.31463
46.315,-2.31465
46.316,-2.31467
46.317,-2.31469
46.318,-2.31471
46.319,-2.31473
46.32,-2.31475
46.321,-2.31477
46.322,-2.31479
46.323,-2.31481
46.324,-2.31483
46.325,-2.31485
46.326,-2.31487
46.327,-2.31489
46.328,-2.31491
46.329,-2.31493
46.33,-2.31495
46.331,-2.31497
46.332,-2.31499
46.333,-2.31501
46.334,-2.31503
46.335,-2.31505
46.336,-2.31507
46.337,-2.31509
46.338,-2.31511
46.339,-2.31513
46.34,-2.31515
46.341,-2.31517
46.342,-2.31519
46.343,-2.31521
46.344,-2.31523
46.345,-2.31525
46.346,-2.31527
46.347,-2.31529
46.348,-2.31531
46.349,-2.31533
46.35,-2.31535
46.351,-2.31537
46.352,-2.31539
46.353,-2.31541
46.354,-2.31544
46.355,-2.31546
46.356,-2.31548
46.357,-2.3155
46.358,-2.31552
46.359,-2.31554
46.36,-2.31556
46.361,-2.31558
46.362,-2.3156
46.363,-2.31562
46.364,-2.31564
46.365,-2.31566
46.366,-2.31568
46.367,-2.3157
46.368,-2.31572
46.369,-2.31574
46.37,-2.31576
46.371,-2.31578
46.372,-2.3158
46.373,-2.31582
46.374,-2.31584
46.375,-2.31586
46.376,-2.31588
46.377,-2.3159
46.378,-2.31592
46.379,-2.31594
46.38,-2.31596
46.381,-2.31598
46.382,-2.316
46.383,-2.31602
46.384,-2.31604
46.385,-2.31606
46.386,-2.31608
46.387,-2.3161
46.388,-2.31612
46.389,-2.31614
46.39,-2.31616
46.391,-2.31618
46.392,-2.3162
46.393,-2.31622
46.394,-2.31624
46.395,-2.31626
46.396,-2.31628
46.397,-2.3163
46.398,-2.31632
46.399,-2.31634
46.4,-2.31636
46.401,-2.31638
46.402,-2.3164
46.403,-2.31642
46.404,-2.31644
46.405,-2.31646
46.406,-2.31648
46.407,-2.3165
46.408,-2.31652
46.409,-2.31654
46.41,-2.31656
46.411,-2.31658
46.412,-2.3166
46.413,-2.31662
46.414,-2.31664
46.415,-2.31666
46.416,-2.31668
46.417,-2.3167
46.418,-2.31672
46.419,-2.31674
46.42,-2.31676
46.421,-2.31678
46.422,-2.3168
46.423,-2.31682
46.424,-2.31684
46.425,-2.31686
46.426,-2.31688
46.427,-2.3169
46.428,-2.31692
46.429,-2.31694
46.43,-2.31696
46.431,-2.31698
46.432,-2.317
46.433,-2.31702
46.434,-2.31704
46.435,-2.31706
46.436,-2.31708
46.437,-2.31711
46.438,-2.31713
46.439,-2.31715
46.44,-2.31717
46.441,-2.31719
46.442,-2.31721
46.443,-2.31723
46.444,-2.31725
46.445,-2.31727
46.446,-2.31729
46.447,-2.31731
46.448,-2.31733
46.449,-2.31735
46.45,-2.31737
46.451,-2.31739
46.452,-2.31741
46.453,-2.31743
46.454,-2.31745
46.455,-2.31747
46.456,-2.31749
46.457,-2.31751
46.458,-2.31753
46.459,-2.31755
46.46,-2.31757
46.461,-2.31759
46.462,-2.31761
46.463,-2.31763
46.464,-2.31765
46.465,-2.31767
46.466,-2.31769
46.467,-2.31771
46.468,-2.31773
46.469,-2.31775
46.47,-2.31777
46.471,-2.31779
46.472,-2.31781
46.473,-2.31783
46.474,-2.31785
46.475,-2.31787
46.476,-2.31789
46.477,-2.31791
46.478,-2.31793
46.479,-2.31795
46.48,-2.31797
46.481,-2.31799
46.482,-2.31801
46.483,-2.31803
46.484,-2.31805
46.485,-2.31807
46.486,-2.31809
46.487,-2.31811
46.488,-2.31813
46.489,-2.31815
46.49,-2.31817
46.491,-2.31819
46.492,-2.31821
46.493,-2.31823
46.494,-2.31825
46.495,-2.31827
46.496,-2.31829
46.497,-2.31831
46.498,-2.31833
46.499,-2.31835
46.5,-2.31837
46.501,-2.31839
46.502,-2.31841
46.503,-2.31843
46.504,-2.31845
46.505,-2.31847
46.506,-2.31849
46.507,-2.31851
46.508,-2.31853
46.509,-2.31855
46.51,-2.31857
46.511,-2.31859
46.512,-2.31861
46.513,-2.31863
46.514,-2.31865
46.515,-2.31867
46.516,-2.31869
46.517,-2.31871
46.518,-2.31873
46.519,-2.31875
46.52,-2.31877
46.521,-2.31879
46.522,-2.31881
46.523,-2.31883
46.524,-2.31885
46.525,-2.31887
46.526,-2.31889
46.527,-2.31891
46.528,-2.31893
46.529,-2.31895
46.53,-2.31897
46.531,-2.31899
46.532,-2.31901
46.533,-2.31903
46.534,-2.31906
46.535,-2.31908
46.536,-2.3191
46.537,-2.31912
46.538,-2.31914
46.539,-2.31916
46.54,-2.31918
46.541,-2.3192
46.542,-2.31922
46.543,-2.31924
46.544,-2.31926
46.545,-2.31928
46.546,-2.3193
46.547,-2.31932
46.548,-2.31934
46.549,-2.31936
46.55,-2.31938
46.551,-2.3194
46.552,-2.31942
46.553,-2.31944
46.554,-2.31946
46.555,-2.31948
46.556,-2.3195
46.557,-2.31952
46.558,-2.31954
46.559,-2.31956
46.56,-2.31958
46.561,-2.3196
46.562,-2.31962
46.563,-2.31964
46.564,-2.31966
46.565,-2.31968
46.566,-2.3197
46.567,-2.31972
46.568,-2.31974
46.569,-2.31976
46.57,-2.31978
46.571,-2.3198
46.572,-2.31982
46.573,-2.31984
46.574,-2.31986
46.575,-2.31988
46.576,-2.3199
46.577,-2.31992
46.578,-2.31994
46.579,-2.31996
46.58,-2.31998
46.581,-2.32
46.582,-2.32002
46.583,-2.32004
46.584,-2.32006
46.585,-2.32008
46.586,-2.3201
46.587,-2.32012
46.588,-2.32014
46.589,-2.32016
46.59,-2.32018
46.591,-2.3202
46.592,-2.32022
46.593,-2.32024
46.594,-2.32026
46.595,-2.32028
46.596,-2.3203
46.597,-2.32032
46.598,-2.32034
46.599,-2.32036
46.6,-2.32038
46.601,-2.3204
46.602,-2.32042
46.603,-2.32044
46.604,-2.32046
46.605,-2.32048
46.606,-2.3205
46.607,-2.32052
46.608,-2.32054
46.609,-2.32056
46.61,-2.32058
46.611,-2.3206
46.612,-2.32062
46.613,-2.32064
46.614,-2.32066
46.615,-2.32068
46.616,-2.3207
46.617,-2.32072
46.618,-2.32074
46.619,-2.32076
46.62,-2.32078
46.621,-2.3208
46.622,-2.32082
46.623,-2.32084
46.624,-2.32086
46.625,-2.32088
46.626,-2.3209
46.627,-2.32092
46.628,-2.32094
46.629,-2.32096
46.63,-2.32098
46.631,-2.321
46.632,-2.32102
46.633,-2.32104
46.634,-2.32106
46.635,-2.32108
46.636,-2.3211
46.637,-2.32112
46.638,-2.32114
46.639,-2.32116
46.64,-2.32118
46.641,-2.3212
46.642,-2.32122
46.643,-2.32124
46.644,-2.32126
46.645,-2.32128
46.646,-2.3213
46.647,-2.32132
46.648,-2.32134
46.649,-2.32136
46.65,-2.32138
46.651,-2.3214
46.652,-2.32142
46.653,-2.32144
46.654,-2.32146
46.655,-2.32148
46.656,-2.3215
46.657,-2.32152
46.658,-2.32154
46.659,-2.32156
46.66,-2.32158
46.661,-2.3216
46.662,-2.32162
46.663,-2.32164
46.664,-2.32166
46.665,-2.32168
46.666,-2.3217
46.667,-2.32172
46.668,-2.32174
46.669,-2.32176
46.67,-2.32178
46.671,-2.3218
46.672,-2.32182
46.673,-2.32184
46.674,-2.32186
46.675,-2.32188
46.676,-2.3219
46.677,-2.32192
46.678,-2.32194
46.679,-2.32196
46.68,-2.32198
46.681,-2.322
46.682,-2.32202
46.683,-2.32204
46.684,-2.32206
46.685,-2.32208
46.686,-2.3221
46.687,-2.32212
46.688,-2.32214
46.689,-2.32216
46.69,-2.32218
46.691,-2.3222
46.692,-2.32222
46.693,-2.32224
46.694,-2.32226
46.695,-2.32228
46.696,-2.3223
46.697,-2.32232
46.698,-2.32234
46.699,-2.32236
46.7,-2.32239
46.701,-2.32241
46.702,-2.32243
46.703,-2.32245
46.704,-2.32247
46.705,-2.32249
46.706,-2.32251
46.707,-2.32253
46.708,-2.32255
46.709,-2.32257
46.71,-2.32259
46.711,-2.32261
46.712,-2.32263
46.713,-2.32265
46.714,-2.32267
46.715,-2.32269
46.716,-2.32271
46.717,-2.32273
46.718,-2.32275
46.719,-2.32277
46.72,-2.32279
46.721,-2.32281
46.722,-2.32283
46.723,-2.32285
46.724,-2.32287
46.725,-2.32289
46.726,-2.32291
46.727,-2.32293
46.728,-2.32295
46.729,-2.32297
46.73,-2.32299
46.731,-2.32301
46.732,-2.32303
46.733,-2.32305
46.734,-2.32307
46.735,-2.32309
46.736,-2.32311
46.737,-2.32313
46.738,-2.32315
46.739,-2.32317
46.74,-2.32319
46.741,-2.32321
46.742,-2.32323
46.743,-2.32325
46.744,-2.32327
46.745,-2.32329
46.746,-2.32331
46.747,-2.32333
46.748,-2.32335
46.749,-2.32337
46.75,-2.32339
46.751,-2.32341
46.752,-2.32343
46.753,-2.32345
46.754,-2.32347
46.755,-2.32349
46.756,-2.32351
46.757,-2.32353
46.758,-2.32355
46.759,-2.32357
46.76,-2.32359
46.761,-2.32361
46.762,-2.32363
46.763,-2.32365
46.764,-2.32367
46.765,-2.32369
46.766,-2.32371
46.767,-2.32373
46.768,-2.32375
46.769,-2.32377
46.77,-2.32379
46.771,-2.32381
46.772,-2.32383
46.773,-2.32385
46.774,-2.32387
46.775,-2.32389
46.776,-2.32391
46.777,-2.32393
46.778,-2.32395
46.779,-2.32397
46.78,-2.32399
46.781,-2.32401
46.782,-2.32403
46.783,-2.32405
46.784,-2.32407
46.785,-2.32409
46.786,-2.32411
46.787,-2.32413
46.788,-2.32415
46.789,-2.32417
46.79,-2.32419
46.791,-2.32421
46.792,-2.32423
46.793,-2.32425
46.794,-2.32427
46.795,-2.32429
46.796,-2.32431
46.797,-2.32433
46.798,-2.32435
46.799,-2.32437
46.8,-2.32438
46.801,-2.3244
46.802,-2.32442
46.803,-2.32444
46.804,-2.32446
46.805,-2.32448
46.806,-2.3245
46.807,-2.32452
46.808,-2.32454
46.809,-2.32456
46.81,-2.32458
46.811,-2.3246
46.812,-2.32462
46.813,-2.32464
46.814,-2.32466
46.815,-2.32468
46.816,-2.3247
46.817,-2.32472
46.818,-2.32474
46.819,-2.32476
46.82,-2.32478
46.821,-2.3248
46.822,-2.32482
46.823,-2.32484
46.824,-2.32486
46.825,-2.32488
46.826,-2.3249
46.827,-2.32492
46.828,-2.32494
46.829,-2.32496
46.83,-2.32498
46.831,-2.325
46.832,-2.32502
46.833,-2.32504
46.834,-2.32506
46.835,-2.32508
46.836,-2.3251
46.837,-2.32512
46.838,-2.32514
46.839,-2.32516
46.84,-2.32518
46.841,-2.3252
46.842,-2.32522
46.843,-2.32524
46.844,-2.32526
46.845,-2.32528
46.846,-2.3253
46.847,-2.32532
46.848,-2.32534
46.849,-2.32536
46.85,-2.32538
46.851,-2.3254
46.852,-2.32542
46.853,-2.32544
46.854,-2.32546
46.855,-2.32548
46.856,-2.3255
46.857,-2.32552
46.858,-2.32554
46.859,-2.32556
46.86,-2.32558
46.861,-2.3256
46.862,-2.32562
46.863,-2.32564
46.864,-2.32566
46.865,-2.32568
46.866,-2.3257
46.867,-2.32572
46.868,-2.32574
46.869,-2.32576
46.87,-2.32578
46.871,-2.3258
46.872,-2.32582
46.873,-2.32584
46.874,-2.32586
46.875,-2.32588
46.876,-2.3259
46.877,-2.32592
46.878,-2.32594
46.879,-2.32596
46.88,-2.32598
46.881,-2.326
46.882,-2.32602
46.883,-2.32604
46.884,-2.32606
46.885,-2.32608
46.886,-2.3261
46.887,-2.32612
46.888,-2.32614
46.889,-2.32616
46.89,-2.32618
46.891,-2.3262
46.892,-2.32622
46.893,-2.32624
46.894,-2.32626
46.895,-2.32628
46.896,-2.3263
46.897,-2.32632
46.898,-2.32634
46.899,-2.32636
46.9,-2.32638
46.901,-2.3264
46.902,-2.32642
46.903,-2.32644
46.904,-2.32646
46.905,-2.32648
46.906,-2.3265
46.907,-2.32652
46.908,-2.32654
46.909,-2.32656
46.91,-2.32658
46.911,-2.3266
46.912,-2.32662
46.913,-2.32664
46.914,-2.32666
46.915,-2.32668
46.916,-2.3267
46.917,-2.32672
46.918,-2.32674
46.919,-2.32676
46.92,-2.32678
46.921,-2.3268
46.922,-2.32682
46.923,-2.32684
46.924,-2.32686
46.925,-2.32688
46.926,-2.3269
46.927,-2.32692
46.928,-2.32694
46.929,-2.32696
46.93,-2.32698
46.931,-2.327
46.932,-2.32702
46.933,-2.32704
46.934,-2.32706
46.935,-2.32708
46.936,-2.3271
46.937,-2.32712
46.938,-2.32714
46.939,-2.32716
46.94,-2.32718
46.941,-2.3272
46.942,-2.32721
46.943,-2.32723
46.944,-2.32725
46.945,-2.32727
46.946,-2.32729
46.947,-2.32731
46.948,-2.32733
46.949,-2.32735
46.95,-2.32737
46.951,-2.32739
46.952,-2.32741
46.953,-2.32743
46.954,-2.32745
46.955,-2.32747
46.956,-2.32749
46.957,-2.32751
46.958,-2.32753
46.959,-2.32755
46.96,-2.32757
46.961,-2.32759
46.962,-2.32761
46.963,-2.32763
46.964,-2.32765
46.965,-2.32767
46.966,-2.32769
46.967,-2.32771
46.968,-2.32773
46.969,-2.32775
46.97,-2.32777
46.971,-2.32779
46.972,-2.32781
46.973,-2.32783
46.974,-2.32785
46.975,-2.32787
46.976,-2.32789
46.977,-2.32791
46.978,-2.32793
46.979,-2.32795
46.98,-2.32797
46.981,-2.32799
46.982,-2.32801
46.983,-2.32803
46.984,-2.32805
46.985,-2.32807
46.986,-2.32809
46.987,-2.32811
46.988,-2.32813
46.989,-2.32815
46.99,-2.32817
46.991,-2.32819
46.992,-2.32821
46.993,-2.32823
46.994,-2.32825
46.995,-2.32827
46.996,-2.32829
46.997,-2.32831
46.998,-2.32833
46.999,-2.32835
47,-2.32837
47.001,-2.32839
47.002,-2.32841
47.003,-2.32843
47.004,-2.32845
47.005,-2.32847
47.006,-2.32849
47.007,-2.32851
47.008,-2.32853
47.009,-2.32855
47.01,-2.32857
47.011,-2.32859
47.012,-2.32861
47.013,-2.32862
47.014,-2.32864
47.015,-2.32866
47.016,-2.32868
47.017,-2.3287
47.018,-2.32872
47.019,-2.32874
47.02,-2.32876
47.021,-2.32878
47.022,-2.3288
47.023,-2.32882
47.024,-2.32884
47.025,-2.32886
47.026,-2.32888
47.027,-2.3289
47.028,-2.32892
47.029,-2.32894
47.03,-2.32896
47.031,-2.32898
47.032,-2.329
47.033,-2.32902
47.034,-2.32904
47.035,-2.32906
47.036,-2.32908
47.037,-2.3291
47.038,-2.32912
47.039,-2.32914
47.04,-2.32916
47.041,-2.32918
47.042,-2.3292
47.043,-2.32922
47.044,-2.32924
47.045,-2.32926
47.046,-2.32928
47.047,-2.3293
47.048,-2.32932
47.049,-2.32934
47.05,-2.32936
47.051,-2.32938
47.052,-2.3294
47.053,-2.32942
47.054,-2.32944
47.055,-2.32946
47.056,-2.32948
47.057,-2.3295
47.058,-2.32952
47.059,-2.32954
47.06,-2.32956
47.061,-2.32958
47.062,-2.3296
47.063,-2.32962
47.064,-2.32964
47.065,-2.32966
47.066,-2.32967
47.067,-2.32969
47.068,-2.32971
47.069,-2.32973
47.07,-2.32975
47.071,-2.32977
47.072,-2.32979
47.073,-2.32981
47.074,-2.32983
47.075,-2.32985
47.076,-2.32987
47.077,-2.32989
47.078,-2.32991
47.079,-2.32993
47.08,-2.32995
47.081,-2.32997
47.082,-2.32999
47.083,-2.33001
47.084,-2.33003
47.085,-2.33005
47.086,-2.33007
47.087,-2.33009
47.088,-2.33011
47.089,-2.33013
47.09,-2.33015
47.091,-2.33017
47.092,-2.33019
47.093,-2.33021
47.094,-2.33023
47.095,-2.33025
47.096,-2.33027
47.097,-2.33029
47.098,-2.33031
47.099,-2.33033
47.1,-2.33035
47.101,-2.33037
47.102,-2.33039
47.103,-2.33041
47.104,-2.33043
47.105,-2.33045
47.106,-2.33047
47.107,-2.33049
47.108,-2.33051
47.109,-2.33053
47.11,-2.33054
47.111,-2.33056
47.112,-2.33058
47.113,-2.3306
47.114,-2.33062
47.115,-2.33064
47.116,-2.33066
47.117,-2.33068
47.118,-2.3307
47.119,-2.33072
47.12,-2.33074
47.121,-2.33076
47.122,-2.33078
47.123,-2.3308
47.124,-2.33082
47.125,-2.33084
47.126,-2.33086
47.127,-2.33088
47.128,-2.3309
47.129,-2.33092
47.13,-2.33094
47.131,-2.33096
47.132,-2.33098
47.133,-2.331
47.134,-2.33102
47.135,-2.33104
47.136,-2.33106
47.137,-2.33108
47.138,-2.3311
47.139,-2.33112
47.14,-2.33114
47.141,-2.33116
47.142,-2.33118
47.143,-2.3312
47.144,-2.33122
47.145,-2.33124
47.146,-2.33126
47.147,-2.33128
47.148,-2.3313
47.149,-2.33131
47.15,-2.33133
47.151,-2.33135
47.152,-2.33137
47.153,-2.33139
47.154,-2.33141
47.155,-2.33143
47.156,-2.33145
47.157,-2.33147
47.158,-2.33149
47.159,-2.33151
47.16,-2.33153
47.161,-2.33155
47.162,-2.33157
47.163,-2.33159
47.164,-2.33161
47.165,-2.33163
47.166,-2.33165
47.167,-2.33167
47.168,-2.33169
47.169,-2.33171
47.17,-2.33173
47.171,-2.33175
47.172,-2.33177
47.173,-2.33179
47.174,-2.33181
47.175,-2.33183
47.176,-2.33185
47.177,-2.33187
47.178,-2.33189
47.179,-2.33191
47.18,-2.33193
47.181,-2.33195
47.182,-2.33197
47.183,-2.33198
47.184,-2.332
47.185,-2.33202
47.186,-2.33204
47.187,-2.33206
47.188,-2.33208
47.189,-2.3321
47.19,-2.33212
47.191,-2.33214
47.192,-2.33216
47.193,-2.33218
47.194,-2.3322
47.195,-2.33222
47.196,-2.33224
47.197,-2.33226
47.198,-2.33228
47.199,-2.3323
47.2,-2.33232
47.201,-2.33234
47.202,-2.33236
47.203,-2.33238
47.204,-2.3324
47.205,-2.33242
47.206,-2.33244
47.207,-2.33246
47.208,-2.33248
47.209,-2.3325
47.21,-2.33252
47.211,-2.33254
47.212,-2.33256
47.213,-2.33258
47.214,-2.3326
47.215,-2.33261
47.216,-2.33263
47.217,-2.33265
47.218,-2.33267
47.219,-2.33269
47.22,-2.33271
47.221,-2.33273
47.222,-2.33275
47.223,-2.33277
47.224,-2.33279
47.225,-2.33281
47.226,-2.33283
47.227,-2.33285
47.228,-2.33287
47.229,-2.33289
47.23,-2.33291
47.231,-2.33293
47.232,-2.33295
47.233,-2.33297
47.234,-2.33299
47.235,-2.33301
47.236,-2.33303
47.237,-2.33305
47.238,-2.33307
47.239,-2.33309
47.24,-2.33311
47.241,-2.33313
47.242,-2.33315
47.243,-2.33316
47.244,-2.33318
47.245,-2.3332
47.246,-2.33322
47.247,-2.33324
47.248,-2.33326
47.249,-2.33328
47.25,-2.3333
47.251,-2.33332
47.252,-2.33334
47.253,-2.33336
47.254,-2.33338
47.255,-2.3334
47.256,-2.33342
47.257,-2.33344
47.258,-2.33346
47.259,-2.33348
47.26,-2.3335
47.261,-2.33352
47.262,-2.33354
47.263,-2.33356
47.264,-2.33358
47.265,-2.3336
47.266,-2.33362
47.267,-2.33364
47.268,-2.33366
47.269,-2.33368
47.27,-2.33369
47.271,-2.33371
47.272,-2.33373
47.273,-2.33375
47.274,-2.33377
47.275,-2.33379
47.276,-2.33381
47.277,-2.33383
47.278,-2.33385
47.279,-2.33387
47.28,-2.33389
47.281,-2.33391
47.282,-2.33393
47.283,-2.33395
47.284,-2.33397
47.285,-2.33399
47.286,-2.33401
47.287,-2.33403
47.288,-2.33405
47.289,-2.33407
47.29,-2.33409
47.291,-2.33411
47.292,-2.33413
47.293,-2.33415
47.294,-2.33417
47.295,-2.33418
47.296,-2.3342
47.297,-2.33422
47.298,-2.33424
47.299,-2.33426
47.3,-2.33428
47.301,-2.3343
47.302,-2.33432
47.303,-2.33434
47.304,-2.33436
47.305,-2.33438
47.306,-2.3344
47.307,-2.33442
47.308,-2.33444
47.309,-2.33446
47.31,-2.33448
47.311,-2.3345
47.312,-2.33452
47.313,-2.33454
47.314,-2.33456
47.315,-2.33458
47.316,-2.3346
47.317,-2.33462
47.318,-2.33464
47.319,-2.33465
47.32,-2.33467
47.321,-2.33469
47.322,-2.33471
47.323,-2.33473
47.324,-2.33475
47.325,-2.33477
47.326,-2.33479
47.327,-2.33481
47.328,-2.33483
47.329,-2.33485
47.33,-2.33487
47.331,-2.33489
47.332,-2.33491
47.333,-2.33493
47.334,-2.33495
47.335,-2.33497
47.336,-2.33499
47.337,-2.33501
47.338,-2.33503
47.339,-2.33505
47.34,-2.33507
47.341,-2.33509
47.342,-2.3351
47.343,-2.33512
47.344,-2.33514
47.345,-2.33516
47.346,-2.33518
47.347,-2.3352
47.348,-2.33522
47.349,-2.33524
47.35,-2.33526
47.351,-2.33528
47.352,-2.3353
47.353,-2.33532
47.354,-2.33534
47.355,-2.33536
47.356,-2.33538
47.357,-2.3354
47.358,-2.33542
47.359,-2.33544
47.36,-2.33546
47.361,-2.33548
47.362,-2.3355
47.363,-2.33551
47.364,-2.33553
47.365,-2.33555
47.366,-2.33557
47.367,-2.33559
47.368,-2.33561
47.369,-2.33563
47.37,-2.33565
47.371,-2.33567
47.372,-2.33569
47.373,-2.33571
47.374,-2.33573
47.375,-2.33575
47.376,-2.33577
47.377,-2.33579
47.378,-2.33581
47.379,-2.33583
47.38,-2.33585
47.381,-2.33587
47.382,-2.33589
47.383,-2.33591
47.384,-2.33592
47.385,-2.33594
47.386,-2.33596
47.387,-2.33598
47.388,-2.336
47.389,-2.33602
47.39,-2.33604
47.391,-2.33606
47.392,-2.33608
47.393,-2.3361
47.394,-2.33612
47.395,-2.33614
47.396,-2.33616
47.397,-2.33618
47.398,-2.3362
47.399,-2.33622
47.4,-2.33624
47.401,-2.33626
47.402,-2.33628
47.403,-2.3363
47.404,-2.33631
47.405,-2.33633
47.406,-2.33635
47.407,-2.33637
47.408,-2.33639
47.409,-2.33641
47.41,-2.33643
47.411,-2.33645
47.412,-2.33647
47.413,-2.33649
47.414,-2.33651
47.415,-2.33653
47.416,-2.33655
47.417,-2.33657
47.418,-2.33659
47.419,-2.33661
47.42,-2.33663
47.421,-2.33665
47.422,-2.33667
47.423,-2.33668
47.424,-2.3367
47.425,-2.33672
47.426,-2.33674
47.427,-2.33676
47.428,-2.33678
47.429,-2.3368
47.43,-2.33682
47.431,-2.33684
47.432,-2.33686
47.433,-2.33688
47.434,-2.3369
47.435,-2.33692
47.436,-2.33694
47.437,-2.33696
47.438,-2.33698
47.439,-2.337
47.44,-2.33702
47.441,-2.33703
47.442,-2.33705
47.443,-2.33707
47.444,-2.33709
47.445,-2.33711
47.446,-2.33713
47.447,-2.33715
47.448,-2.33717
47.449,-2.33719
47.45,-2.33721
47.451,-2.33723
47.452,-2.33725
47.453,-2.33727
47.454,-2.33729
47.455,-2.33731
47.456,-2.33733
47.457,-2.33735
47.458,-2.33737
47.459,-2.33738
47.46,-2.3374
47.461,-2.33742
47.462,-2.33744
47.463,-2.33746
47.464,-2.33748
47.465,-2.3375
47.466,-2.33752
47.467,-2.33754
47.468,-2.33756
47.469,-2.33758
47.47,-2.3376
47.471,-2.33762
47.472,-2.33764
47.473,-2.33766
47.474,-2.33768
47.475,-2.3377
47.476,-2.33771
47.477,-2.33773
47.478,-2.33775
47.479,-2.33777
47.48,-2.33779
47.481,-2.33781
47.482,-2.33783
47.483,-2.33785
47.484,-2.33787
47.485,-2.33789
47.486,-2.33791
47.487,-2.33793
47.488,-2.33795
47.489,-2.33797
47.49,-2.33799
47.491,-2.33801
47.492,-2.33803
47.493,-2.33804
47.494,-2.33806
47.495,-2.33808
47.496,-2.3381
47.497,-2.33812
47.498,-2.33814
47.499,-2.33816
47.5,-2.33818
47.501,-2.3382
47.502,-2.33822
47.503,-2.33824
47.504,-2.33826
47.505,-2.33828
47.506,-2.3383
47.507,-2.33832
47.508,-2.33834
47.509,-2.33835
47.51,-2.33837
47.511,-2.33839
47.512,-2.33841
47.513,-2.33843
47.514,-2.33845
47.515,-2.33847
47.516,-2.33849
47.517,-2.33851
47.518,-2.33853
47.519,-2.33855
47.52,-2.33857
47.521,-2.33859
47.522,-2.33861
47.523,-2.33863
47.524,-2.33865
47.525,-2.33866
47.526,-2.33868
47.527,-2.3387
47.528,-2.33872
47.529,-2.33874
47.53,-2.33876
47.531,-2.33878
47.532,-2.3388
47.533,-2.33882
47.534,-2.33884
47.535,-2.33886
47.536,-2.33888
47.537,-2.3389
47.538,-2.33892
47.539,-2.33894
47.54,-2.33895
47.541,-2.33897
47.542,-2.33899
47.543,-2.33901
47.544,-2.33903
47.545,-2.33905
47.546,-2.33907
47.547,-2.33909
47.548,-2.33911
47.549,-2.33913
47.55,-2.33915
47.551,-2.33917
47.552,-2.33919
47.553,-2.33921
47.554,-2.33923
47.555,-2.33924
47.556,-2.33926
47.557,-2.33928
47.558,-2.3393
47.559,-2.33932
47.56,-2.33934
47.561,-2.33936
47.562,-2.33938
47.563,-2.3394
47.564,-2.33942
47.565,-2.33944
47.566,-2.33946
47.567,-2.33948
47.568,-2.3395
47.569,-2.33952
47.57,-2.33953
47.571,-2.33955
47.572,-2.33957
47.573,-2.33959
47.574,-2.33961
47.575,-2.33963
47.576,-2.33965
47.577,-2.33967
47.578,-2.33969
47.579,-2.33971
47.58,-2.33973
47.581,-2.33975
47.582,-2.33977
47.583,-2.33979
47.584,-2.3398
47.585,-2.33982
47.586,-2.33984
47.587,-2.33986
47.588,-2.33988
47.589,-2.3399
47.59,-2.33992
47.591,-2.33994
47.592,-2.33996
47.593,-2.33998
47.594,-2.34
47.595,-2.34002
47.596,-2.34004
47.597,-2.34006
47.598,-2.34007
47.599,-2.34009
47.6,-2.34011
47.601,-2.34013
47.602,-2.34015
47.603,-2.34017
47.604,-2.34019
47.605,-2.34021
47.606,-2.34023
47.607,-2.34025
47.608,-2.34027
47.609,-2.34029
47.61,-2.34031
47.611,-2.34033
47.612,-2.34034
47.613,-2.34036
47.614,-2.34038
47.615,-2.3404
47.616,-2.34042
47.617,-2.34044
47.618,-2.34046
47.619,-2.34048
47.62,-2.3405
47.621,-2.34052
47.622,-2.34054
47.623,-2.34056
47.624,-2.34058
47.625,-2.34059
47.626,-2.34061
47.627,-2.34063
47.628,-2.34065
47.629,-2.34067
47.63,-2.34069
47.631,-2.34071
47.632,-2.34073
47.633,-2.34075
47.634,-2.34077
47.635,-2.34079
47.636,-2.34081
47.637,-2.34083
47.638,-2.34084
47.639,-2.34086
47.64,-2.34088
47.641,-2.3409
47.642,-2.34092
47.643,-2.34094
47.644,-2.34096
47.645,-2.34098
47.646,-2.341
47.647,-2.34102
47.648,-2.34104
47.649,-2.34106
47.65,-2.34108
47.651,-2.34109
47.652,-2.34111
47.653,-2.34113
47.654,-2.34115
47.655,-2.34117
47.656,-2.34119
47.657,-2.34121
47.658,-2.34123
47.659,-2.34125
47.66,-2.34127
47.661,-2.34129
47.662,-2.34131
47.663,-2.34133
47.664,-2.34134
47.665,-2.34136
47.666,-2.34138
47.667,-2.3414
47.668,-2.34142
47.669,-2.34144
47.67,-2.34146
47.671,-2.34148
47.672,-2.3415
47.673,-2.34152
47.674,-2.34154
47.675,-2.34156
47.676,-2.34157
47.677,-2.34159
47.678,-2.34161
47.679,-2.34163
47.68,-2.34165
47.681,-2.34167
47.682,-2.34169
47.683,-2.34171
47.684,-2.34173
47.685,-2.34175
47.686,-2.34177
47.687,-2.34179
47.688,-2.3418
47.689,-2.34182
47.69,-2.34184
47.691,-2.34186
47.692,-2.34188
47.693,-2.3419
47.694,-2.34192
47.695,-2.34194
47.696,-2.34196
47.697,-2.34198
47.698,-2.342
47.699,-2.34202
47.7,-2.34203
47.701,-2.34205
47.702,-2.34207
47.703,-2.34209
47.704,-2.34211
47.705,-2.34213
47.706,-2.34215
47.707,-2.34217
47.708,-2.34219
47.709,-2.34221
47.71,-2.34223
47.711,-2.34225
47.712,-2.34226
47.713,-2.34228
47.714,-2.3423
47.715,-2.34232
47.716,-2.34234
47.717,-2.34236
47.718,-2.34238
47.719,-2.3424
47.72,-2.34242
47.721,-2.34244
47.722,-2.34246
47.723,-2.34247
47.724,-2.34249
47.725,-2.34251
47.726,-2.34253
47.727,-2.34255
47.728,-2.34257
47.729,-2.34259
47.73,-2.34261
47.731,-2.34263
47.732,-2.34265
47.733,-2.34267
47.734,-2.34269
47.735,-2.3427
47.736,-2.34272
47.737,-2.34274
47.738,-2.34276
47.739,-2.34278
47.74,-2.3428
47.741,-2.34282
47.742,-2.34284
47.743,-2.34286
47.744,-2.34288
47.745,-2.3429
47.746,-2.34291
47.747,-2.34293
47.748,-2.34295
47.749,-2.34297
47.75,-2.34299
47.751,-2.34301
47.752,-2.34303
47.753,-2.34305
47.754,-2.34307
47.755,-2.34309
47.756,-2.34311
47.757,-2.34312
47.758,-2.34314
47.759,-2.34316
47.76,-2.34318
47.761,-2.3432
47.762,-2.34322
47.763,-2.34324
47.764,-2.34326
47.765,-2.34328
47.766,-2.3433
47.767,-2.34332
47.768,-2.34333
47.769,-2.34335
47.77,-2.34337
47.771,-2.34339
47.772,-2.34341
47.773,-2.34343
47.774,-2.34345
47.775,-2.34347
47.776,-2.34349
47.777,-2.34351
47.778,-2.34353
47.779,-2.34354
47.78,-2.34356
47.781,-2.34358
47.782,-2.3436
47.783,-2.34362
47.784,-2.34364
47.785,-2.34366
47.786,-2.34368
47.787,-2.3437
47.788,-2.34372
47.789,-2.34373
47.79,-2.34375
47.791,-2.34377
47.792,-2.34379
47.793,-2.34381
47.794,-2.34383
47.795,-2.34385
47.796,-2.34387
47.797,-2.34389
47.798,-2.34391
47.799,-2.34393
47.8,-2.34394
47.801,-2.34396
47.802,-2.34398
47.803,-2.344
47.804,-2.34402
47.805,-2.34404
47.806,-2.34406
47.807,-2.34408
47.808,-2.3441
47.809,-2.34412
47.81,-2.34413
47.811,-2.34415
47.812,-2.34417
47.813,-2.34419
47.814,-2.34421
47.815,-2.34423
47.816,-2.34425
47.817,-2.34427
47.818,-2.34429
47.819,-2.34431
47.82,-2.34432
47.821,-2.34434
47.822,-2.34436
47.823,-2.34438
47.824,-2.3444
47.825,-2.34442
47.826,-2.34444
47.827,-2.34446
47.828,-2.34448
47.829,-2.3445
47.83,-2.34451
47.831,-2.34453
47.832,-2.34455
47.833,-2.34457
47.834,-2.34459
47.835,-2.34461
47.836,-2.34463
47.837,-2.34465
47.838,-2.34467
47.839,-2.34469
47.84,-2.3447
47.841,-2.34472
47.842,-2.34474
47.843,-2.34476
47.844,-2.34478
47.845,-2.3448
47.846,-2.34482
47.847,-2.34484
47.848,-2.34486
47.849,-2.34488
47.85,-2.34489
47.851,-2.34491
47.852,-2.34493
47.853,-2.34495
47.854,-2.34497
47.855,-2.34499
47.856,-2.34501
47.857,-2.34503
47.858,-2.34505
47.859,-2.34507
47.86,-2.34508
47.861,-2.3451
47.862,-2.34512
47.863,-2.34514
47.864,-2.34516
47.865,-2.34518
47.866,-2.3452
47.867,-2.34522
47.868,-2.34524
47.869,-2.34525
47.87,-2.34527
47.871,-2.34529
47.872,-2.34531
47.873,-2.34533
47.874,-2.34535
47.875,-2.34537
47.876,-2.34539
47.877,-2.34541
47.878,-2.34543
47.879,-2.34544
47.88,-2.34546
47.881,-2.34548
47.882,-2.3455
47.883,-2.34552
47.884,-2.34554
47.885,-2.34556
47.886,-2.34558
47.887,-2.3456
47.888,-2.34561
47.889,-2.34563
47.89,-2.34565
47.891,-2.34567
47.892,-2.34569
47.893,-2.34571
47.894,-2.34573
47.895,-2.34575
47.896,-2.34577
47.897,-2.34578
47.898,-2.3458
47.899,-2.34582
47.9,-2.34584
47.901,-2.34586
47.902,-2.34588
47.903,-2.3459
47.904,-2.34592
47.905,-2.34594
47.906,-2.34596
47.907,-2.34597
47.908,-2.34599
47.909,-2.34601
47.91,-2.34603
47.911,-2.34605
47.912,-2.34607
47.913,-2.34609
47.914,-2.34611
47.915,-2.34613
47.916,-2.34614
47.917,-2.34616
47.918,-2.34618
47.919,-2.3462
47.92,-2.34622
47.921,-2.34624
47.922,-2.34626
47.923,-2.34628
47.924,-2.3463
47.925,-2.34631
47.926,-2.34633
47.927,-2.34635
47.928,-2.34637
47.929,-2.34639
47.93,-2.34641
47.931,-2.34643
47.932,-2.34645
47.933,-2.34647
47.934,-2.34648
47.935,-2.3465
47.936,-2.34652
47.937,-2.34654
47.938,-2.34656
47.939,-2.34658
47.94,-2.3466
47.941,-2.34662
47.942,-2.34663
47.943,-2.34665
47.944,-2.34667
47.945,-2.34669
47.946,-2.34671
47.947,-2.34673
47.948,-2.34675
47.949,-2.34677
47.95,-2.34679
47.951,-2.3468
47.952,-2.34682
47.953,-2.34684
47.954,-2.34686
47.955,-2.34688
47.956,-2.3469
47.957,-2.34692
47.958,-2.34694
47.959,-2.34696
47.96,-2.34697
47.961,-2.34699
47.962,-2.34701
47.963,-2.34703
47.964,-2.34705
47.965,-2.34707
47.966,-2.34709
47.967,-2.34711
47.968,-2.34712
47.969,-2.34714
47.97,-2.34716
47.971,-2.34718
47.972,-2.3472
47.973,-2.34722
47.974,-2.34724
47.975,-2.34726
47.976,-2.34728
47.977,-2.34729
47.978,-2.34731
47.979,-2.34733
47.98,-2.34735
47.981,-2.34737
47.982,-2.34739
47.983,-2.34741
47.984,-2.34743
47.985,-2.34744
47.986,-2.34746
47.987,-2.34748
47.988,-2.3475
47.989,-2.34752
47.99,-2.34754
47.991,-2.34756
47.992,-2.34758
47.993,-2.34759
47.994,-2.34761
47.995,-2.34763
47.996,-2.34765
47.997,-2.34767
47.998,-2.34769
47.999,-2.34771
48,-2.34773
48.001,-2.34775
48.002,-2.34776
48.003,-2.34778
48.004,-2.3478
48.005,-2.34782
48.006,-2.34784
48.007,-2.34786
48.008,-2.34788
48.009,-2.3479
48.01,-2.34791
48.011,-2.34793
48.012,-2.34795
48.013,-2.34797
48.014,-2.34799
48.015,-2.34801
48.016,-2.34803
48.017,-2.34805
48.018,-2.34806
48.019,-2.34808
48.02,-2.3481
48.021,-2.34812
48.022,-2.34814
48.023,-2.34816
48.024,-2.34818
48.025,-2.3482
48.026,-2.34821
48.027,-2.34823
48.028,-2.34825
48.029,-2.34827
48.03,-2.34829
48.031,-2.34831
48.032,-2.34833
48.033,-2.34835
48.034,-2.34836
48.035,-2.34838
48.036,-2.3484
48.037,-2.34842
48.038,-2.34844
48.039,-2.34846
48.04,-2.34848
48.041,-2.3485
48.042,-2.34851
48.043,-2.34853
48.044,-2.34855
48.045,-2.34857
48.046,-2.34859
48.047,-2.34861
48.048,-2.34863
48.049,-2.34864
48.05,-2.34866
48.051,-2.34868
48.052,-2.3487
48.053,-2.34872
48.054,-2.34874
48.055,-2.34876
48.056,-2.34878
48.057,-2.34879
48.058,-2.34881
48.059,-2.34883
48.06,-2.34885
48.061,-2.34887
48.062,-2.34889
48.063,-2.34891
48.064,-2.34893
48.065,-2.34894
48.066,-2.34896
48.067,-2.34898
48.068,-2.349
48.069,-2.34902
48.07,-2.34904
48.071,-2.34906
48.072,-2.34908
48.073,-2.34909
48.074,-2.34911
48.075,-2.34913
48.076,-2.34915
48.077,-2.34917
48.078,-2.34919
48.079,-2.34921
48.08,-2.34922
48.081,-2.34924
48.082,-2.34926
48.083,-2.34928
48.084,-2.3493
48.085,-2.34932
48.086,-2.34934
48.087,-2.34936
48.088,-2.34937
48.089,-2.34939
48.09,-2.34941
48.091,-2.34943
48.092,-2.34945
48.093,-2.34947
48.094,-2.34949
48.095,-2.3495
48.096,-2.34952
48.097,-2.34954
48.098,-2.34956
48.099,-2.34958
48.1,-2.3496
48.101,-2.34962
48.102,-2.34964
48.103,-2.34965
48.104,-2.34967
48.105,-2.34969
48.106,-2.34971
48.107,-2.34973
48.108,-2.34975
48.109,-2.34977
48.11,-2.34978
48.111,-2.3498
48.112,-2.34982
48.113,-2.34984
48.114,-2.34986
48.115,-2.34988
48.116,-2.3499
48.117,-2.34991
48.118,-2.34993
48.119,-2.34995
48.12,-2.34997
48.121,-2.34999
48.122,-2.35001
48.123,-2.35003
48.124,-2.35004
48.125,-2.35006
48.126,-2.35008
48.127,-2.3501
48.128,-2.35012
48.129,-2.35014
48.13,-2.35016
48.131,-2.35018
48.132,-2.35019
48.133,-2.35021
48.134,-2.35023
48.135,-2.35025
48.136,-2.35027
48.137,-2.35029
48.138,-2.35031
48.139,-2.35032
48.14,-2.35034
48.141,-2.35036
48.142,-2.35038
48.143,-2.3504
48.144,-2.35042
48.145,-2.35044
48.146,-2.35045
48.147,-2.35047
48.148,-2.35049
48.149,-2.35051
48.15,-2.35053
48.151,-2.35055
48.152,-2.35057
48.153,-2.35058
48.154,-2.3506
48.155,-2.35062
48.156,-2.35064
48.157,-2.35066
48.158,-2.35068
48.159,-2.3507
48.16,-2.35071
48.161,-2.35073
48.162,-2.35075
48.163,-2.35077
48.164,-2.35079
48.165,-2.35081
48.166,-2.35083
48.167,-2.35084
48.168,-2.35086
48.169,-2.35088
48.17,-2.3509
48.171,-2.35092
48.172,-2.35094
48.173,-2.35096
48.174,-2.35097
48.175,-2.35099
48.176,-2.35101
48.177,-2.35103
48.178,-2.35105
48.179,-2.35107
48.18,-2.35109
48.181,-2.3511
48.182,-2.35112
48.183,-2.35114
48.184,-2.35116
48.185,-2.35118
48.186,-2.3512
48.187,-2.35121
48.188,-2.35123
48.189,-2.35125
48.19,-2.35127
48.191,-2.35129
48.192,-2.35131
48.193,-2.35133
48.194,-2.35134
48.195,-2.35136
48.196,-2.35138
48.197,-2.3514
48.198,-2.35142
48.199,-2.35144
48.2,-2.35146
48.201,-2.35147
48.202,-2.35149
48.203,-2.35151
48.204,-2.35153
48.205,-2.35155
48.206,-2.35157
48.207,-2.35159
48.208,-2.3516
48.209,-2.35162
48.21,-2.35164
48.211,-2.35166
48.212,-2.35168
48.213,-2.3517
48.214,-2.35171
48.215,-2.35173
48.216,-2.35175
48.217,-2.35177
48.218,-2.35179
48.219,-2.35181
48.22,-2.35183
48.221,-2.35184
48.222,-2.35186
48.223,-2.35188
48.224,-2.3519
48.225,-2.35192
48.226,-2.35194
48.227,-2.35195
48.228,-2.35197
48.229,-2.35199
48.23,-2.35201
48.231,-2.35203
48.232,-2.35205
48.233,-2.35207
48.234,-2.35208
48.235,-2.3521
48.236,-2.35212
48.237,-2.35214
48.238,-2.35216
48.239,-2.35218
48.24,-2.35219
48.241,-2.35221
48.242,-2.35223
48.243,-2.35225
48.244,-2.35227
48.245,-2.35229
48.246,-2.35231
48.247,-2.35232
48.248,-2.35234
48.249,-2.35236
48.25,-2.35238
48.251,-2.3524
48.252,-2.35242
48.253,-2.35243
48.254,-2.35245
48.255,-2.35247
48.256,-2.35249
48.257,-2.35251
48.258,-2.35253
48.259,-2.35255
48.26,-2.35256
48.261,-2.35258
48.262,-2.3526
48.263,-2.35262
48.264,-2.35264
48.265,-2.35266
48.266,-2.35267
48.267,-2.35269
48.268,-2.35271
48.269,-2.35273
48.27,-2.35275
48.271,-2.35277
48.272,-2.35278
48.273,-2.3528
48.274,-2.35282
48.275,-2.35284
48.276,-2.35286
48.277,-2.35288
48.278,-2.3529
48.279,-2.35291
48.28,-2.35293
48.281,-2.35295
48.282,-2.35297
48.283,-2.35299
48.284,-2.35301
48.285,-2.35302
48.286,-2.35304
48.287,-2.35306
48.288,-2.35308
48.289,-2.3531
48.29,-2.35312
48.291,-2.35313
48.292,-2.35315
48.293,-2.35317
48.294,-2.35319
48.295,-2.35321
48.296,-2.35323
48.297,-2.35324
48.298,-2.35326
48.299,-2.35328
48.3,-2.3533
48.301,-2.35332
48.302,-2.35334
48.303,-2.35335
48.304,-2.35337
48.305,-2.35339
48.306,-2.35341
48.307,-2.35343
48.308,-2.35345
48.309,-2.35347
48.31,-2.35348
48.311,-2.3535
48.312,-2.35352
48.313,-2.35354
48.314,-2.35356
48.315,-2.35358
48.316,-2.35359
48.317,-2.35361
48.318,-2.35363
48.319,-2.35365
48.32,-2.35367
48.321,-2.35369
48.322,-2.3537
48.323,-2.35372
48.324,-2.35374
48.325,-2.35376
48.326,-2.35378
48.327,-2.3538
48.328,-2.35381
48.329,-2.35383
48.33,-2.35385
48.331,-2.35387
48.332,-2.35389
48.333,-2.35391
48.334,-2.35392
48.335,-2.35394
48.336,-2.35396
48.337,-2.35398
48.338,-2.354
48.339,-2.35402
48.34,-2.35403
48.341,-2.35405
48.342,-2.35407
48.343,-2.35409
48.344,-2.35411
48.345,-2.35412
48.346,-2.35414
48.347,-2.35416
48.348,-2.35418
48.349,-2.3542
48.35,-2.35422
48.351,-2.35423
48.352,-2.35425
48.353,-2.35427
48.354,-2.35429
48.355,-2.35431
48.356,-2.35433
48.357,-2.35434
48.358,-2.35436
48.359,-2.35438
48.36,-2.3544
48.361,-2.35442
48.362,-2.35444
48.363,-2.35445
48.364,-2.35447
48.365,-2.35449
48.366,-2.35451
48.367,-2.35453
48.368,-2.35455
48.369,-2.35456
48.37,-2.35458
48.371,-2.3546
48.372,-2.35462
48.373,-2.35464
48.374,-2.35466
48.375,-2.35467
48.376,-2.35469
48.377,-2.35471
48.378,-2.35473
48.379,-2.35475
48.38,-2.35476
48.381,-2.35478
48.382,-2.3548
48.383,-2.35482
48.384,-2.35484
48.385,-2.35486
48.386,-2.35487
48.387,-2.35489
48.388,-2.35491
48.389,-2.35493
48.39,-2.35495
48.391,-2.35497
48.392,-2.35498
48.393,-2.355
48.394,-2.35502
48.395,-2.35504
48.396,-2.35506
48.397,-2.35507
48.398,-2.35509
48.399,-2.35511
48.4,-2.35513
48.401,-2.35515
48.402,-2.35517
48.403,-2.35518
48.404,-2.3552
48.405,-2.35522
48.406,-2.35524
48.407,-2.35526
48.408,-2.35528
48.409,-2.35529
48.41,-2.35531
48.411,-2.35533
48.412,-2.35535
48.413,-2.35537
48.414,-2.35538
48.415,-2.3554
48.416,-2.35542
48.417,-2.35544
48.418,-2.35546
48.419,-2.35548
48.42,-2.35549
48.421,-2.35551
48.422,-2.35553
48.423,-2.35555
48.424,-2.35557
48.425,-2.35558
48.426,-2.3556
48.427,-2.35562
48.428,-2.35564
48.429,-2.35566
48.43,-2.35568
48.431,-2.35569
48.432,-2.35571
48.433,-2.35573
48.434,-2.35575
48.435,-2.35577
48.436,-2.35578
48.437,-2.3558
48.438,-2.35582
48.439,-2.35584
48.44,-2.35586
48.441,-2.35588
48.442,-2.35589
48.443,-2.35591
48.444,-2.35593
48.445,-2.35595
48.446,-2.35597
48.447,-2.35598
48.448,-2.356
48.449,-2.35602
48.45,-2.35604
48.451,-2.35606
48.452,-2.35608
48.453,-2.35609
48.454,-2.35611
48.455,-2.35613
48.456,-2.35615
48.457,-2.35617
48.458,-2.35618
48.459,-2.3562
48.46,-2.35622
48.461,-2.35624
48.462,-2.35626
48.463,-2.35628
48.464,-2.35629
48.465,-2.35631
48.466,-2.35633
48.467,-2.35635
48.468,-2.35637
48.469,-2.35638
48.47,-2.3564
48.471,-2.35642
48.472,-2.35644
48.473,-2.35646
48.474,-2.35647
48.475,-2.35649
48.476,-2.35651
48.477,-2.35653
48.478,-2.35655
48.479,-2.35657
48.48,-2.35658
48.481,-2.3566
48.482,-2.35662
48.483,-2.35664
48.484,-2.35666
48.485,-2.35667
48.486,-2.35669
48.487,-2.35671
48.488,-2.35673
48.489,-2.35675
48.49,-2.35676
48.491,-2.35678
48.492,-2.3568
48.493,-2.35682
48.494,-2.35684
48.495,-2.35685
48.496,-2.35687
48.497,-2.35689
48.498,-2.35691
48.499,-2.35693
48.5,-2.35695
48.501,-2.35696
48.502,-2.35698
48.503,-2.357
48.504,-2.35702
48.505,-2.35704
48.506,-2.35705
48.507,-2.35707
48.508,-2.35709
48.509,-2.35711
48.51,-2.35713
48.511,-2.35714
48.512,-2.35716
48.513,-2.35718
48.514,-2.3572
48.515,-2.35722
48.516,-2.35723
48.517,-2.35725
48.518,-2.35727
48.519,-2.35729
48.52,-2.35731
48.521,-2.35732
48.522,-2.35734
48.523,-2.35736
48.524,-2.35738
48.525,-2.3574
48.526,-2.35741
48.527,-2.35743
48.528,-2.35745
48.529,-2.35747
48.53,-2.35749
48.531,-2.3575
48.532,-2.35752
48.533,-2.35754
48.534,-2.35756
48.535,-2.35758
48.536,-2.3576
48.537,-2.35761
48.538,-2.35763
48.539,-2.35765
48.54,-2.35767
48.541,-2.35769
48.542,-2.3577
48.543,-2.35772
48.544,-2.35774
48.545,-2.35776
48.546,-2.35778
48.547,-2.35779
48.548,-2.35781
48.549,-2.35783
48.55,-2.35785
48.551,-2.35787
48.552,-2.35788
48.553,-2.3579
48.554,-2.35792
48.555,-2.35794
48.556,-2.35796
48.557,-2.35797
48.558,-2.35799
48.559,-2.35801
48.56,-2.35803
48.561,-2.35805
48.562,-2.35806
48.563,-2.35808
48.564,-2.3581
48.565,-2.35812
48.566,-2.35814
48.567,-2.35815
48.568,-2.35817
48.569,-2.35819
48.57,-2.35821
48.571,-2.35823
48.572,-2.35824
48.573,-2.35826
48.574,-2.35828
48.575,-2.3583
48.576,-2.35831
48.577,-2.35833
48.578,-2.35835
48.579,-2.35837
48.58,-2.35839
48.581,-2.3584
48.582,-2.35842
48.583,-2.35844
48.584,-2.35846
48.585,-2.35848
48.586,-2.35849
48.587,-2.35851
48.588,-2.35853
48.589,-2.35855
48.59,-2.35857
48.591,-2.35858
48.592,-2.3586
48.593,-2.35862
48.594,-2.35864
48.595,-2.35866
48.596,-2.35867
48.597,-2.35869
48.598,-2.35871
48.599,-2.35873
48.6,-2.35875
48.601,-2.35876
48.602,-2.35878
48.603,-2.3588
48.604,-2.35882
48.605,-2.35884
48.606,-2.35885
48.607,-2.35887
48.608,-2.35889
48.609,-2.35891
48.61,-2.35892
48.611,-2.35894
48.612,-2.35896
48.613,-2.35898
48.614,-2.359
48.615,-2.35901
48.616,-2.35903
48.617,-2.35905
48.618,-2.35907
48.619,-2.35909
48.62,-2.3591
48.621,-2.35912
48.622,-2.35914
48.623,-2.35916
48.624,-2.35918
48.625,-2.35919
48.626,-2.35921
48.627,-2.35923
48.628,-2.35925
48.629,-2.35927
48.63,-2.35928
48.631,-2.3593
48.632,-2.35932
48.633,-2.35934
48.634,-2.35935
48.635,-2.35937
48.636,-2.35939
48.637,-2.35941
48.638,-2.35943
48.639,-2.35944
48.64,-2.35946
48.641,-2.35948
48.642,-2.3595
48.643,-2.35952
48.644,-2.35953
48.645,-2.35955
48.646,-2.35957
48.647,-2.35959
48.648,-2.3596
48.649,-2.35962
48.65,-2.35964
48.651,-2.35966
48.652,-2.35968
48.653,-2.35969
48.654,-2.35971
48.655,-2.35973
48.656,-2.35975
48.657,-2.35977
48.658,-2.35978
48.659,-2.3598
48.66,-2.35982
48.661,-2.35984
48.662,-2.35985
48.663,-2.35987
48.664,-2.35989
48.665,-2.35991
48.666,-2.35993
48.667,-2.35994
48.668,-2.35996
48.669,-2.35998
48.67,-2.36
48.671,-2.36002
48.672,-2.36003
48.673,-2.36005
48.674,-2.36007
48.675,-2.36009
48.676,-2.3601
48.677,-2.36012
48.678,-2.36014
48.679,-2.36016
48.68,-2.36018
48.681,-2.36019
48.682,-2.36021
48.683,-2.36023
48.684,-2.36025
48.685,-2.36026
48.686,-2.36028
48.687,-2.3603
48.688,-2.36032
48.689,-2.36034
48.69,-2.36035
48.691,-2.36037
48.692,-2.36039
48.693,-2.36041
48.694,-2.36042
48.695,-2.36044
48.696,-2.36046
48.697,-2.36048
48.698,-2.3605
48.699,-2.36051
48.7,-2.36053
48.701,-2.36055
48.702,-2.36057
48.703,-2.36058
48.704,-2.3606
48.705,-2.36062
48.706,-2.36064
48.707,-2.36066
48.708,-2.36067
48.709,-2.36069
48.71,-2.36071
48.711,-2.36073
48.712,-2.36074
48.713,-2.36076
48.714,-2.36078
48.715,-2.3608
48.716,-2.36082
48.717,-2.36083
48.718,-2.36085
48.719,-2.36087
48.72,-2.36089
48.721,-2.3609
48.722,-2.36092
48.723,-2.36094
48.724,-2.36096
48.725,-2.36098
48.726,-2.36099
48.727,-2.36101
48.728,-2.36103
48.729,-2.36105
48.73,-2.36106
48.731,-2.36108
48.732,-2.3611
48.733,-2.36112
48.734,-2.36114
48.735,-2.36115
48.736,-2.36117
48.737,-2.36119
48.738,-2.36121
48.739,-2.36122
48.74,-2.36124
48.741,-2.36126
48.742,-2.36128
48.743,-2.36129
48.744,-2.36131
48.745,-2.36133
48.746,-2.36135
48.747,-2.36137
48.748,-2.36138
48.749,-2.3614
48.75,-2.36142
48.751,-2.36144
48.752,-2.36145
48.753,-2.36147
48.754,-2.36149
48.755,-2.36151
48.756,-2.36152
48.757,-2.36154
48.758,-2.36156
48.759,-2.36158
48.76,-2.3616
48.761,-2.36161
48.762,-2.36163
48.763,-2.36165
48.764,-2.36167
48.765,-2.36168
48.766,-2.3617
48.767,-2.36172
48.768,-2.36174
48.769,-2.36175
48.77,-2.36177
48.771,-2.36179
48.772,-2.36181
48.773,-2.36183
48.774,-2.36184
48.775,-2.36186
48.776,-2.36188
48.777,-2.3619
48.778,-2.36191
48.779,-2.36193
48.78,-2.36195
48.781,-2.36197
48.782,-2.36198
48.783,-2.362
48.784,-2.36202
48.785,-2.36204
48.786,-2.36205
48.787,-2.36207
48.788,-2.36209
48.789,-2.36211
48.79,-2.36213
48.791,-2.36214
48.792,-2.36216
48.793,-2.36218
48.794,-2.3622
48.795,-2.36221
48.796,-2.36223
48.797,-2.36225
48.798,-2.36227
48.799,-2.36228
48.8,-2.3623
48.801,-2.36232
48.802,-2.36234
48.803,-2.36235
48.804,-2.36237
48.805,-2.36239
48.806,-2.36241
48.807,-2.36243
48.808,-2.36244
48.809,-2.36246
48.81,-2.36248
48.811,-2.3625
48.812,-2.36251
48.813,-2.36253
48.814,-2.36255
48.815,-2.36257
48.816,-2.36258
48.817,-2.3626
48.818,-2.36262
48.819,-2.36264
48.82,-2.36265
48.821,-2.36267
48.822,-2.36269
48.823,-2.36271
48.824,-2.36272
48.825,-2.36274
48.826,-2.36276
48.827,-2.36278
48.828,-2.36279
48.829,-2.36281
48.83,-2.36283
48.831,-2.36285
48.832,-2.36287
48.833,-2.36288
48.834,-2.3629
48.835,-2.36292
48.836,-2.36294
48.837,-2.36295
48.838,-2.36297
48.839,-2.36299
48.84,-2.36301
48.841,-2.36302
48.842,-2.36304
48.843,-2.36306
48.844,-2.36308
48.845,-2.36309
48.846,-2.36311
48.847,-2.36313
48.848,-2.36315
48.849,-2.36316
48.85,-2.36318
48.851,-2.3632
48.852,-2.36322
48.853,-2.36323
48.854,-2.36325
48.855,-2.36327
48.856,-2.36329
48.857,-2.3633
48.858,-2.36332
48.859,-2.36334
48.86,-2.36336
48.861,-2.36337
48.862,-2.36339
48.863,-2.36341
48.864,-2.36343
48.865,-2.36344
48.866,-2.36346
48.867,-2.36348
48.868,-2.3635
48.869,-2.36351
48.87,-2.36353
48.871,-2.36355
48.872,-2.36357
48.873,-2.36358
48.874,-2.3636
48.875,-2.36362
48.876,-2.36364
48.877,-2.36365
48.878,-2.36367
48.879,-2.36369
48.88,-2.36371
48.881,-2.36372
48.882,-2.36374
48.883,-2.36376
48.884,-2.36378
48.885,-2.36379
48.886,-2.36381
48.887,-2.36383
48.888,-2.36385
48.889,-2.36386
48.89,-2.36388
48.891,-2.3639
48.892,-2.36392
48.893,-2.36393
48.894,-2.36395
48.895,-2.36397
48.896,-2.36399
48.897,-2.364
48.898,-2.36402
48.899,-2.36404
48.9,-2.36406
48.901,-2.36407
48.902,-2.36409
48.903,-2.36411
48.904,-2.36413
48.905,-2.36414
48.906,-2.36416
48.907,-2.36418
48.908,-2.3642
48.909,-2.36421
48.91,-2.36423
48.911,-2.36425
48.912,-2.36427
48.913,-2.36428
48.914,-2.3643
48.915,-2.36432
48.916,-2.36434
48.917,-2.36435
48.918,-2.36437
48.919,-2.36439
48.92,-2.36441
48.921,-2.36442
48.922,-2.36444
48.923,-2.36446
48.924,-2.36448
48.925,-2.36449
48.926,-2.36451
48.927,-2.36453
48.928,-2.36455
48.929,-2.36456
48.93,-2.36458
48.931,-2.3646
48.932,-2.36462
48.933,-2.36463
48.934,-2.36465
48.935,-2.36467
48.936,-2.36468
48.937,-2.3647
48.938,-2.36472
48.939,-2.36474
48.94,-2.36475
48.941,-2.36477
48.942,-2.36479
48.943,-2.36481
48.944,-2.36482
48.945,-2.36484
48.946,-2.36486
48.947,-2.36488
48.948,-2.36489
48.949,-2.36491
48.95,-2.36493
48.951,-2.36495
48.952,-2.36496
48.953,-2.36498
48.954,-2.365
48.955,-2.36502
48.956,-2.36503
48.957,-2.36505
48.958,-2.36507
48.959,-2.36509
48.96,-2.3651
48.961,-2.36512
48.962,-2.36514
48.963,-2.36515
48.964,-2.36517
48.965,-2.36519
48.966,-2.36521
48.967,-2.36522
48.968,-2.36524
48.969,-2.36526
48.97,-2.36528
48.971,-2.36529
48.972,-2.36531
48.973,-2.36533
48.974,-2.36535
48.975,-2.36536
48.976,-2.36538
48.977,-2.3654
48.978,-2.36542
48.979,-2.36543
48.98,-2.36545
48.981,-2.36547
48.982,-2.36548
48.983,-2.3655
48.984,-2.36552
48.985,-2.36554
48.986,-2.36555
48.987,-2.36557
48.988,-2.36559
48.989,-2.36561
48.99,-2.36562
48.991,-2.36564
48.992,-2.36566
48.993,-2.36568
48.994,-2.36569
48.995,-2.36571
48.996,-2.36573
48.997,-2.36574
48.998,-2.36576
48.999,-2.36578
49,-2.3658
49.001,-2.36581
49.002,-2.36583
49.003,-2.36585
49.004,-2.36587
49.005,-2.36588
49.006,-2.3659
49.007,-2.36592
49.008,-2.36593
49.009,-2.36595
49.01,-2.36597
49.011,-2.36599
49.012,-2.366
49.013,-2.36602
49.014,-2.36604
49.015,-2.36606
49.016,-2.36607
49.017,-2.36609
49.018,-2.36611
49.019,-2.36613
49.02,-2.36614
49.021,-2.36616
49.022,-2.36618
49.023,-2.36619
49.024,-2.36621
49.025,-2.36623
49.026,-2.36625
49.027,-2.36626
49.028,-2.36628
49.029,-2.3663
49.03,-2.36632
49.031,-2.36633
49.032,-2.36635
49.033,-2.36637
49.034,-2.36638
49.035,-2.3664
49.036,-2.36642
49.037,-2.36644
49.038,-2.36645
49.039,-2.36647
49.04,-2.36649
49.041,-2.36651
49.042,-2.36652
49.043,-2.36654
49.044,-2.36656
49.045,-2.36657
49.046,-2.36659
49.047,-2.36661
49.048,-2.36663
49.049,-2.36664
49.05,-2.36666
49.051,-2.36668
49.052,-2.36669
49.053,-2.36671
49.054,-2.36673
49.055,-2.36675
49.056,-2.36676
49.057,-2.36678
49.058,-2.3668
49.059,-2.36682
49.06,-2.36683
49.061,-2.36685
49.062,-2.36687
49.063,-2.36688
49.064,-2.3669
49.065,-2.36692
49.066,-2.36694
49.067,-2.36695
49.068,-2.36697
49.069,-2.36699
49.07,-2.367
49.071,-2.36702
49.072,-2.36704
49.073,-2.36706
49.074,-2.36707
49.075,-2.36709
49.076,-2.36711
49.077,-2.36713
49.078,-2.36714
49.079,-2.36716
49.08,-2.36718
49.081,-2.36719
49.082,-2.36721
49.083,-2.36723
49.084,-2.36725
49.085,-2.36726
49.086,-2.36728
49.087,-2.3673
49.088,-2.36731
49.089,-2.36733
49.09,-2.36735
49.091,-2.36737
49.092,-2.36738
49.093,-2.3674
49.094,-2.36742
49.095,-2.36743
49.096,-2.36745
49.097,-2.36747
49.098,-2.36749
49.099,-2.3675
49.1,-2.36752
49.101,-2.36754
49.102,-2.36755
49.103,-2.36757
49.104,-2.36759
49.105,-2.36761
49.106,-2.36762
49.107,-2.36764
49.108,-2.36766
49.109,-2.36767
49.11,-2.36769
49.111,-2.36771
49.112,-2.36773
49.113,-2.36774
49.114,-2.36776
49.115,-2.36778
49.116,-2.36779
49.117,-2.36781
49.118,-2.36783
49.119,-2.36785
49.12,-2.36786
49.121,-2.36788
49.122,-2.3679
49.123,-2.36791
49.124,-2.36793
49.125,-2.36795
49.126,-2.36797
49.127,-2.36798
49.128,-2.368
49.129,-2.36802
49.13,-2.36803
49.131,-2.36805
49.132,-2.36807
49.133,-2.36809
49.134,-2.3681
49.135,-2.36812
49.136,-2.36814
49.137,-2.36815
49.138,-2.36817
49.139,-2.36819
49.14,-2.36821
49.141,-2.36822
49.142,-2.36824
49.143,-2.36826
49.144,-2.36827
49.145,-2.36829
49.146,-2.36831
49.147,-2.36832
49.148,-2.36834
49.149,-2.36836
49.15,-2.36838
49.151,-2.36839
49.152,-2.36841
49.153,-2.36843
49.154,-2.36844
49.155,-2.36846
49.156,-2.36848
49.157,-2.3685
49.158,-2.36851
49.159,-2.36853
49.16,-2.36855
49.161,-2.36856
49.162,-2.36858
49.163,-2.3686
49.164,-2.36862
49.165,-2.36863
49.166,-2.36865
49.167,-2.36867
49.168,-2.36868
49.169,-2.3687
49.17,-2.36872
49.171,-2.36873
49.172,-2.36875
49.173,-2.36877
49.174,-2.36879
49.175,-2.3688
49.176,-2.36882
49.177,-2.36884
49.178,-2.36885
49.179,-2.36887
49.18,-2.36889
49.181,-2.3689
49.182,-2.36892
49.183,-2.36894
49.184,-2.36896
49.185,-2.36897
49.186,-2.36899
49.187,-2.36901
49.188,-2.36902
49.189,-2.36904
49.19,-2.36906
49.191,-2.36908
49.192,-2.36909
49.193,-2.36911
49.194,-2.36913
49.195,-2.36914
49.196,-2.36916
49.197,-2.36918
49.198,-2.36919
49.199,-2.36921
49.2,-2.36923
49.201,-2.36925
49.202,-2.36926
49.203,-2.36928
49.204,-2.3693
49.205,-2.36931
49.206,-2.36933
49.207,-2.36935
49.208,-2.36936
49.209,-2.36938
49.21,-2.3694
49.211,-2.36941
49.212,-2.36943
49.213,-2.36945
49.214,-2.36947
49.215,-2.36948
49.216,-2.3695
49.217,-2.36952
49.218,-2.36953
49.219,-2.36955
49.22,-2.36957
49.221,-2.36958
49.222,-2.3696
49.223,-2.36962
49.224,-2.36964
49.225,-2.36965
49.226,-2.36967
49.227,-2.36969
49.228,-2.3697
49.229,-2.36972
49.23,-2.36974
49.231,-2.36975
49.232,-2.36977
49.233,-2.36979
49.234,-2.36981
49.235,-2.36982
49.236,-2.36984
49.237,-2.36986
49.238,-2.36987
49.239,-2.36989
49.24,-2.36991
49.241,-2.36992
49.242,-2.36994
49.243,-2.36996
49.244,-2.36997
49.245,-2.36999
49.246,-2.37001
49.247,-2.37003
49.248,-2.37004
49.249,-2.37006
49.25,-2.37008
49.251,-2.37009
49.252,-2.37011
49.253,-2.37013
49.254,-2.37014
49.255,-2.37016
49.256,-2.37018
49.257,-2.37019
49.258,-2.37021
49.259,-2.37023
49.26,-2.37025
49.261,-2.37026
49.262,-2.37028
49.263,-2.3703
49.264,-2.37031
49.265,-2.37033
49.266,-2.37035
49.267,-2.37036
49.268,-2.37038
49.269,-2.3704
49.27,-2.37041
49.271,-2.37043
49.272,-2.37045
49.273,-2.37046
49.274,-2.37048
49.275,-2.3705
49.276,-2.37052
49.277,-2.37053
49.278,-2.37055
49.279,-2.37057
49.28,-2.37058
49.281,-2.3706
49.282,-2.37062
49.283,-2.37063
49.284,-2.37065
49.285,-2.37067
49.286,-2.37068
49.287,-2.3707
49.288,-2.37072
49.289,-2.37073
49.29,-2.37075
49.291,-2.37077
49.292,-2.37079
49.293,-2.3708
49.294,-2.37082
49.295,-2.37084
49.296,-2.37085
49.297,-2.37087
49.298,-2.37089
49.299,-2.3709
49.3,-2.37092
49.301,-2.37094
49.302,-2.37095
49.303,-2.37097
49.304,-2.37099
49.305,-2.371
49.306,-2.37102
49.307,-2.37104
49.308,-2.37105
49.309,-2.37107
49.31,-2.37109
49.311,-2.37111
49.312,-2.37112
49.313,-2.37114
49.314,-2.37116
49.315,-2.37117
49.316,-2.37119
49.317,-2.37121
49.318,-2.37122
49.319,-2.37124
49.32,-2.37126
49.321,-2.37127
49.322,-2.37129
49.323,-2.37131
49.324,-2.37132
49.325,-2.37134
49.326,-2.37136
49.327,-2.37137
49.328,-2.37139
49.329,-2.37141
49.33,-2.37142
49.331,-2.37144
49.332,-2.37146
49.333,-2.37147
49.334,-2.37149
49.335,-2.37151
49.336,-2.37153
49.337,-2.37154
49.338,-2.37156
49.339,-2.37158
49.34,-2.37159
49.341,-2.37161
49.342,-2.37163
49.343,-2.37164
49.344,-2.37166
49.345,-2.37168
49.346,-2.37169
49.347,-2.37171
49.348,-2.37173
49.349,-2.37174
49.35,-2.37176
49.351,-2.37178
49.352,-2.37179
49.353,-2.37181
49.354,-2.37183
49.355,-2.37184
49.356,-2.37186
49.357,-2.37188
49.358,-2.37189
49.359,-2.37191
49.36,-2.37193
49.361,-2.37194
49.362,-2.37196
49.363,-2.37198
49.364,-2.37199
49.365,-2.37201
49.366,-2.37203
49.367,-2.37204
49.368,-2.37206
49.369,-2.37208
49.37,-2.37209
49.371,-2.37211
49.372,-2.37213
49.373,-2.37214
49.374,-2.37216
49.375,-2.37218
49.376,-2.37219
49.377,-2.37221
49.378,-2.37223
49.379,-2.37225
49.38,-2.37226
49.381,-2.37228
49.382,-2.3723
49.383,-2.37231
49.384,-2.37233
49.385,-2.37235
49.386,-2.37236
49.387,-2.37238
49.388,-2.3724
49.389,-2.37241
49.39,-2.37243
49.391,-2.37245
49.392,-2.37246
49.393,-2.37248
49.394,-2.3725
49.395,-2.37251
49.396,-2.37253
49.397,-2.37255
49.398,-2.37256
49.399,-2.37258
49.4,-2.3726
49.401,-2.37261
49.402,-2.37263
49.403,-2.37265
49.404,-2.37266
49.405,-2.37268
49.406,-2.3727
49.407,-2.37271
49.408,-2.37273
49.409,-2.37275
49.41,-2.37276
49.411,-2.37278
49.412,-2.3728
49.413,-2.37281
49.414,-2.37283
49.415,-2.37285
49.416,-2.37286
49.417,-2.37288
49.418,-2.3729
49.419,-2.37291
49.42,-2.37293
49.421,-2.37295
49.422,-2.37296
49.423,-2.37298
49.424,-2.373
49.425,-2.37301
49.426,-2.37303
49.427,-2.37305
49.428,-2.37306
49.429,-2.37308
49.43,-2.3731
49.431,-2.37311
49.432,-2.37313
49.433,-2.37315
49.434,-2.37316
49.435,-2.37318
49.436,-2.3732
49.437,-2.37321
49.438,-2.37323
49.439,-2.37324
49.44,-2.37326
49.441,-2.37328
49.442,-2.37329
49.443,-2.37331
49.444,-2.37333
49.445,-2.37334
49.446,-2.37336
49.447,-2.37338
49.448,-2.37339
49.449,-2.37341
49.45,-2.37343
49.451,-2.37344
49.452,-2.37346
49.453,-2.37348
49.454,-2.37349
49.455,-2.37351
49.456,-2.37353
49.457,-2.37354
49.458,-2.37356
49.459,-2.37358
49.46,-2.37359
49.461,-2.37361
49.462,-2.37363
49.463,-2.37364
49.464,-2.37366
49.465,-2.37368
49.466,-2.37369
49.467,-2.37371
49.468,-2.37373
49.469,-2.37374
49.47,-2.37376
49.471,-2.37378
49.472,-2.37379
49.473,-2.37381
49.474,-2.37383
49.475,-2.37384
49.476,-2.37386
49.477,-2.37388
49.478,-2.37389
49.479,-2.37391
49.48,-2.37392
49.481,-2.37394
49.482,-2.37396
49.483,-2.37397
49.484,-2.37399
49.485,-2.37401
49.486,-2.37402
49.487,-2.37404
49.488,-2.37406
49.489,-2.37407
49.49,-2.37409
49.491,-2.37411
49.492,-2.37412
49.493,-2.37414
49.494,-2.37416
49.495,-2.37417
49.496,-2.37419
49.497,-2.37421
49.498,-2.37422
49.499,-2.37424
49.5,-2.37426
49.501,-2.37427
49.502,-2.37429
49.503,-2.3743
49.504,-2.37432
49.505,-2.37434
49.506,-2.37435
49.507,-2.37437
49.508,-2.37439
49.509,-2.3744
49.51,-2.37442
49.511,-2.37444
49.512,-2.37445
49.513,-2.37447
49.514,-2.37449
49.515,-2.3745
49.516,-2.37452
49.517,-2.37454
49.518,-2.37455
49.519,-2.37457
49.52,-2.37459
49.521,-2.3746
49.522,-2.37462
49.523,-2.37463
49.524,-2.37465
49.525,-2.37467
49.526,-2.37468
49.527,-2.3747
49.528,-2.37472
49.529,-2.37473
49.53,-2.37475
49.531,-2.37477
49.532,-2.37478
49.533,-2.3748
49.534,-2.37482
49.535,-2.37483
49.536,-2.37485
49.537,-2.37487
49.538,-2.37488
49.539,-2.3749
49.54,-2.37491
49.541,-2.37493
49.542,-2.37495
49.543,-2.37496
49.544,-2.37498
49.545,-2.375
49.546,-2.37501
49.547,-2.37503
49.548,-2.37505
49.549,-2.37506
49.55,-2.37508
49.551,-2.3751
49.552,-2.37511
49.553,-2.37513
49.554,-2.37514
49.555,-2.37516
49.556,-2.37518
49.557,-2.37519
49.558,-2.37521
49.559,-2.37523
49.56,-2.37524
49.561,-2.37526
49.562,-2.37528
49.563,-2.37529
49.564,-2.37531
49.565,-2.37533
49.566,-2.37534
49.567,-2.37536
49.568,-2.37537
49.569,-2.37539
49.57,-2.37541
49.571,-2.37542
49.572,-2.37544
49.573,-2.37546
49.574,-2.37547
49.575,-2.37549
49.576,-2.37551
49.577,-2.37552
49.578,-2.37554
49.579,-2.37555
49.58,-2.37557
49.581,-2.37559
49.582,-2.3756
49.583,-2.37562
49.584,-2.37564
49.585,-2.37565
49.586,-2.37567
49.587,-2.37569
49.588,-2.3757
49.589,-2.37572
49.59,-2.37573
49.591,-2.37575
49.592,-2.37577
49.593,-2.37578
49.594,-2.3758
49.595,-2.37582
49.596,-2.37583
49.597,-2.37585
49.598,-2.37587
49.599,-2.37588
49.6,-2.3759
49.601,-2.37591
49.602,-2.37593
49.603,-2.37595
49.604,-2.37596
49.605,-2.37598
49.606,-2.376
49.607,-2.37601
49.608,-2.37603
49.609,-2.37605
49.61,-2.37606
49.611,-2.37608
49.612,-2.37609
49.613,-2.37611
49.614,-2.37613
49.615,-2.37614
49.616,-2.37616
49.617,-2.37618
49.618,-2.37619
49.619,-2.37621
49.62,-2.37623
49.621,-2.37624
49.622,-2.37626
49.623,-2.37627
49.624,-2.37629
49.625,-2.37631
49.626,-2.37632
49.627,-2.37634
49.628,-2.37636
49.629,-2.37637
49.63,-2.37639
49.631,-2.3764
49.632,-2.37642
49.633,-2.37644
49.634,-2.37645
49.635,-2.37647
49.636,-2.37649
49.637,-2.3765
49.638,-2.37652
49.639,-2.37653
49.64,-2.37655
49.641,-2.37657
49.642,-2.37658
49.643,-2.3766
49.644,-2.37662
49.645,-2.37663
49.646,-2.37665
49.647,-2.37667
49.648,-2.37668
49.649,-2.3767
49.65,-2.37671
49.651,-2.37673
49.652,-2.37675
49.653,-2.37676
49.654,-2.37678
49.655,-2.3768
49.656,-2.37681
49.657,-2.37683
49.658,-2.37684
49.659,-2.37686
49.66,-2.37688
49.661,-2.37689
49.662,-2.37691
49.663,-2.37693
49.664,-2.37694
49.665,-2.37696
49.666,-2.37697
49.667,-2.37699
49.668,-2.37701
49.669,-2.37702
49.67,-2.37704
49.671,-2.37706
49.672,-2.37707
49.673,-2.37709
49.674,-2.3771
49.675,-2.37712
49.676,-2.37714
49.677,-2.37715
49.678,-2.37717
49.679,-2.37719
49.68,-2.3772
49.681,-2.37722
49.682,-2.37723
49.683,-2.37725
49.684,-2.37727
49.685,-2.37728
49.686,-2.3773
49.687,-2.37731
49.688,-2.37733
49.689,-2.37735
49.69,-2.37736
49.691,-2.37738
49.692,-2.3774
49.693,-2.37741
49.694,-2.37743
49.695,-2.37744
49.696,-2.37746
49.697,-2.37748
49.698,-2.37749
49.699,-2.37751
49.7,-2.37753
49.701,-2.37754
49.702,-2.37756
49.703,-2.37757
49.704,-2.37759
49.705,-2.37761
49.706,-2.37762
49.707,-2.37764
49.708,-2.37765
49.709,-2.37767
49.71,-2.37769
49.711,-2.3777
49.712,-2.37772
49.713,-2.37774
49.714,-2.37775
49.715,-2.37777
49.716,-2.37778
49.717,-2.3778
49.718,-2.37782
49.719,-2.37783
49.72,-2.37785
49.721,-2.37787
49.722,-2.37788
49.723,-2.3779
49.724,-2.37791
49.725,-2.37793
49.726,-2.37795
49.727,-2.37796
49.728,-2.37798
49.729,-2.37799
49.73,-2.37801
49.731,-2.37803
49.732,-2.37804
49.733,-2.37806
49.734,-2.37807
49.735,-2.37809
49.736,-2.37811
49.737,-2.37812
49.738,-2.37814
49.739,-2.37816
49.74,-2.37817
49.741,-2.37819
49.742,-2.3782
49.743,-2.37822
49.744,-2.37824
49.745,-2.37825
49.746,-2.37827
49.747,-2.37828
49.748,-2.3783
49.749,-2.37832
49.75,-2.37833
49.751,-2.37835
49.752,-2.37837
49.753,-2.37838
49.754,-2.3784
49.755,-2.37841
49.756,-2.37843
49.757,-2.37845
49.758,-2.37846
49.759,-2.37848
49.76,-2.37849
49.761,-2.37851
49.762,-2.37853
49.763,-2.37854
49.764,-2.37856
49.765,-2.37857
49.766,-2.37859
49.767,-2.37861
49.768,-2.37862
49.769,-2.37864
49.77,-2.37865
49.771,-2.37867
49.772,-2.37869
49.773,-2.3787
49.774,-2.37872
49.775,-2.37873
49.776,-2.37875
49.777,-2.37877
49.778,-2.37878
49.779,-2.3788
49.78,-2.37882
49.781,-2.37883
49.782,-2.37885
49.783,-2.37886
49.784,-2.37888
49.785,-2.3789
49.786,-2.37891
49.787,-2.37893
49.788,-2.37894
49.789,-2.37896
49.79,-2.37898
49.791,-2.37899
49.792,-2.37901
49.793,-2.37902
49.794,-2.37904
49.795,-2.37906
49.796,-2.37907
49.797,-2.37909
49.798,-2.3791
49.799,-2.37912
49.8,-2.37914
49.801,-2.37915
49.802,-2.37917
49.803,-2.37918
49.804,-2.3792
49.805,-2.37922
49.806,-2.37923
49.807,-2.37925
49.808,-2.37926
49.809,-2.37928
49.81,-2.3793
49.811,-2.37931
49.812,-2.37933
49.813,-2.37934
49.814,-2.37936
49.815,-2.37938
49.816,-2.37939
49.817,-2.37941
49.818,-2.37942
49.819,-2.37944
49.82,-2.37946
49.821,-2.37947
49.822,-2.37949
49.823,-2.3795
49.824,-2.37952
49.825,-2.37954
49.826,-2.37955
49.827,-2.37957
49.828,-2.37958
49.829,-2.3796
49.83,-2.37962
49.831,-2.37963
49.832,-2.37965
49.833,-2.37966
49.834,-2.37968
49.835,-2.3797
49.836,-2.37971
49.837,-2.37973
49.838,-2.37974
49.839,-2.37976
49.84,-2.37978
49.841,-2.37979
49.842,-2.37981
49.843,-2.37982
49.844,-2.37984
49.845,-2.37986
49.846,-2.37987
49.847,-2.37989
49.848,-2.3799
49.849,-2.37992
49.85,-2.37994
49.851,-2.37995
49.852,-2.37997
49.853,-2.37998
49.854,-2.38
49.855,-2.38001
49.856,-2.38003
49.857,-2.38005
49.858,-2.38006
49.859,-2.38008
49.86,-2.38009
49.861,-2.38011
49.862,-2.38013
49.863,-2.38014
49.864,-2.38016
49.865,-2.38017
49.866,-2.38019
49.867,-2.38021
49.868,-2.38022
49.869,-2.38024
49.87,-2.38025
49.871,-2.38027
49.872,-2.38029
49.873,-2.3803
49.874,-2.38032
49.875,-2.38033
49.876,-2.38035
49.877,-2.38036
49.878,-2.38038
49.879,-2.3804
49.88,-2.38041
49.881,-2.38043
49.882,-2.38044
49.883,-2.38046
49.884,-2.38048
49.885,-2.38049
49.886,-2.38051
49.887,-2.38052
49.888,-2.38054
49.889,-2.38056
49.89,-2.38057
49.891,-2.38059
49.892,-2.3806
49.893,-2.38062
49.894,-2.38063
49.895,-2.38065
49.896,-2.38067
49.897,-2.38068
49.898,-2.3807
49.899,-2.38071
49.9,-2.38073
49.901,-2.38075
49.902,-2.38076
49.903,-2.38078
49.904,-2.38079
49.905,-2.38081
49.906,-2.38083
49.907,-2.38084
49.908,-2.38086
49.909,-2.38087
49.91,-2.38089
49.911,-2.3809
49.912,-2.38092
49.913,-2.38094
49.914,-2.38095
49.915,-2.38097
49.916,-2.38098
49.917,-2.381
49.918,-2.38102
49.919,-2.38103
49.92,-2.38105
49.921,-2.38106
49.922,-2.38108
49.923,-2.38109
49.924,-2.38111
49.925,-2.38113
49.926,-2.38114
49.927,-2.38116
49.928,-2.38117
49.929,-2.38119
49.93,-2.38121
49.931,-2.38122
49.932,-2.38124
49.933,-2.38125
49.934,-2.38127
49.935,-2.38128
49.936,-2.3813
49.937,-2.38132
49.938,-2.38133
49.939,-2.38135
49.94,-2.38136
49.941,-2.38138
49.942,-2.38139
49.943,-2.38141
49.944,-2.38143
49.945,-2.38144
49.946,-2.38146
49.947,-2.38147
49.948,-2.38149
49.949,-2.38151
49.95,-2.38152
49.951,-2.38154
49.952,-2.38155
49.953,-2.38157
49.954,-2.38158
49.955,-2.3816
49.956,-2.38162
49.957,-2.38163
49.958,-2.38165
49.959,-2.38166
49.96,-2.38168
49.961,-2.38169
49.962,-2.38171
49.963,-2.38173
49.964,-2.38174
49.965,-2.38176
49.966,-2.38177
49.967,-2.38179
49.968,-2.3818
49.969,-2.38182
49.97,-2.38184
49.971,-2.38185
49.972,-2.38187
49.973,-2.38188
49.974,-2.3819
49.975,-2.38191
49.976,-2.38193
49.977,-2.38195
49.978,-2.38196
49.979,-2.38198
49.98,-2.38199
49.981,-2.38201
49.982,-2.38203
49.983,-2.38204
49.984,-2.38206
49.985,-2.38207
49.986,-2.38209
49.987,-2.3821
49.988,-2.38212
49.989,-2.38214
49.99,-2.38215
49.991,-2.38217
49.992,-2.38218
49.993,-2.3822
49.994,-2.38221
49.995,-2.38223
49.996,-2.38224
49.997,-2.38226
49.998,-2.38228
49.999,-2.38229
50,-2.38231
